Time [s], Packet ID, LED Index, Red, Green, Blue, Web-CSS
0.006146520000000,0,0,0x7E,0x00,0x00,#7e0000
0.006174210000000,0,1,0x00,0x00,0x00,#000000
0.006201910000000,0,2,0x00,0x00,0x00,#000000
0.006229600000000,0,3,0x00,0x00,0x00,#000000
0.006257290000000,0,4,0x00,0x00,0x00,#000000
0.006284980000000,0,5,0x00,0x00,0x00,#000000
0.006312680000000,0,6,0x00,0x00,0x00,#000000
0.006340370000000,0,7,0x00,0x00,0x00,#000000
0.006368060000000,0,8,0x00,0x00,0x00,#000000
0.006395760000000,0,9,0x00,0x00,0x00,#000000
0.006423450000000,0,10,0x00,0x00,0x00,#000000
0.006451140000000,0,11,0x00,0x00,0x00,#000000
0.006478830000000,0,12,0x00,0x00,0x00,#000000
0.006506530000000,0,13,0x00,0x00,0x00,#000000
0.006534220000000,0,14,0x00,0x00,0x00,#000000
0.006561920000000,0,15,0x00,0x00,0x00,#000000
0.017254070000000,0,0,0x7E,0x00,0x00,#7e0000
0.017281750000000,0,1,0x00,0x00,0x00,#000000
0.017309450000000,0,2,0x00,0x00,0x00,#000000
0.017337140000000,0,3,0x00,0x00,0x00,#000000
0.017364840000000,0,4,0x00,0x00,0x00,#000000
0.017392530000000,0,5,0x00,0x00,0x00,#000000
0.017420220000000,0,6,0x00,0x00,0x00,#000000
0.017447910000000,0,7,0x00,0x00,0x00,#000000
0.017475610000000,0,8,0x00,0x00,0x00,#000000
0.017503300000000,0,9,0x00,0x00,0x00,#000000
0.017530990000000,0,10,0x00,0x00,0x00,#000000
0.017558690000000,0,11,0x00,0x00,0x00,#000000
0.017586380000000,0,12,0x00,0x00,0x00,#000000
0.017614080000000,0,13,0x00,0x00,0x00,#000000
0.017641760000000,0,14,0x00,0x00,0x00,#000000
0.017669460000000,0,15,0x00,0x00,0x00,#000000
0.028242960000000,0,0,0x7E,0x00,0x00,#7e0000
0.028270640000000,0,1,0x00,0x00,0x00,#000000
0.028298340000000,0,2,0x00,0x00,0x00,#000000
0.028326030000000,0,3,0x00,0x00,0x00,#000000
0.028353730000000,0,4,0x00,0x00,0x00,#000000
0.028381410000000,0,5,0x00,0x00,0x00,#000000
0.028409110000000,0,6,0x00,0x00,0x00,#000000
0.028436800000000,0,7,0x00,0x00,0x00,#000000
0.028464500000000,0,8,0x00,0x00,0x00,#000000
0.028492190000000,0,9,0x00,0x00,0x00,#000000
0.028519880000000,0,10,0x00,0x00,0x00,#000000
0.028547570000000,0,11,0x00,0x00,0x00,#000000
0.028575270000000,0,12,0x00,0x00,0x00,#000000
0.028602960000000,0,13,0x00,0x00,0x00,#000000
0.028630650000000,0,14,0x00,0x00,0x00,#000000
0.028658350000000,0,15,0x00,0x00,0x00,#000000
0.039147370000000,0,0,0x7E,0x00,0x00,#7e0000
0.039175060000000,0,1,0x00,0x00,0x00,#000000
0.039202750000000,0,2,0x00,0x00,0x00,#000000
0.039230440000000,0,3,0x00,0x00,0x00,#000000
0.039258140000000,0,4,0x00,0x00,0x00,#000000
0.039285830000000,0,5,0x00,0x00,0x00,#000000
0.039313530000000,0,6,0x00,0x00,0x00,#000000
0.039341210000000,0,7,0x00,0x00,0x00,#000000
0.039368910000000,0,8,0x00,0x00,0x00,#000000
0.039396600000000,0,9,0x00,0x00,0x00,#000000
0.039424300000000,0,10,0x00,0x00,0x00,#000000
0.039451990000000,0,11,0x00,0x00,0x00,#000000
0.039479680000000,0,12,0x00,0x00,0x00,#000000
0.039507380000000,0,13,0x00,0x00,0x00,#000000
0.039535070000000,0,14,0x00,0x00,0x00,#000000
0.039562760000000,0,15,0x00,0x00,0x00,#000000
0.050257600000000,0,0,0x7E,0x00,0x00,#7e0000
0.050285300000000,0,1,0x00,0x00,0x00,#000000
0.050312990000000,0,2,0x00,0x00,0x00,#000000
0.050340680000000,0,3,0x00,0x00,0x00,#000000
0.050368370000000,0,4,0x00,0x00,0x00,#000000
0.050396070000000,0,5,0x00,0x00,0x00,#000000
0.050423760000000,0,6,0x00,0x00,0x00,#000000
0.050451460000000,0,7,0x00,0x00,0x00,#000000
0.050479150000000,0,8,0x00,0x00,0x00,#000000
0.050506840000000,0,9,0x00,0x00,0x00,#000000
0.050534530000000,0,10,0x00,0x00,0x00,#000000
0.050562230000000,0,11,0x00,0x00,0x00,#000000
0.050589920000000,0,12,0x00,0x00,0x00,#000000
0.050617610000000,0,13,0x00,0x00,0x00,#000000
0.050645300000000,0,14,0x00,0x00,0x00,#000000
0.050673000000000,0,15,0x00,0x00,0x00,#000000
0.061240000000000,0,0,0x7E,0x00,0x00,#7e0000
0.061267700000000,0,1,0x00,0x00,0x00,#000000
0.061295380000000,0,2,0x00,0x00,0x00,#000000
0.061323080000000,0,3,0x00,0x00,0x00,#000000
0.061350770000000,0,4,0x00,0x00,0x00,#000000
0.061378470000000,0,5,0x00,0x00,0x00,#000000
0.061406160000000,0,6,0x00,0x00,0x00,#000000
0.061433850000000,0,7,0x00,0x00,0x00,#000000
0.061461550000000,0,8,0x00,0x00,0x00,#000000
0.061489240000000,0,9,0x00,0x00,0x00,#000000
0.061516930000000,0,10,0x00,0x00,0x00,#000000
0.061544620000000,0,11,0x00,0x00,0x00,#000000
0.061572320000000,0,12,0x00,0x00,0x00,#000000
0.061600010000000,0,13,0x00,0x00,0x00,#000000
0.061627710000000,0,14,0x00,0x00,0x00,#000000
0.061655390000000,0,15,0x00,0x00,0x00,#000000
0.072148890000000,0,0,0x7E,0x00,0x00,#7e0000
0.072176580000000,0,1,0x00,0x00,0x00,#000000
0.072204270000000,0,2,0x00,0x00,0x00,#000000
0.072231970000000,0,3,0x00,0x00,0x00,#000000
0.072259660000000,0,4,0x00,0x00,0x00,#000000
0.072287360000000,0,5,0x00,0x00,0x00,#000000
0.072315040000000,0,6,0x00,0x00,0x00,#000000
0.072342740000000,0,7,0x00,0x00,0x00,#000000
0.072370430000000,0,8,0x00,0x00,0x00,#000000
0.072398130000000,0,9,0x00,0x00,0x00,#000000
0.072425810000000,0,10,0x00,0x00,0x00,#000000
0.072453510000000,0,11,0x00,0x00,0x00,#000000
0.072481200000000,0,12,0x00,0x00,0x00,#000000
0.072508900000000,0,13,0x00,0x00,0x00,#000000
0.072536590000000,0,14,0x00,0x00,0x00,#000000
0.072564280000000,0,15,0x00,0x00,0x00,#000000
0.083259840000000,0,0,0x7E,0x00,0x00,#7e0000
0.083287540000000,0,1,0x00,0x00,0x00,#000000
0.083315230000000,0,2,0x00,0x00,0x00,#000000
0.083342930000000,0,3,0x00,0x00,0x00,#000000
0.083370620000000,0,4,0x00,0x00,0x00,#000000
0.083398310000000,0,5,0x00,0x00,0x00,#000000
0.083426000000000,0,6,0x00,0x00,0x00,#000000
0.083453700000000,0,7,0x00,0x00,0x00,#000000
0.083481390000000,0,8,0x00,0x00,0x00,#000000
0.083509080000000,0,9,0x00,0x00,0x00,#000000
0.083536780000000,0,10,0x00,0x00,0x00,#000000
0.083564470000000,0,11,0x00,0x00,0x00,#000000
0.083592160000000,0,12,0x00,0x00,0x00,#000000
0.083619850000000,0,13,0x00,0x00,0x00,#000000
0.083647550000000,0,14,0x00,0x00,0x00,#000000
0.083675240000000,0,15,0x00,0x00,0x00,#000000
0.094240510000000,0,0,0x7E,0x00,0x00,#7e0000
0.094268210000000,0,1,0x00,0x00,0x00,#000000
0.094295900000000,0,2,0x00,0x00,0x00,#000000
0.094323590000000,0,3,0x00,0x00,0x00,#000000
0.094351280000000,0,4,0x00,0x00,0x00,#000000
0.094378980000000,0,5,0x00,0x00,0x00,#000000
0.094406670000000,0,6,0x00,0x00,0x00,#000000
0.094434360000000,0,7,0x00,0x00,0x00,#000000
0.094462060000000,0,8,0x00,0x00,0x00,#000000
0.094489750000000,0,9,0x00,0x00,0x00,#000000
0.094517440000000,0,10,0x00,0x00,0x00,#000000
0.094545130000000,0,11,0x00,0x00,0x00,#000000
0.094572830000000,0,12,0x00,0x00,0x00,#000000
0.094600520000000,0,13,0x00,0x00,0x00,#000000
0.094628220000000,0,14,0x00,0x00,0x00,#000000
0.094655910000000,0,15,0x00,0x00,0x00,#000000
0.105149060000000,0,0,0x7E,0x00,0x00,#7e0000
0.105176760000000,0,1,0x00,0x00,0x00,#000000
0.105204450000000,0,2,0x00,0x00,0x00,#000000
0.105232140000000,0,3,0x00,0x00,0x00,#000000
0.105259830000000,0,4,0x00,0x00,0x00,#000000
0.105287530000000,0,5,0x00,0x00,0x00,#000000
0.105315220000000,0,6,0x00,0x00,0x00,#000000
0.105342910000000,0,7,0x00,0x00,0x00,#000000
0.105370600000000,0,8,0x00,0x00,0x00,#000000
0.105398300000000,0,9,0x00,0x00,0x00,#000000
0.105425990000000,0,10,0x00,0x00,0x00,#000000
0.105453690000000,0,11,0x00,0x00,0x00,#000000
0.105481380000000,0,12,0x00,0x00,0x00,#000000
0.105509070000000,0,13,0x00,0x00,0x00,#000000
0.105536770000000,0,14,0x00,0x00,0x00,#000000
0.105564460000000,0,15,0x00,0x00,0x00,#000000
0.116252810000000,0,0,0x7E,0x00,0x00,#7e0000
0.116280500000000,0,1,0x00,0x00,0x00,#000000
0.116308190000000,0,2,0x00,0x00,0x00,#000000
0.116335890000000,0,3,0x00,0x00,0x00,#000000
0.116363580000000,0,4,0x00,0x00,0x00,#000000
0.116391280000000,0,5,0x00,0x00,0x00,#000000
0.116418970000000,0,6,0x00,0x00,0x00,#000000
0.116446660000000,0,7,0x00,0x00,0x00,#000000
0.116474350000000,0,8,0x00,0x00,0x00,#000000
0.116502050000000,0,9,0x00,0x00,0x00,#000000
0.116529740000000,0,10,0x00,0x00,0x00,#000000
0.116557430000000,0,11,0x00,0x00,0x00,#000000
0.116585120000000,0,12,0x00,0x00,0x00,#000000
0.116612820000000,0,13,0x00,0x00,0x00,#000000
0.116640510000000,0,14,0x00,0x00,0x00,#000000
0.116668200000000,0,15,0x00,0x00,0x00,#000000
0.127253520000000,0,0,0x7E,0x00,0x00,#7e0000
0.127281220000000,0,1,0x00,0x00,0x00,#000000
0.127308910000000,0,2,0x00,0x00,0x00,#000000
0.127336600000000,0,3,0x00,0x00,0x00,#000000
0.127364300000000,0,4,0x00,0x00,0x00,#000000
0.127391990000000,0,5,0x00,0x00,0x00,#000000
0.127419680000000,0,6,0x00,0x00,0x00,#000000
0.127447380000000,0,7,0x00,0x00,0x00,#000000
0.127475070000000,0,8,0x00,0x00,0x00,#000000
0.127502760000000,0,9,0x00,0x00,0x00,#000000
0.127530460000000,0,10,0x00,0x00,0x00,#000000
0.127558150000000,0,11,0x00,0x00,0x00,#000000
0.127585840000000,0,12,0x00,0x00,0x00,#000000
0.127613530000000,0,13,0x00,0x00,0x00,#000000
0.127641230000000,0,14,0x00,0x00,0x00,#000000
0.127668920000000,0,15,0x00,0x00,0x00,#000000
0.138149910000000,0,0,0x7E,0x00,0x00,#7e0000
0.138177600000000,0,1,0x00,0x00,0x00,#000000
0.138205300000000,0,2,0x00,0x00,0x00,#000000
0.138232990000000,0,3,0x00,0x00,0x00,#000000
0.138260680000000,0,4,0x00,0x00,0x00,#000000
0.138288380000000,0,5,0x00,0x00,0x00,#000000
0.138316070000000,0,6,0x00,0x00,0x00,#000000
0.138343760000000,0,7,0x00,0x00,0x00,#000000
0.138371450000000,0,8,0x00,0x00,0x00,#000000
0.138399150000000,0,9,0x00,0x00,0x00,#000000
0.138426840000000,0,10,0x00,0x00,0x00,#000000
0.138454540000000,0,11,0x00,0x00,0x00,#000000
0.138482220000000,0,12,0x00,0x00,0x00,#000000
0.138509920000000,0,13,0x00,0x00,0x00,#000000
0.138537610000000,0,14,0x00,0x00,0x00,#000000
0.138565310000000,0,15,0x00,0x00,0x00,#000000
0.149256590000000,0,0,0x7E,0x00,0x00,#7e0000
0.149284280000000,0,1,0x00,0x00,0x00,#000000
0.149311980000000,0,2,0x00,0x00,0x00,#000000
0.149339670000000,0,3,0x00,0x00,0x00,#000000
0.149367360000000,0,4,0x00,0x00,0x00,#000000
0.149395060000000,0,5,0x00,0x00,0x00,#000000
0.149422750000000,0,6,0x00,0x00,0x00,#000000
0.149450440000000,0,7,0x00,0x00,0x00,#000000
0.149478130000000,0,8,0x00,0x00,0x00,#000000
0.149505830000000,0,9,0x00,0x00,0x00,#000000
0.149533520000000,0,10,0x00,0x00,0x00,#000000
0.149561220000000,0,11,0x00,0x00,0x00,#000000
0.149588900000000,0,12,0x00,0x00,0x00,#000000
0.149616600000000,0,13,0x00,0x00,0x00,#000000
0.149644290000000,0,14,0x00,0x00,0x00,#000000
0.149671990000000,0,15,0x00,0x00,0x00,#000000
0.160245820000000,0,0,0x7E,0x00,0x00,#7e0000
0.160273510000000,0,1,0x00,0x00,0x00,#000000
0.160301200000000,0,2,0x00,0x00,0x00,#000000
0.160328890000000,0,3,0x00,0x00,0x00,#000000
0.160356590000000,0,4,0x00,0x00,0x00,#000000
0.160384280000000,0,5,0x00,0x00,0x00,#000000
0.160411980000000,0,6,0x00,0x00,0x00,#000000
0.160439660000000,0,7,0x00,0x00,0x00,#000000
0.160467360000000,0,8,0x00,0x00,0x00,#000000
0.160495050000000,0,9,0x00,0x00,0x00,#000000
0.160522750000000,0,10,0x00,0x00,0x00,#000000
0.160550440000000,0,11,0x00,0x00,0x00,#000000
0.160578130000000,0,12,0x00,0x00,0x00,#000000
0.160605820000000,0,13,0x00,0x00,0x00,#000000
0.160633520000000,0,14,0x00,0x00,0x00,#000000
0.160661210000000,0,15,0x00,0x00,0x00,#000000
0.171150760000000,0,0,0x7E,0x00,0x00,#7e0000
0.171178450000000,0,1,0x00,0x00,0x00,#000000
0.171206150000000,0,2,0x00,0x00,0x00,#000000
0.171233840000000,0,3,0x00,0x00,0x00,#000000
0.171261530000000,0,4,0x00,0x00,0x00,#000000
0.171289220000000,0,5,0x00,0x00,0x00,#000000
0.171316920000000,0,6,0x00,0x00,0x00,#000000
0.171344610000000,0,7,0x00,0x00,0x00,#000000
0.171372300000000,0,8,0x00,0x00,0x00,#000000
0.171400000000000,0,9,0x00,0x00,0x00,#000000
0.171427690000000,0,10,0x00,0x00,0x00,#000000
0.171455380000000,0,11,0x00,0x00,0x00,#000000
0.171483070000000,0,12,0x00,0x00,0x00,#000000
0.171510770000000,0,13,0x00,0x00,0x00,#000000
0.171538460000000,0,14,0x00,0x00,0x00,#000000
0.171566160000000,0,15,0x00,0x00,0x00,#000000
0.182261670000000,0,0,0x7E,0x00,0x00,#7e0000
0.182289360000000,0,1,0x00,0x00,0x00,#000000
0.182317060000000,0,2,0x00,0x00,0x00,#000000
0.182344750000000,0,3,0x00,0x00,0x00,#000000
0.182372440000000,0,4,0x00,0x00,0x00,#000000
0.182400130000000,0,5,0x00,0x00,0x00,#000000
0.182427830000000,0,6,0x00,0x00,0x00,#000000
0.182455520000000,0,7,0x00,0x00,0x00,#000000
0.182483210000000,0,8,0x00,0x00,0x00,#000000
0.182510910000000,0,9,0x00,0x00,0x00,#000000
0.182538600000000,0,10,0x00,0x00,0x00,#000000
0.182566290000000,0,11,0x00,0x00,0x00,#000000
0.182593980000000,0,12,0x00,0x00,0x00,#000000
0.182621680000000,0,13,0x00,0x00,0x00,#000000
0.182649370000000,0,14,0x00,0x00,0x00,#000000
0.182677070000000,0,15,0x00,0x00,0x00,#000000
0.193247090000000,0,0,0x7E,0x00,0x00,#7e0000
0.193274790000000,0,1,0x00,0x00,0x00,#000000
0.193302480000000,0,2,0x00,0x00,0x00,#000000
0.193330170000000,0,3,0x00,0x00,0x00,#000000
0.193357870000000,0,4,0x00,0x00,0x00,#000000
0.193385560000000,0,5,0x00,0x00,0x00,#000000
0.193413250000000,0,6,0x00,0x00,0x00,#000000
0.193440950000000,0,7,0x00,0x00,0x00,#000000
0.193468640000000,0,8,0x00,0x00,0x00,#000000
0.193496330000000,0,9,0x00,0x00,0x00,#000000
0.193524030000000,0,10,0x00,0x00,0x00,#000000
0.193551720000000,0,11,0x00,0x00,0x00,#000000
0.193579410000000,0,12,0x00,0x00,0x00,#000000
0.193607100000000,0,13,0x00,0x00,0x00,#000000
0.193634800000000,0,14,0x00,0x00,0x00,#000000
0.193662490000000,0,15,0x00,0x00,0x00,#000000
0.204151610000000,0,0,0x7E,0x00,0x00,#7e0000
0.204179300000000,0,1,0x00,0x00,0x00,#000000
0.204206990000000,0,2,0x00,0x00,0x00,#000000
0.204234680000000,0,3,0x00,0x00,0x00,#000000
0.204262380000000,0,4,0x00,0x00,0x00,#000000
0.204290070000000,0,5,0x00,0x00,0x00,#000000
0.204317770000000,0,6,0x00,0x00,0x00,#000000
0.204345450000000,0,7,0x00,0x00,0x00,#000000
0.204373150000000,0,8,0x00,0x00,0x00,#000000
0.204400840000000,0,9,0x00,0x00,0x00,#000000
0.204428540000000,0,10,0x00,0x00,0x00,#000000
0.204456230000000,0,11,0x00,0x00,0x00,#000000
0.204483920000000,0,12,0x00,0x00,0x00,#000000
0.204511620000000,0,13,0x00,0x00,0x00,#000000
0.204539310000000,0,14,0x00,0x00,0x00,#000000
0.204567000000000,0,15,0x00,0x00,0x00,#000000
0.215252850000000,0,0,0x7E,0x00,0x00,#7e0000
0.215280550000000,0,1,0x00,0x00,0x00,#000000
0.215308240000000,0,2,0x00,0x00,0x00,#000000
0.215335930000000,0,3,0x00,0x00,0x00,#000000
0.215363630000000,0,4,0x00,0x00,0x00,#000000
0.215391320000000,0,5,0x00,0x00,0x00,#000000
0.215419010000000,0,6,0x00,0x00,0x00,#000000
0.215446700000000,0,7,0x00,0x00,0x00,#000000
0.215474400000000,0,8,0x00,0x00,0x00,#000000
0.215502090000000,0,9,0x00,0x00,0x00,#000000
0.215529790000000,0,10,0x00,0x00,0x00,#000000
0.215557470000000,0,11,0x00,0x00,0x00,#000000
0.215585170000000,0,12,0x00,0x00,0x00,#000000
0.215612860000000,0,13,0x00,0x00,0x00,#000000
0.215640560000000,0,14,0x00,0x00,0x00,#000000
0.215668250000000,0,15,0x00,0x00,0x00,#000000
0.226251840000000,0,0,0x7E,0x00,0x00,#7e0000
0.226279530000000,0,1,0x00,0x00,0x00,#000000
0.226307220000000,0,2,0x00,0x00,0x00,#000000
0.226334920000000,0,3,0x00,0x00,0x00,#000000
0.226362610000000,0,4,0x00,0x00,0x00,#000000
0.226390300000000,0,5,0x00,0x00,0x00,#000000
0.226418000000000,0,6,0x00,0x00,0x00,#000000
0.226445690000000,0,7,0x00,0x00,0x00,#000000
0.226473380000000,0,8,0x00,0x00,0x00,#000000
0.226501070000000,0,9,0x00,0x00,0x00,#000000
0.226528770000000,0,10,0x00,0x00,0x00,#000000
0.226556460000000,0,11,0x00,0x00,0x00,#000000
0.226584150000000,0,12,0x00,0x00,0x00,#000000
0.226611850000000,0,13,0x00,0x00,0x00,#000000
0.226639540000000,0,14,0x00,0x00,0x00,#000000
0.226667230000000,0,15,0x00,0x00,0x00,#000000
0.237258660000000,0,0,0x7E,0x00,0x00,#7e0000
0.237286350000000,0,1,0x00,0x00,0x00,#000000
0.237314050000000,0,2,0x00,0x00,0x00,#000000
0.237341740000000,0,3,0x00,0x00,0x00,#000000
0.237369430000000,0,4,0x00,0x00,0x00,#000000
0.237397120000000,0,5,0x00,0x00,0x00,#000000
0.237424820000000,0,6,0x00,0x00,0x00,#000000
0.237452510000000,0,7,0x00,0x00,0x00,#000000
0.237480210000000,0,8,0x00,0x00,0x00,#000000
0.237507890000000,0,9,0x00,0x00,0x00,#000000
0.237535590000000,0,10,0x00,0x00,0x00,#000000
0.237563280000000,0,11,0x00,0x00,0x00,#000000
0.237590980000000,0,12,0x00,0x00,0x00,#000000
0.237618670000000,0,13,0x00,0x00,0x00,#000000
0.237646360000000,0,14,0x00,0x00,0x00,#000000
0.237674050000000,0,15,0x00,0x00,0x00,#000000
0.248259860000000,0,0,0x7E,0x00,0x00,#7e0000
0.248287550000000,0,1,0x00,0x00,0x00,#000000
0.248315240000000,0,2,0x00,0x00,0x00,#000000
0.248342930000000,0,3,0x00,0x00,0x00,#000000
0.248370630000000,0,4,0x00,0x00,0x00,#000000
0.248398320000000,0,5,0x00,0x00,0x00,#000000
0.248426010000000,0,6,0x00,0x00,0x00,#000000
0.248453710000000,0,7,0x00,0x00,0x00,#000000
0.248481400000000,0,8,0x00,0x00,0x00,#000000
0.248509090000000,0,9,0x00,0x00,0x00,#000000
0.248536780000000,0,10,0x00,0x00,0x00,#000000
0.248564480000000,0,11,0x00,0x00,0x00,#000000
0.248592170000000,0,12,0x00,0x00,0x00,#000000
0.248619870000000,0,13,0x00,0x00,0x00,#000000
0.248647560000000,0,14,0x00,0x00,0x00,#000000
0.248675250000000,0,15,0x00,0x00,0x00,#000000
0.259262400000000,0,0,0x7E,0x00,0x00,#7e0000
0.259290090000000,0,1,0x00,0x00,0x00,#000000
0.259317790000000,0,2,0x00,0x00,0x00,#000000
0.259345470000000,0,3,0x00,0x00,0x00,#000000
0.259373170000000,0,4,0x00,0x00,0x00,#000000
0.259400860000000,0,5,0x00,0x00,0x00,#000000
0.259428560000000,0,6,0x00,0x00,0x00,#000000
0.259456250000000,0,7,0x00,0x00,0x00,#000000
0.259483940000000,0,8,0x00,0x00,0x00,#000000
0.259511630000000,0,9,0x00,0x00,0x00,#000000
0.259539330000000,0,10,0x00,0x00,0x00,#000000
0.259567020000000,0,11,0x00,0x00,0x00,#000000
0.259594710000000,0,12,0x00,0x00,0x00,#000000
0.259622410000000,0,13,0x00,0x00,0x00,#000000
0.259650100000000,0,14,0x00,0x00,0x00,#000000
0.259677800000000,0,15,0x00,0x00,0x00,#000000
0.270153300000000,0,0,0x7E,0x00,0x00,#7e0000
0.270181000000000,0,1,0x00,0x00,0x00,#000000
0.270208690000000,0,2,0x00,0x00,0x00,#000000
0.270236380000000,0,3,0x00,0x00,0x00,#000000
0.270264070000000,0,4,0x00,0x00,0x00,#000000
0.270291770000000,0,5,0x00,0x00,0x00,#000000
0.270319460000000,0,6,0x00,0x00,0x00,#000000
0.270347150000000,0,7,0x00,0x00,0x00,#000000
0.270374850000000,0,8,0x00,0x00,0x00,#000000
0.270402540000000,0,9,0x00,0x00,0x00,#000000
0.270430230000000,0,10,0x00,0x00,0x00,#000000
0.270457930000000,0,11,0x00,0x00,0x00,#000000
0.270485620000000,0,12,0x00,0x00,0x00,#000000
0.270513310000000,0,13,0x00,0x00,0x00,#000000
0.270541010000000,0,14,0x00,0x00,0x00,#000000
0.270568700000000,0,15,0x00,0x00,0x00,#000000
0.281312770000000,0,0,0x7E,0x00,0x00,#7e0000
0.281340460000000,0,1,0x00,0x00,0x00,#000000
0.281368160000000,0,2,0x00,0x00,0x00,#000000
0.281395850000000,0,3,0x00,0x00,0x00,#000000
0.281423540000000,0,4,0x00,0x00,0x00,#000000
0.281451240000000,0,5,0x00,0x00,0x00,#000000
0.281478930000000,0,6,0x00,0x00,0x00,#000000
0.281506620000000,0,7,0x00,0x00,0x00,#000000
0.281534310000000,0,8,0x00,0x00,0x00,#000000
0.281562010000000,0,9,0x00,0x00,0x00,#000000
0.281589700000000,0,10,0x00,0x00,0x00,#000000
0.281617400000000,0,11,0x00,0x00,0x00,#000000
0.281645090000000,0,12,0x00,0x00,0x00,#000000
0.281672780000000,0,13,0x00,0x00,0x00,#000000
0.281700470000000,0,14,0x00,0x00,0x00,#000000
0.281728170000000,0,15,0x00,0x00,0x00,#000000
0.292249640000000,0,0,0x7E,0x00,0x00,#7e0000
0.292277330000000,0,1,0x00,0x00,0x00,#000000
0.292305030000000,0,2,0x00,0x00,0x00,#000000
0.292332720000000,0,3,0x00,0x00,0x00,#000000
0.292360410000000,0,4,0x00,0x00,0x00,#000000
0.292388110000000,0,5,0x00,0x00,0x00,#000000
0.292415800000000,0,6,0x00,0x00,0x00,#000000
0.292443490000000,0,7,0x00,0x00,0x00,#000000
0.292471180000000,0,8,0x00,0x00,0x00,#000000
0.292498880000000,0,9,0x00,0x00,0x00,#000000
0.292526570000000,0,10,0x00,0x00,0x00,#000000
0.292554260000000,0,11,0x00,0x00,0x00,#000000
0.292581950000000,0,12,0x00,0x00,0x00,#000000
0.292609650000000,0,13,0x00,0x00,0x00,#000000
0.292637340000000,0,14,0x00,0x00,0x00,#000000
0.292665040000000,0,15,0x00,0x00,0x00,#000000
0.303162990000000,0,0,0x7E,0x00,0x00,#7e0000
0.303190690000000,0,1,0x00,0x00,0x00,#000000
0.303218380000000,0,2,0x00,0x00,0x00,#000000
0.303246080000000,0,3,0x00,0x00,0x00,#000000
0.303273770000000,0,4,0x00,0x00,0x00,#000000
0.303301460000000,0,5,0x00,0x00,0x00,#000000
0.303329150000000,0,6,0x00,0x00,0x00,#000000
0.303356850000000,0,7,0x00,0x00,0x00,#000000
0.303384540000000,0,8,0x00,0x00,0x00,#000000
0.303412230000000,0,9,0x00,0x00,0x00,#000000
0.303439930000000,0,10,0x00,0x00,0x00,#000000
0.303467620000000,0,11,0x00,0x00,0x00,#000000
0.303495310000000,0,12,0x00,0x00,0x00,#000000
0.303523000000000,0,13,0x00,0x00,0x00,#000000
0.303550700000000,0,14,0x00,0x00,0x00,#000000
0.303578390000000,0,15,0x00,0x00,0x00,#000000
0.314274240000000,0,0,0x7E,0x00,0x00,#7e0000
0.314301940000000,0,1,0x00,0x00,0x00,#000000
0.314329630000000,0,2,0x00,0x00,0x00,#000000
0.314357330000000,0,3,0x00,0x00,0x00,#000000
0.314385010000000,0,4,0x00,0x00,0x00,#000000
0.314412710000000,0,5,0x00,0x00,0x00,#000000
0.314440400000000,0,6,0x00,0x00,0x00,#000000
0.314468100000000,0,7,0x00,0x00,0x00,#000000
0.314495790000000,0,8,0x00,0x00,0x00,#000000
0.314523480000000,0,9,0x00,0x00,0x00,#000000
0.314551170000000,0,10,0x00,0x00,0x00,#000000
0.314578870000000,0,11,0x00,0x00,0x00,#000000
0.314606560000000,0,12,0x00,0x00,0x00,#000000
0.314634250000000,0,13,0x00,0x00,0x00,#000000
0.314661950000000,0,14,0x00,0x00,0x00,#000000
0.314689640000000,0,15,0x00,0x00,0x00,#000000
0.325268470000000,0,0,0x7E,0x00,0x00,#7e0000
0.325296160000000,0,1,0x00,0x00,0x00,#000000
0.325323860000000,0,2,0x00,0x00,0x00,#000000
0.325351550000000,0,3,0x00,0x00,0x00,#000000
0.325379240000000,0,4,0x00,0x00,0x00,#000000
0.325406930000000,0,5,0x00,0x00,0x00,#000000
0.325434630000000,0,6,0x00,0x00,0x00,#000000
0.325462320000000,0,7,0x00,0x00,0x00,#000000
0.325490010000000,0,8,0x00,0x00,0x00,#000000
0.325517710000000,0,9,0x00,0x00,0x00,#000000
0.325545400000000,0,10,0x00,0x00,0x00,#000000
0.325573090000000,0,11,0x00,0x00,0x00,#000000
0.325600780000000,0,12,0x00,0x00,0x00,#000000
0.325628480000000,0,13,0x00,0x00,0x00,#000000
0.325656170000000,0,14,0x00,0x00,0x00,#000000
0.325683870000000,0,15,0x00,0x00,0x00,#000000
0.336155670000000,0,0,0x7E,0x00,0x00,#7e0000
0.336183370000000,0,1,0x00,0x00,0x00,#000000
0.336211060000000,0,2,0x00,0x00,0x00,#000000
0.336238750000000,0,3,0x00,0x00,0x00,#000000
0.336266440000000,0,4,0x00,0x00,0x00,#000000
0.336294140000000,0,5,0x00,0x00,0x00,#000000
0.336321830000000,0,6,0x00,0x00,0x00,#000000
0.336349520000000,0,7,0x00,0x00,0x00,#000000
0.336377220000000,0,8,0x00,0x00,0x00,#000000
0.336404910000000,0,9,0x00,0x00,0x00,#000000
0.336432600000000,0,10,0x00,0x00,0x00,#000000
0.336460290000000,0,11,0x00,0x00,0x00,#000000
0.336487990000000,0,12,0x00,0x00,0x00,#000000
0.336515680000000,0,13,0x00,0x00,0x00,#000000
0.336543380000000,0,14,0x00,0x00,0x00,#000000
0.336571060000000,0,15,0x00,0x00,0x00,#000000
0.347254510000000,0,0,0x7E,0x00,0x00,#7e0000
0.347282210000000,0,1,0x00,0x00,0x00,#000000
0.347309900000000,0,2,0x00,0x00,0x00,#000000
0.347337590000000,0,3,0x00,0x00,0x00,#000000
0.347365290000000,0,4,0x00,0x00,0x00,#000000
0.347392980000000,0,5,0x00,0x00,0x00,#000000
0.347420670000000,0,6,0x00,0x00,0x00,#000000
0.347448360000000,0,7,0x00,0x00,0x00,#000000
0.347476060000000,0,8,0x00,0x00,0x00,#000000
0.347503750000000,0,9,0x00,0x00,0x00,#000000
0.347531450000000,0,10,0x00,0x00,0x00,#000000
0.347559130000000,0,11,0x00,0x00,0x00,#000000
0.347586830000000,0,12,0x00,0x00,0x00,#000000
0.347614520000000,0,13,0x00,0x00,0x00,#000000
0.347642220000000,0,14,0x00,0x00,0x00,#000000
0.347669910000000,0,15,0x00,0x00,0x00,#000000
0.358164510000000,0,0,0x7E,0x00,0x00,#7e0000
0.358192200000000,0,1,0x00,0x00,0x00,#000000
0.358219890000000,0,2,0x00,0x00,0x00,#000000
0.358247580000000,0,3,0x00,0x00,0x00,#000000
0.358275280000000,0,4,0x00,0x00,0x00,#000000
0.358302970000000,0,5,0x00,0x00,0x00,#000000
0.358330660000000,0,6,0x00,0x00,0x00,#000000
0.358358360000000,0,7,0x00,0x00,0x00,#000000
0.358386050000000,0,8,0x00,0x00,0x00,#000000
0.358413740000000,0,9,0x00,0x00,0x00,#000000
0.358441440000000,0,10,0x00,0x00,0x00,#000000
0.358469130000000,0,11,0x00,0x00,0x00,#000000
0.358496820000000,0,12,0x00,0x00,0x00,#000000
0.358524520000000,0,13,0x00,0x00,0x00,#000000
0.358552210000000,0,14,0x00,0x00,0x00,#000000
0.358579900000000,0,15,0x00,0x00,0x00,#000000
0.369253690000000,0,0,0x7E,0x00,0x00,#7e0000
0.369281380000000,0,1,0x00,0x00,0x00,#000000
0.369309070000000,0,2,0x00,0x00,0x00,#000000
0.369336760000000,0,3,0x00,0x00,0x00,#000000
0.369364460000000,0,4,0x00,0x00,0x00,#000000
0.369392150000000,0,5,0x00,0x00,0x00,#000000
0.369419850000000,0,6,0x00,0x00,0x00,#000000
0.369447530000000,0,7,0x00,0x00,0x00,#000000
0.369475230000000,0,8,0x00,0x00,0x00,#000000
0.369502920000000,0,9,0x00,0x00,0x00,#000000
0.369530620000000,0,10,0x00,0x00,0x00,#000000
0.369558310000000,0,11,0x00,0x00,0x00,#000000
0.369586000000000,0,12,0x00,0x00,0x00,#000000
0.369613700000000,0,13,0x00,0x00,0x00,#000000
0.369641390000000,0,14,0x00,0x00,0x00,#000000
0.369669080000000,0,15,0x00,0x00,0x00,#000000
0.380250170000000,0,0,0x7E,0x00,0x00,#7e0000
0.380277860000000,0,1,0x00,0x00,0x00,#000000
0.380305560000000,0,2,0x00,0x00,0x00,#000000
0.380333250000000,0,3,0x00,0x00,0x00,#000000
0.380360940000000,0,4,0x00,0x00,0x00,#000000
0.380388630000000,0,5,0x00,0x00,0x00,#000000
0.380416330000000,0,6,0x00,0x00,0x00,#000000
0.380444020000000,0,7,0x00,0x00,0x00,#000000
0.380471710000000,0,8,0x00,0x00,0x00,#000000
0.380499410000000,0,9,0x00,0x00,0x00,#000000
0.380527100000000,0,10,0x00,0x00,0x00,#000000
0.380554790000000,0,11,0x00,0x00,0x00,#000000
0.380582480000000,0,12,0x00,0x00,0x00,#000000
0.380610180000000,0,13,0x00,0x00,0x00,#000000
0.380637870000000,0,14,0x00,0x00,0x00,#000000
0.380665570000000,0,15,0x00,0x00,0x00,#000000
0.391255880000000,0,0,0x7E,0x00,0x00,#7e0000
0.391283580000000,0,1,0x00,0x00,0x00,#000000
0.391311270000000,0,2,0x00,0x00,0x00,#000000
0.391338970000000,0,3,0x00,0x00,0x00,#000000
0.391366660000000,0,4,0x00,0x00,0x00,#000000
0.391394350000000,0,5,0x00,0x00,0x00,#000000
0.391422040000000,0,6,0x00,0x00,0x00,#000000
0.391449740000000,0,7,0x00,0x00,0x00,#000000
0.391477430000000,0,8,0x00,0x00,0x00,#000000
0.391505120000000,0,9,0x00,0x00,0x00,#000000
0.391532810000000,0,10,0x00,0x00,0x00,#000000
0.391560510000000,0,11,0x00,0x00,0x00,#000000
0.391588200000000,0,12,0x00,0x00,0x00,#000000
0.391615890000000,0,13,0x00,0x00,0x00,#000000
0.391643590000000,0,14,0x00,0x00,0x00,#000000
0.391671280000000,0,15,0x00,0x00,0x00,#000000
0.402156690000000,0,0,0x7E,0x00,0x00,#7e0000
0.402184390000000,0,1,0x00,0x00,0x00,#000000
0.402212080000000,0,2,0x00,0x00,0x00,#000000
0.402239770000000,0,3,0x00,0x00,0x00,#000000
0.402267470000000,0,4,0x00,0x00,0x00,#000000
0.402295160000000,0,5,0x00,0x00,0x00,#000000
0.402322850000000,0,6,0x00,0x00,0x00,#000000
0.402350540000000,0,7,0x00,0x00,0x00,#000000
0.402378240000000,0,8,0x00,0x00,0x00,#000000
0.402405930000000,0,9,0x00,0x00,0x00,#000000
0.402433630000000,0,10,0x00,0x00,0x00,#000000
0.402461320000000,0,11,0x00,0x00,0x00,#000000
0.402489010000000,0,12,0x00,0x00,0x00,#000000
0.402516700000000,0,13,0x00,0x00,0x00,#000000
0.402544400000000,0,14,0x00,0x00,0x00,#000000
0.402572090000000,0,15,0x00,0x00,0x00,#000000
0.413256210000000,0,0,0x7E,0x00,0x00,#7e0000
0.413283900000000,0,1,0x00,0x00,0x00,#000000
0.413311600000000,0,2,0x00,0x00,0x00,#000000
0.413339290000000,0,3,0x00,0x00,0x00,#000000
0.413366980000000,0,4,0x00,0x00,0x00,#000000
0.413394680000000,0,5,0x00,0x00,0x00,#000000
0.413422370000000,0,6,0x00,0x00,0x00,#000000
0.413450060000000,0,7,0x00,0x00,0x00,#000000
0.413477750000000,0,8,0x00,0x00,0x00,#000000
0.413505450000000,0,9,0x00,0x00,0x00,#000000
0.413533140000000,0,10,0x00,0x00,0x00,#000000
0.413560830000000,0,11,0x00,0x00,0x00,#000000
0.413588530000000,0,12,0x00,0x00,0x00,#000000
0.413616220000000,0,13,0x00,0x00,0x00,#000000
0.413643910000000,0,14,0x00,0x00,0x00,#000000
0.413671610000000,0,15,0x00,0x00,0x00,#000000
0.424261060000000,0,0,0x7E,0x00,0x00,#7e0000
0.424288760000000,0,1,0x00,0x00,0x00,#000000
0.424316440000000,0,2,0x00,0x00,0x00,#000000
0.424344140000000,0,3,0x00,0x00,0x00,#000000
0.424371830000000,0,4,0x00,0x00,0x00,#000000
0.424399530000000,0,5,0x00,0x00,0x00,#000000
0.424427220000000,0,6,0x00,0x00,0x00,#000000
0.424454910000000,0,7,0x00,0x00,0x00,#000000
0.424482610000000,0,8,0x00,0x00,0x00,#000000
0.424510300000000,0,9,0x00,0x00,0x00,#000000
0.424537990000000,0,10,0x00,0x00,0x00,#000000
0.424565680000000,0,11,0x00,0x00,0x00,#000000
0.424593380000000,0,12,0x00,0x00,0x00,#000000
0.424621070000000,0,13,0x00,0x00,0x00,#000000
0.424648770000000,0,14,0x00,0x00,0x00,#000000
0.424676450000000,0,15,0x00,0x00,0x00,#000000
0.435158890000000,0,0,0x7E,0x00,0x00,#7e0000
0.435186580000000,0,1,0x00,0x00,0x00,#000000
0.435214270000000,0,2,0x00,0x00,0x00,#000000
0.435241970000000,0,3,0x00,0x00,0x00,#000000
0.435269660000000,0,4,0x00,0x00,0x00,#000000
0.435297350000000,0,5,0x00,0x00,0x00,#000000
0.435325050000000,0,6,0x00,0x00,0x00,#000000
0.435352740000000,0,7,0x00,0x00,0x00,#000000
0.435380440000000,0,8,0x00,0x00,0x00,#000000
0.435408120000000,0,9,0x00,0x00,0x00,#000000
0.435435820000000,0,10,0x00,0x00,0x00,#000000
0.435463510000000,0,11,0x00,0x00,0x00,#000000
0.435491210000000,0,12,0x00,0x00,0x00,#000000
0.435518890000000,0,13,0x00,0x00,0x00,#000000
0.435546590000000,0,14,0x00,0x00,0x00,#000000
0.435574280000000,0,15,0x00,0x00,0x00,#000000
0.446264510000000,0,0,0x7E,0x00,0x00,#7e0000
0.446292200000000,0,1,0x00,0x00,0x00,#000000
0.446319900000000,0,2,0x00,0x00,0x00,#000000
0.446347590000000,0,3,0x00,0x00,0x00,#000000
0.446375280000000,0,4,0x00,0x00,0x00,#000000
0.446402970000000,0,5,0x00,0x00,0x00,#000000
0.446430670000000,0,6,0x00,0x00,0x00,#000000
0.446458360000000,0,7,0x00,0x00,0x00,#000000
0.446486050000000,0,8,0x00,0x00,0x00,#000000
0.446513750000000,0,9,0x00,0x00,0x00,#000000
0.446541440000000,0,10,0x00,0x00,0x00,#000000
0.446569140000000,0,11,0x00,0x00,0x00,#000000
0.446596830000000,0,12,0x00,0x00,0x00,#000000
0.446624520000000,0,13,0x00,0x00,0x00,#000000
0.446652210000000,0,14,0x00,0x00,0x00,#000000
0.446679910000000,0,15,0x00,0x00,0x00,#000000
0.457246000000000,0,0,0x7E,0x00,0x00,#7e0000
0.457273690000000,0,1,0x00,0x00,0x00,#000000
0.457301380000000,0,2,0x00,0x00,0x00,#000000
0.457329070000000,0,3,0x00,0x00,0x00,#000000
0.457356770000000,0,4,0x00,0x00,0x00,#000000
0.457384460000000,0,5,0x00,0x00,0x00,#000000
0.457412150000000,0,6,0x00,0x00,0x00,#000000
0.457439850000000,0,7,0x00,0x00,0x00,#000000
0.457467540000000,0,8,0x00,0x00,0x00,#000000
0.457495240000000,0,9,0x00,0x00,0x00,#000000
0.457522920000000,0,10,0x00,0x00,0x00,#000000
0.457550620000000,0,11,0x00,0x00,0x00,#000000
0.457578310000000,0,12,0x00,0x00,0x00,#000000
0.457606010000000,0,13,0x00,0x00,0x00,#000000
0.457633690000000,0,14,0x00,0x00,0x00,#000000
0.457661390000000,0,15,0x00,0x00,0x00,#000000
0.468158390000000,0,0,0x7E,0x00,0x00,#7e0000
0.468186080000000,0,1,0x00,0x00,0x00,#000000
0.468213780000000,0,2,0x00,0x00,0x00,#000000
0.468241470000000,0,3,0x00,0x00,0x00,#000000
0.468269160000000,0,4,0x00,0x00,0x00,#000000
0.468296860000000,0,5,0x00,0x00,0x00,#000000
0.468324550000000,0,6,0x00,0x00,0x00,#000000
0.468352240000000,0,7,0x00,0x00,0x00,#000000
0.468379930000000,0,8,0x00,0x00,0x00,#000000
0.468407630000000,0,9,0x00,0x00,0x00,#000000
0.468435320000000,0,10,0x00,0x00,0x00,#000000
0.468463020000000,0,11,0x00,0x00,0x00,#000000
0.468490700000000,0,12,0x00,0x00,0x00,#000000
0.468518400000000,0,13,0x00,0x00,0x00,#000000
0.468546090000000,0,14,0x00,0x00,0x00,#000000
0.468573790000000,0,15,0x00,0x00,0x00,#000000
0.479260550000000,0,0,0x7E,0x00,0x00,#7e0000
0.479288240000000,0,1,0x00,0x00,0x00,#000000
0.479315940000000,0,2,0x00,0x00,0x00,#000000
0.479343630000000,0,3,0x00,0x00,0x00,#000000
0.479371320000000,0,4,0x00,0x00,0x00,#000000
0.479399020000000,0,5,0x00,0x00,0x00,#000000
0.479426710000000,0,6,0x00,0x00,0x00,#000000
0.479454400000000,0,7,0x00,0x00,0x00,#000000
0.479482090000000,0,8,0x00,0x00,0x00,#000000
0.479509790000000,0,9,0x00,0x00,0x00,#000000
0.479537480000000,0,10,0x00,0x00,0x00,#000000
0.479565180000000,0,11,0x00,0x00,0x00,#000000
0.479592870000000,0,12,0x00,0x00,0x00,#000000
0.479620560000000,0,13,0x00,0x00,0x00,#000000
0.479648250000000,0,14,0x00,0x00,0x00,#000000
0.479675950000000,0,15,0x00,0x00,0x00,#000000
0.490260260000000,0,0,0x7E,0x00,0x00,#7e0000
0.490287950000000,0,1,0x00,0x00,0x00,#000000
0.490315640000000,0,2,0x00,0x00,0x00,#000000
0.490343340000000,0,3,0x00,0x00,0x00,#000000
0.490371030000000,0,4,0x00,0x00,0x00,#000000
0.490398720000000,0,5,0x00,0x00,0x00,#000000
0.490426410000000,0,6,0x00,0x00,0x00,#000000
0.490454110000000,0,7,0x00,0x00,0x00,#000000
0.490481800000000,0,8,0x00,0x00,0x00,#000000
0.490509500000000,0,9,0x00,0x00,0x00,#000000
0.490537180000000,0,10,0x00,0x00,0x00,#000000
0.490564880000000,0,11,0x00,0x00,0x00,#000000
0.490592570000000,0,12,0x00,0x00,0x00,#000000
0.490620270000000,0,13,0x00,0x00,0x00,#000000
0.490647960000000,0,14,0x00,0x00,0x00,#000000
0.490675650000000,0,15,0x00,0x00,0x00,#000000
0.501159240000000,0,0,0x7E,0x00,0x00,#7e0000
0.501186930000000,0,1,0x00,0x00,0x00,#000000
0.501214630000000,0,2,0x00,0x00,0x00,#000000
0.501242320000000,0,3,0x00,0x00,0x00,#000000
0.501270010000000,0,4,0x00,0x00,0x00,#000000
0.501297700000000,0,5,0x00,0x00,0x00,#000000
0.501325400000000,0,6,0x00,0x00,0x00,#000000
0.501353090000000,0,7,0x00,0x00,0x00,#000000
0.501380780000000,0,8,0x00,0x00,0x00,#000000
0.501408480000000,0,9,0x00,0x00,0x00,#000000
0.501436170000000,0,10,0x00,0x00,0x00,#000000
0.501463860000000,0,11,0x00,0x00,0x00,#000000
0.501491550000000,0,12,0x00,0x00,0x00,#000000
0.501519250000000,0,13,0x00,0x00,0x00,#000000
0.501546940000000,0,14,0x00,0x00,0x00,#000000
0.501574640000000,0,15,0x00,0x00,0x00,#000000
0.512260490000000,0,0,0x7E,0x00,0x00,#7e0000
0.512288180000000,0,1,0x00,0x00,0x00,#000000
0.512315870000000,0,2,0x00,0x00,0x00,#000000
0.512343560000000,0,3,0x00,0x00,0x00,#000000
0.512371260000000,0,4,0x00,0x00,0x00,#000000
0.512398950000000,0,5,0x00,0x00,0x00,#000000
0.512426650000000,0,6,0x00,0x00,0x00,#000000
0.512454330000000,0,7,0x00,0x00,0x00,#000000
0.512482030000000,0,8,0x00,0x00,0x00,#000000
0.512509720000000,0,9,0x00,0x00,0x00,#000000
0.512537420000000,0,10,0x00,0x00,0x00,#000000
0.512565110000000,0,11,0x00,0x00,0x00,#000000
0.512592800000000,0,12,0x00,0x00,0x00,#000000
0.512620500000000,0,13,0x00,0x00,0x00,#000000
0.512648190000000,0,14,0x00,0x00,0x00,#000000
0.512675880000000,0,15,0x00,0x00,0x00,#000000
0.523256200000000,0,0,0x7E,0x00,0x00,#7e0000
0.523283890000000,0,1,0x00,0x00,0x00,#000000
0.523311590000000,0,2,0x00,0x00,0x00,#000000
0.523339280000000,0,3,0x00,0x00,0x00,#000000
0.523366970000000,0,4,0x00,0x00,0x00,#000000
0.523394670000000,0,5,0x00,0x00,0x00,#000000
0.523422360000000,0,6,0x00,0x00,0x00,#000000
0.523450050000000,0,7,0x00,0x00,0x00,#000000
0.523477740000000,0,8,0x00,0x00,0x00,#000000
0.523505440000000,0,9,0x00,0x00,0x00,#000000
0.523533130000000,0,10,0x00,0x00,0x00,#000000
0.523560830000000,0,11,0x00,0x00,0x00,#000000
0.523588510000000,0,12,0x00,0x00,0x00,#000000
0.523616210000000,0,13,0x00,0x00,0x00,#000000
0.523643900000000,0,14,0x00,0x00,0x00,#000000
0.523671600000000,0,15,0x00,0x00,0x00,#000000
0.534180810000000,0,0,0x7E,0x00,0x00,#7e0000
0.534208500000000,0,1,0x00,0x00,0x00,#000000
0.534236190000000,0,2,0x00,0x00,0x00,#000000
0.534263890000000,0,3,0x00,0x00,0x00,#000000
0.534291580000000,0,4,0x00,0x00,0x00,#000000
0.534319270000000,0,5,0x00,0x00,0x00,#000000
0.534346970000000,0,6,0x00,0x00,0x00,#000000
0.534374660000000,0,7,0x00,0x00,0x00,#000000
0.534402360000000,0,8,0x00,0x00,0x00,#000000
0.534430040000000,0,9,0x00,0x00,0x00,#000000
0.534457740000000,0,10,0x00,0x00,0x00,#000000
0.534485430000000,0,11,0x00,0x00,0x00,#000000
0.534513130000000,0,12,0x00,0x00,0x00,#000000
0.534540810000000,0,13,0x00,0x00,0x00,#000000
0.534568510000000,0,14,0x00,0x00,0x00,#000000
0.534596200000000,0,15,0x00,0x00,0x00,#000000
0.545342440000000,0,0,0x7E,0x00,0x00,#7e0000
0.545370140000000,0,1,0x00,0x00,0x00,#000000
0.545397830000000,0,2,0x00,0x00,0x00,#000000
0.545425520000000,0,3,0x00,0x00,0x00,#000000
0.545453210000000,0,4,0x00,0x00,0x00,#000000
0.545480910000000,0,5,0x00,0x00,0x00,#000000
0.545508600000000,0,6,0x00,0x00,0x00,#000000
0.545536290000000,0,7,0x00,0x00,0x00,#000000
0.545563990000000,0,8,0x00,0x00,0x00,#000000
0.545591680000000,0,9,0x00,0x00,0x00,#000000
0.545619370000000,0,10,0x00,0x00,0x00,#000000
0.545647060000000,0,11,0x00,0x00,0x00,#000000
0.545674760000000,0,12,0x00,0x00,0x00,#000000
0.545702450000000,0,13,0x00,0x00,0x00,#000000
0.545730150000000,0,14,0x00,0x00,0x00,#000000
0.545757830000000,0,15,0x00,0x00,0x00,#000000
0.556254500000000,0,0,0x7E,0x00,0x00,#7e0000
0.556282190000000,0,1,0x00,0x00,0x00,#000000
0.556309890000000,0,2,0x00,0x00,0x00,#000000
0.556337580000000,0,3,0x00,0x00,0x00,#000000
0.556365280000000,0,4,0x00,0x00,0x00,#000000
0.556392960000000,0,5,0x00,0x00,0x00,#000000
0.556420660000000,0,6,0x00,0x00,0x00,#000000
0.556448350000000,0,7,0x00,0x00,0x00,#000000
0.556476050000000,0,8,0x00,0x00,0x00,#000000
0.556503740000000,0,9,0x00,0x00,0x00,#000000
0.556531430000000,0,10,0x00,0x00,0x00,#000000
0.556559120000000,0,11,0x00,0x00,0x00,#000000
0.556586820000000,0,12,0x00,0x00,0x00,#000000
0.556614510000000,0,13,0x00,0x00,0x00,#000000
0.556642200000000,0,14,0x00,0x00,0x00,#000000
0.556669900000000,0,15,0x00,0x00,0x00,#000000
0.567161080000000,0,0,0x7E,0x00,0x00,#7e0000
0.567188770000000,0,1,0x00,0x00,0x00,#000000
0.567216470000000,0,2,0x00,0x00,0x00,#000000
0.567244150000000,0,3,0x00,0x00,0x00,#000000
0.567271850000000,0,4,0x00,0x00,0x00,#000000
0.567299540000000,0,5,0x00,0x00,0x00,#000000
0.567327240000000,0,6,0x00,0x00,0x00,#000000
0.567354930000000,0,7,0x00,0x00,0x00,#000000
0.567382620000000,0,8,0x00,0x00,0x00,#000000
0.567410320000000,0,9,0x00,0x00,0x00,#000000
0.567438010000000,0,10,0x00,0x00,0x00,#000000
0.567465700000000,0,11,0x00,0x00,0x00,#000000
0.567493390000000,0,12,0x00,0x00,0x00,#000000
0.567521090000000,0,13,0x00,0x00,0x00,#000000
0.567548780000000,0,14,0x00,0x00,0x00,#000000
0.567576480000000,0,15,0x00,0x00,0x00,#000000
0.578264490000000,0,0,0x7E,0x00,0x00,#7e0000
0.578292180000000,0,1,0x00,0x00,0x00,#000000
0.578319880000000,0,2,0x00,0x00,0x00,#000000
0.578347570000000,0,3,0x00,0x00,0x00,#000000
0.578375260000000,0,4,0x00,0x00,0x00,#000000
0.578402950000000,0,5,0x00,0x00,0x00,#000000
0.578430650000000,0,6,0x00,0x00,0x00,#000000
0.578458340000000,0,7,0x00,0x00,0x00,#000000
0.578486030000000,0,8,0x00,0x00,0x00,#000000
0.578513730000000,0,9,0x00,0x00,0x00,#000000
0.578541420000000,0,10,0x00,0x00,0x00,#000000
0.578569110000000,0,11,0x00,0x00,0x00,#000000
0.578596800000000,0,12,0x00,0x00,0x00,#000000
0.578624500000000,0,13,0x00,0x00,0x00,#000000
0.578652190000000,0,14,0x00,0x00,0x00,#000000
0.578679890000000,0,15,0x00,0x00,0x00,#000000
0.589266600000000,0,0,0x7E,0x00,0x00,#7e0000
0.589294290000000,0,1,0x00,0x00,0x00,#000000
0.589321980000000,0,2,0x00,0x00,0x00,#000000
0.589349680000000,0,3,0x00,0x00,0x00,#000000
0.589377370000000,0,4,0x00,0x00,0x00,#000000
0.589405060000000,0,5,0x00,0x00,0x00,#000000
0.589432760000000,0,6,0x00,0x00,0x00,#000000
0.589460450000000,0,7,0x00,0x00,0x00,#000000
0.589488150000000,0,8,0x00,0x00,0x00,#000000
0.589515830000000,0,9,0x00,0x00,0x00,#000000
0.589543530000000,0,10,0x00,0x00,0x00,#000000
0.589571220000000,0,11,0x00,0x00,0x00,#000000
0.589598920000000,0,12,0x00,0x00,0x00,#000000
0.589626600000000,0,13,0x00,0x00,0x00,#000000
0.589654300000000,0,14,0x00,0x00,0x00,#000000
0.589681990000000,0,15,0x00,0x00,0x00,#000000
0.600161780000000,0,0,0x7E,0x00,0x00,#7e0000
0.600189480000000,0,1,0x00,0x00,0x00,#000000
0.600217170000000,0,2,0x00,0x00,0x00,#000000
0.600244860000000,0,3,0x00,0x00,0x00,#000000
0.600272550000000,0,4,0x00,0x00,0x00,#000000
0.600300250000000,0,5,0x00,0x00,0x00,#000000
0.600327940000000,0,6,0x00,0x00,0x00,#000000
0.600355630000000,0,7,0x00,0x00,0x00,#000000
0.600383330000000,0,8,0x00,0x00,0x00,#000000
0.600411020000000,0,9,0x00,0x00,0x00,#000000
0.600438710000000,0,10,0x00,0x00,0x00,#000000
0.600466410000000,0,11,0x00,0x00,0x00,#000000
0.600494100000000,0,12,0x00,0x00,0x00,#000000
0.600521790000000,0,13,0x00,0x00,0x00,#000000
0.600549490000000,0,14,0x00,0x00,0x00,#000000
0.600577180000000,0,15,0x00,0x00,0x00,#000000
0.611267500000000,0,0,0x7E,0x00,0x00,#7e0000
0.611295190000000,0,1,0x00,0x00,0x00,#000000
0.611322890000000,0,2,0x00,0x00,0x00,#000000
0.611350580000000,0,3,0x00,0x00,0x00,#000000
0.611378270000000,0,4,0x00,0x00,0x00,#000000
0.611405960000000,0,5,0x00,0x00,0x00,#000000
0.611433660000000,0,6,0x00,0x00,0x00,#000000
0.611461350000000,0,7,0x00,0x00,0x00,#000000
0.611489040000000,0,8,0x00,0x00,0x00,#000000
0.611516740000000,0,9,0x00,0x00,0x00,#000000
0.611544430000000,0,10,0x00,0x00,0x00,#000000
0.611572130000000,0,11,0x00,0x00,0x00,#000000
0.611599820000000,0,12,0x00,0x00,0x00,#000000
0.611627510000000,0,13,0x00,0x00,0x00,#000000
0.611655200000000,0,14,0x00,0x00,0x00,#000000
0.611682900000000,0,15,0x00,0x00,0x00,#000000
0.622258070000000,0,0,0x7E,0x00,0x00,#7e0000
0.622285760000000,0,1,0x00,0x00,0x00,#000000
0.622313460000000,0,2,0x00,0x00,0x00,#000000
0.622341150000000,0,3,0x00,0x00,0x00,#000000
0.622368850000000,0,4,0x00,0x00,0x00,#000000
0.622396540000000,0,5,0x00,0x00,0x00,#000000
0.622424230000000,0,6,0x00,0x00,0x00,#000000
0.622451920000000,0,7,0x00,0x00,0x00,#000000
0.622479620000000,0,8,0x00,0x00,0x00,#000000
0.622507310000000,0,9,0x00,0x00,0x00,#000000
0.622535000000000,0,10,0x00,0x00,0x00,#000000
0.622562700000000,0,11,0x00,0x00,0x00,#000000
0.622590390000000,0,12,0x00,0x00,0x00,#000000
0.622618080000000,0,13,0x00,0x00,0x00,#000000
0.622645770000000,0,14,0x00,0x00,0x00,#000000
0.622673470000000,0,15,0x00,0x00,0x00,#000000
0.633163400000000,0,0,0x7E,0x00,0x00,#7e0000
0.633191090000000,0,1,0x00,0x00,0x00,#000000
0.633218790000000,0,2,0x00,0x00,0x00,#000000
0.633246480000000,0,3,0x00,0x00,0x00,#000000
0.633274170000000,0,4,0x00,0x00,0x00,#000000
0.633301870000000,0,5,0x00,0x00,0x00,#000000
0.633329560000000,0,6,0x00,0x00,0x00,#000000
0.633357250000000,0,7,0x00,0x00,0x00,#000000
0.633384940000000,0,8,0x00,0x00,0x00,#000000
0.633412640000000,0,9,0x00,0x00,0x00,#000000
0.633440330000000,0,10,0x00,0x00,0x00,#000000
0.633468030000000,0,11,0x00,0x00,0x00,#000000
0.633495710000000,0,12,0x00,0x00,0x00,#000000
0.633523410000000,0,13,0x00,0x00,0x00,#000000
0.633551100000000,0,14,0x00,0x00,0x00,#000000
0.633578800000000,0,15,0x00,0x00,0x00,#000000
0.644281520000000,0,0,0x7E,0x00,0x00,#7e0000
0.644309220000000,0,1,0x00,0x00,0x00,#000000
0.644336910000000,0,2,0x00,0x00,0x00,#000000
0.644364600000000,0,3,0x00,0x00,0x00,#000000
0.644392290000000,0,4,0x00,0x00,0x00,#000000
0.644419990000000,0,5,0x00,0x00,0x00,#000000
0.644447680000000,0,6,0x00,0x00,0x00,#000000
0.644475370000000,0,7,0x00,0x00,0x00,#000000
0.644503070000000,0,8,0x00,0x00,0x00,#000000
0.644530760000000,0,9,0x00,0x00,0x00,#000000
0.644558450000000,0,10,0x00,0x00,0x00,#000000
0.644586140000000,0,11,0x00,0x00,0x00,#000000
0.644613840000000,0,12,0x00,0x00,0x00,#000000
0.644641530000000,0,13,0x00,0x00,0x00,#000000
0.644669230000000,0,14,0x00,0x00,0x00,#000000
0.644696920000000,0,15,0x00,0x00,0x00,#000000
0.655257480000000,0,0,0x7E,0x00,0x00,#7e0000
0.655285170000000,0,1,0x00,0x00,0x00,#000000
0.655312860000000,0,2,0x00,0x00,0x00,#000000
0.655340560000000,0,3,0x00,0x00,0x00,#000000
0.655368250000000,0,4,0x00,0x00,0x00,#000000
0.655395950000000,0,5,0x00,0x00,0x00,#000000
0.655423630000000,0,6,0x00,0x00,0x00,#000000
0.655451330000000,0,7,0x00,0x00,0x00,#000000
0.655479020000000,0,8,0x00,0x00,0x00,#000000
0.655506720000000,0,9,0x00,0x00,0x00,#000000
0.655534400000000,0,10,0x00,0x00,0x00,#000000
0.655562100000000,0,11,0x00,0x00,0x00,#000000
0.655589790000000,0,12,0x00,0x00,0x00,#000000
0.655617490000000,0,13,0x00,0x00,0x00,#000000
0.655645180000000,0,14,0x00,0x00,0x00,#000000
0.655672870000000,0,15,0x00,0x00,0x00,#000000
0.666163480000000,0,0,0x7E,0x00,0x00,#7e0000
0.666191170000000,0,1,0x00,0x00,0x00,#000000
0.666218870000000,0,2,0x00,0x00,0x00,#000000
0.666246560000000,0,3,0x00,0x00,0x00,#000000
0.666274250000000,0,4,0x00,0x00,0x00,#000000
0.666301940000000,0,5,0x00,0x00,0x00,#000000
0.666329640000000,0,6,0x00,0x00,0x00,#000000
0.666357330000000,0,7,0x00,0x00,0x00,#000000
0.666385020000000,0,8,0x00,0x00,0x00,#000000
0.666412720000000,0,9,0x00,0x00,0x00,#000000
0.666440410000000,0,10,0x00,0x00,0x00,#000000
0.666468100000000,0,11,0x00,0x00,0x00,#000000
0.666495790000000,0,12,0x00,0x00,0x00,#000000
0.666523490000000,0,13,0x00,0x00,0x00,#000000
0.666551180000000,0,14,0x00,0x00,0x00,#000000
0.666578880000000,0,15,0x00,0x00,0x00,#000000
0.677270780000000,0,0,0x7E,0x00,0x00,#7e0000
0.677298480000000,0,1,0x00,0x00,0x00,#000000
0.677326170000000,0,2,0x00,0x00,0x00,#000000
0.677353860000000,0,3,0x00,0x00,0x00,#000000
0.677381550000000,0,4,0x00,0x00,0x00,#000000
0.677409250000000,0,5,0x00,0x00,0x00,#000000
0.677436940000000,0,6,0x00,0x00,0x00,#000000
0.677464640000000,0,7,0x00,0x00,0x00,#000000
0.677492330000000,0,8,0x00,0x00,0x00,#000000
0.677520020000000,0,9,0x00,0x00,0x00,#000000
0.677547710000000,0,10,0x00,0x00,0x00,#000000
0.677575410000000,0,11,0x00,0x00,0x00,#000000
0.677603100000000,0,12,0x00,0x00,0x00,#000000
0.677630790000000,0,13,0x00,0x00,0x00,#000000
0.677658490000000,0,14,0x00,0x00,0x00,#000000
0.677686180000000,0,15,0x00,0x00,0x00,#000000
0.688262120000000,0,0,0x7E,0x00,0x00,#7e0000
0.688289820000000,0,1,0x00,0x00,0x00,#000000
0.688317510000000,0,2,0x00,0x00,0x00,#000000
0.688345200000000,0,3,0x00,0x00,0x00,#000000
0.688372890000000,0,4,0x00,0x00,0x00,#000000
0.688400590000000,0,5,0x00,0x00,0x00,#000000
0.688428280000000,0,6,0x00,0x00,0x00,#000000
0.688455980000000,0,7,0x00,0x00,0x00,#000000
0.688483670000000,0,8,0x00,0x00,0x00,#000000
0.688511360000000,0,9,0x00,0x00,0x00,#000000
0.688539050000000,0,10,0x00,0x00,0x00,#000000
0.688566750000000,0,11,0x00,0x00,0x00,#000000
0.688594440000000,0,12,0x00,0x00,0x00,#000000
0.688622130000000,0,13,0x00,0x00,0x00,#000000
0.688649820000000,0,14,0x00,0x00,0x00,#000000
0.688677520000000,0,15,0x00,0x00,0x00,#000000
0.699164330000000,0,0,0x7E,0x00,0x00,#7e0000
0.699192020000000,0,1,0x00,0x00,0x00,#000000
0.699219710000000,0,2,0x00,0x00,0x00,#000000
0.699247400000000,0,3,0x00,0x00,0x00,#000000
0.699275100000000,0,4,0x00,0x00,0x00,#000000
0.699302790000000,0,5,0x00,0x00,0x00,#000000
0.699330490000000,0,6,0x00,0x00,0x00,#000000
0.699358170000000,0,7,0x00,0x00,0x00,#000000
0.699385870000000,0,8,0x00,0x00,0x00,#000000
0.699413560000000,0,9,0x00,0x00,0x00,#000000
0.699441260000000,0,10,0x00,0x00,0x00,#000000
0.699468950000000,0,11,0x00,0x00,0x00,#000000
0.699496640000000,0,12,0x00,0x00,0x00,#000000
0.699524340000000,0,13,0x00,0x00,0x00,#000000
0.699552030000000,0,14,0x00,0x00,0x00,#000000
0.699579720000000,0,15,0x00,0x00,0x00,#000000
0.710266250000000,0,0,0x7E,0x00,0x00,#7e0000
0.710293940000000,0,1,0x00,0x00,0x00,#000000
0.710321630000000,0,2,0x00,0x00,0x00,#000000
0.710349330000000,0,3,0x00,0x00,0x00,#000000
0.710377020000000,0,4,0x00,0x00,0x00,#000000
0.710404710000000,0,5,0x00,0x00,0x00,#000000
0.710432400000000,0,6,0x00,0x00,0x00,#000000
0.710460100000000,0,7,0x00,0x00,0x00,#000000
0.710487790000000,0,8,0x00,0x00,0x00,#000000
0.710515490000000,0,9,0x00,0x00,0x00,#000000
0.710543170000000,0,10,0x00,0x00,0x00,#000000
0.710570870000000,0,11,0x00,0x00,0x00,#000000
0.710598560000000,0,12,0x00,0x00,0x00,#000000
0.710626260000000,0,13,0x00,0x00,0x00,#000000
0.710653950000000,0,14,0x00,0x00,0x00,#000000
0.710681640000000,0,15,0x00,0x00,0x00,#000000
0.721258690000000,0,0,0x7E,0x00,0x00,#7e0000
0.721286390000000,0,1,0x00,0x00,0x00,#000000
0.721314080000000,0,2,0x00,0x00,0x00,#000000
0.721341770000000,0,3,0x00,0x00,0x00,#000000
0.721369470000000,0,4,0x00,0x00,0x00,#000000
0.721397160000000,0,5,0x00,0x00,0x00,#000000
0.721424850000000,0,6,0x00,0x00,0x00,#000000
0.721452540000000,0,7,0x00,0x00,0x00,#000000
0.721480240000000,0,8,0x00,0x00,0x00,#000000
0.721507930000000,0,9,0x00,0x00,0x00,#000000
0.721535620000000,0,10,0x00,0x00,0x00,#000000
0.721563310000000,0,11,0x00,0x00,0x00,#000000
0.721591010000000,0,12,0x00,0x00,0x00,#000000
0.721618700000000,0,13,0x00,0x00,0x00,#000000
0.721646400000000,0,14,0x00,0x00,0x00,#000000
0.721674090000000,0,15,0x00,0x00,0x00,#000000
0.732165170000000,0,0,0x7E,0x00,0x00,#7e0000
0.732192870000000,0,1,0x00,0x00,0x00,#000000
0.732220560000000,0,2,0x00,0x00,0x00,#000000
0.732248250000000,0,3,0x00,0x00,0x00,#000000
0.732275950000000,0,4,0x00,0x00,0x00,#000000
0.732303640000000,0,5,0x00,0x00,0x00,#000000
0.732331330000000,0,6,0x00,0x00,0x00,#000000
0.732359020000000,0,7,0x00,0x00,0x00,#000000
0.732386720000000,0,8,0x00,0x00,0x00,#000000
0.732414410000000,0,9,0x00,0x00,0x00,#000000
0.732442110000000,0,10,0x00,0x00,0x00,#000000
0.732469800000000,0,11,0x00,0x00,0x00,#000000
0.732497490000000,0,12,0x00,0x00,0x00,#000000
0.732525180000000,0,13,0x00,0x00,0x00,#000000
0.732552880000000,0,14,0x00,0x00,0x00,#000000
0.732580570000000,0,15,0x00,0x00,0x00,#000000
0.743277190000000,0,0,0x7E,0x00,0x00,#7e0000
0.743304890000000,0,1,0x00,0x00,0x00,#000000
0.743332580000000,0,2,0x00,0x00,0x00,#000000
0.743360270000000,0,3,0x00,0x00,0x00,#000000
0.743387960000000,0,4,0x00,0x00,0x00,#000000
0.743415660000000,0,5,0x00,0x00,0x00,#000000
0.743443350000000,0,6,0x00,0x00,0x00,#000000
0.743471040000000,0,7,0x00,0x00,0x00,#000000
0.743498730000000,0,8,0x00,0x00,0x00,#000000
0.743526430000000,0,9,0x00,0x00,0x00,#000000
0.743554120000000,0,10,0x00,0x00,0x00,#000000
0.743581810000000,0,11,0x00,0x00,0x00,#000000
0.743609510000000,0,12,0x00,0x00,0x00,#000000
0.743637200000000,0,13,0x00,0x00,0x00,#000000
0.743664890000000,0,14,0x00,0x00,0x00,#000000
0.743692590000000,0,15,0x00,0x00,0x00,#000000
0.754274880000000,0,0,0x7E,0x00,0x00,#7e0000
0.754302570000000,0,1,0x00,0x00,0x00,#000000
0.754330260000000,0,2,0x00,0x00,0x00,#000000
0.754357960000000,0,3,0x00,0x00,0x00,#000000
0.754385650000000,0,4,0x00,0x00,0x00,#000000
0.754413340000000,0,5,0x00,0x00,0x00,#000000
0.754441030000000,0,6,0x00,0x00,0x00,#000000
0.754468730000000,0,7,0x00,0x00,0x00,#000000
0.754496420000000,0,8,0x00,0x00,0x00,#000000
0.754524120000000,0,9,0x00,0x00,0x00,#000000
0.754551810000000,0,10,0x00,0x00,0x00,#000000
0.754579500000000,0,11,0x00,0x00,0x00,#000000
0.754607190000000,0,12,0x00,0x00,0x00,#000000
0.754634890000000,0,13,0x00,0x00,0x00,#000000
0.754662580000000,0,14,0x00,0x00,0x00,#000000
0.754690270000000,0,15,0x00,0x00,0x00,#000000
0.765209440000000,0,0,0x7E,0x00,0x00,#7e0000
0.765237130000000,0,1,0x00,0x00,0x00,#000000
0.765264820000000,0,2,0x00,0x00,0x00,#000000
0.765292520000000,0,3,0x00,0x00,0x00,#000000
0.765320210000000,0,4,0x00,0x00,0x00,#000000
0.765347900000000,0,5,0x00,0x00,0x00,#000000
0.765375600000000,0,6,0x00,0x00,0x00,#000000
0.765403290000000,0,7,0x00,0x00,0x00,#000000
0.765430980000000,0,8,0x00,0x00,0x00,#000000
0.765458670000000,0,9,0x00,0x00,0x00,#000000
0.765486370000000,0,10,0x00,0x00,0x00,#000000
0.765514060000000,0,11,0x00,0x00,0x00,#000000
0.765541750000000,0,12,0x00,0x00,0x00,#000000
0.765569440000000,0,13,0x00,0x00,0x00,#000000
0.765597140000000,0,14,0x00,0x00,0x00,#000000
0.765624830000000,0,15,0x00,0x00,0x00,#000000
0.776269380000000,0,0,0x7E,0x00,0x00,#7e0000
0.776297080000000,0,1,0x00,0x00,0x00,#000000
0.776324770000000,0,2,0x00,0x00,0x00,#000000
0.776352470000000,0,3,0x00,0x00,0x00,#000000
0.776380150000000,0,4,0x00,0x00,0x00,#000000
0.776407850000000,0,5,0x00,0x00,0x00,#000000
0.776435540000000,0,6,0x00,0x00,0x00,#000000
0.776463240000000,0,7,0x00,0x00,0x00,#000000
0.776490930000000,0,8,0x00,0x00,0x00,#000000
0.776518620000000,0,9,0x00,0x00,0x00,#000000
0.776546310000000,0,10,0x00,0x00,0x00,#000000
0.776574010000000,0,11,0x00,0x00,0x00,#000000
0.776601700000000,0,12,0x00,0x00,0x00,#000000
0.776629390000000,0,13,0x00,0x00,0x00,#000000
0.776657090000000,0,14,0x00,0x00,0x00,#000000
0.776684780000000,0,15,0x00,0x00,0x00,#000000
0.787269770000000,0,0,0x7E,0x00,0x00,#7e0000
0.787297460000000,0,1,0x00,0x00,0x00,#000000
0.787325150000000,0,2,0x00,0x00,0x00,#000000
0.787352840000000,0,3,0x00,0x00,0x00,#000000
0.787380540000000,0,4,0x00,0x00,0x00,#000000
0.787408230000000,0,5,0x00,0x00,0x00,#000000
0.787435920000000,0,6,0x00,0x00,0x00,#000000
0.787463610000000,0,7,0x00,0x00,0x00,#000000
0.787491310000000,0,8,0x00,0x00,0x00,#000000
0.787519000000000,0,9,0x00,0x00,0x00,#000000
0.787546690000000,0,10,0x00,0x00,0x00,#000000
0.787574390000000,0,11,0x00,0x00,0x00,#000000
0.787602080000000,0,12,0x00,0x00,0x00,#000000
0.787629770000000,0,13,0x00,0x00,0x00,#000000
0.787657470000000,0,14,0x00,0x00,0x00,#000000
0.787685160000000,0,15,0x00,0x00,0x00,#000000
0.798175570000000,0,0,0x7E,0x00,0x00,#7e0000
0.798203260000000,0,1,0x00,0x00,0x00,#000000
0.798230960000000,0,2,0x00,0x00,0x00,#000000
0.798258650000000,0,3,0x00,0x00,0x00,#000000
0.798286340000000,0,4,0x00,0x00,0x00,#000000
0.798314040000000,0,5,0x00,0x00,0x00,#000000
0.798341730000000,0,6,0x00,0x00,0x00,#000000
0.798369430000000,0,7,0x00,0x00,0x00,#000000
0.798397120000000,0,8,0x00,0x00,0x00,#000000
0.798424810000000,0,9,0x00,0x00,0x00,#000000
0.798452500000000,0,10,0x00,0x00,0x00,#000000
0.798480200000000,0,11,0x00,0x00,0x00,#000000
0.798507890000000,0,12,0x00,0x00,0x00,#000000
0.798535580000000,0,13,0x00,0x00,0x00,#000000
0.798563270000000,0,14,0x00,0x00,0x00,#000000
0.798590970000000,0,15,0x00,0x00,0x00,#000000
0.809271580000000,0,0,0x7E,0x00,0x00,#7e0000
0.809299270000000,0,1,0x00,0x00,0x00,#000000
0.809326960000000,0,2,0x00,0x00,0x00,#000000
0.809354660000000,0,3,0x00,0x00,0x00,#000000
0.809382350000000,0,4,0x00,0x00,0x00,#000000
0.809410050000000,0,5,0x00,0x00,0x00,#000000
0.809437740000000,0,6,0x00,0x00,0x00,#000000
0.809465430000000,0,7,0x00,0x00,0x00,#000000
0.809493120000000,0,8,0x00,0x00,0x00,#000000
0.809520820000000,0,9,0x00,0x00,0x00,#000000
0.809548510000000,0,10,0x00,0x00,0x00,#000000
0.809576200000000,0,11,0x00,0x00,0x00,#000000
0.809603900000000,0,12,0x00,0x00,0x00,#000000
0.809631590000000,0,13,0x00,0x00,0x00,#000000
0.809659280000000,0,14,0x00,0x00,0x00,#000000
0.809686970000000,0,15,0x00,0x00,0x00,#000000
0.820264750000000,0,0,0x7E,0x00,0x00,#7e0000
0.820292440000000,0,1,0x00,0x00,0x00,#000000
0.820320130000000,0,2,0x00,0x00,0x00,#000000
0.820347830000000,0,3,0x00,0x00,0x00,#000000
0.820375520000000,0,4,0x00,0x00,0x00,#000000
0.820403210000000,0,5,0x00,0x00,0x00,#000000
0.820430900000000,0,6,0x00,0x00,0x00,#000000
0.820458600000000,0,7,0x00,0x00,0x00,#000000
0.820486290000000,0,8,0x00,0x00,0x00,#000000
0.820513980000000,0,9,0x00,0x00,0x00,#000000
0.820541680000000,0,10,0x00,0x00,0x00,#000000
0.820569370000000,0,11,0x00,0x00,0x00,#000000
0.820597070000000,0,12,0x00,0x00,0x00,#000000
0.820624750000000,0,13,0x00,0x00,0x00,#000000
0.820652450000000,0,14,0x00,0x00,0x00,#000000
0.820680140000000,0,15,0x00,0x00,0x00,#000000
0.831167720000000,0,0,0x7E,0x00,0x00,#7e0000
0.831195410000000,0,1,0x00,0x00,0x00,#000000
0.831223110000000,0,2,0x00,0x00,0x00,#000000
0.831250800000000,0,3,0x00,0x00,0x00,#000000
0.831278490000000,0,4,0x00,0x00,0x00,#000000
0.831306180000000,0,5,0x00,0x00,0x00,#000000
0.831333880000000,0,6,0x00,0x00,0x00,#000000
0.831361570000000,0,7,0x00,0x00,0x00,#000000
0.831389260000000,0,8,0x00,0x00,0x00,#000000
0.831416960000000,0,9,0x00,0x00,0x00,#000000
0.831444650000000,0,10,0x00,0x00,0x00,#000000
0.831472340000000,0,11,0x00,0x00,0x00,#000000
0.831500030000000,0,12,0x00,0x00,0x00,#000000
0.831527730000000,0,13,0x00,0x00,0x00,#000000
0.831555420000000,0,14,0x00,0x00,0x00,#000000
0.831583120000000,0,15,0x00,0x00,0x00,#000000
0.842275220000000,0,0,0x7E,0x00,0x00,#7e0000
0.842302910000000,0,1,0x00,0x00,0x00,#000000
0.842330600000000,0,2,0x00,0x00,0x00,#000000
0.842358290000000,0,3,0x00,0x00,0x00,#000000
0.842385990000000,0,4,0x00,0x00,0x00,#000000
0.842413680000000,0,5,0x00,0x00,0x00,#000000
0.842441380000000,0,6,0x00,0x00,0x00,#000000
0.842469060000000,0,7,0x00,0x00,0x00,#000000
0.842496760000000,0,8,0x00,0x00,0x00,#000000
0.842524450000000,0,9,0x00,0x00,0x00,#000000
0.842552150000000,0,10,0x00,0x00,0x00,#000000
0.842579840000000,0,11,0x00,0x00,0x00,#000000
0.842607530000000,0,12,0x00,0x00,0x00,#000000
0.842635230000000,0,13,0x00,0x00,0x00,#000000
0.842662920000000,0,14,0x00,0x00,0x00,#000000
0.842690610000000,0,15,0x00,0x00,0x00,#000000
0.853269160000000,0,0,0x7E,0x00,0x00,#7e0000
0.853296840000000,0,1,0x00,0x00,0x00,#000000
0.853324540000000,0,2,0x00,0x00,0x00,#000000
0.853352230000000,0,3,0x00,0x00,0x00,#000000
0.853379930000000,0,4,0x00,0x00,0x00,#000000
0.853407610000000,0,5,0x00,0x00,0x00,#000000
0.853435310000000,0,6,0x00,0x00,0x00,#000000
0.853463000000000,0,7,0x00,0x00,0x00,#000000
0.853490700000000,0,8,0x00,0x00,0x00,#000000
0.853518390000000,0,9,0x00,0x00,0x00,#000000
0.853546080000000,0,10,0x00,0x00,0x00,#000000
0.853573770000000,0,11,0x00,0x00,0x00,#000000
0.853601470000000,0,12,0x00,0x00,0x00,#000000
0.853629160000000,0,13,0x00,0x00,0x00,#000000
0.853656850000000,0,14,0x00,0x00,0x00,#000000
0.853684550000000,0,15,0x00,0x00,0x00,#000000
0.864168570000000,0,0,0x7E,0x00,0x00,#7e0000
0.864196260000000,0,1,0x00,0x00,0x00,#000000
0.864223960000000,0,2,0x00,0x00,0x00,#000000
0.864251640000000,0,3,0x00,0x00,0x00,#000000
0.864279340000000,0,4,0x00,0x00,0x00,#000000
0.864307030000000,0,5,0x00,0x00,0x00,#000000
0.864334730000000,0,6,0x00,0x00,0x00,#000000
0.864362410000000,0,7,0x00,0x00,0x00,#000000
0.864390110000000,0,8,0x00,0x00,0x00,#000000
0.864417800000000,0,9,0x00,0x00,0x00,#000000
0.864445500000000,0,10,0x00,0x00,0x00,#000000
0.864473190000000,0,11,0x00,0x00,0x00,#000000
0.864500880000000,0,12,0x00,0x00,0x00,#000000
0.864528580000000,0,13,0x00,0x00,0x00,#000000
0.864556270000000,0,14,0x00,0x00,0x00,#000000
0.864583960000000,0,15,0x00,0x00,0x00,#000000
0.875268080000000,0,0,0x7E,0x00,0x00,#7e0000
0.875295780000000,0,1,0x00,0x00,0x00,#000000
0.875323470000000,0,2,0x00,0x00,0x00,#000000
0.875351160000000,0,3,0x00,0x00,0x00,#000000
0.875378850000000,0,4,0x00,0x00,0x00,#000000
0.875406550000000,0,5,0x00,0x00,0x00,#000000
0.875434240000000,0,6,0x00,0x00,0x00,#000000
0.875461930000000,0,7,0x00,0x00,0x00,#000000
0.875489630000000,0,8,0x00,0x00,0x00,#000000
0.875517320000000,0,9,0x00,0x00,0x00,#000000
0.875545010000000,0,10,0x00,0x00,0x00,#000000
0.875572700000000,0,11,0x00,0x00,0x00,#000000
0.875600400000000,0,12,0x00,0x00,0x00,#000000
0.875628090000000,0,13,0x00,0x00,0x00,#000000
0.875655790000000,0,14,0x00,0x00,0x00,#000000
0.875683480000000,0,15,0x00,0x00,0x00,#000000
0.886260870000000,0,0,0x7E,0x00,0x00,#7e0000
0.886288560000000,0,1,0x00,0x00,0x00,#000000
0.886316250000000,0,2,0x00,0x00,0x00,#000000
0.886343940000000,0,3,0x00,0x00,0x00,#000000
0.886371640000000,0,4,0x00,0x00,0x00,#000000
0.886399330000000,0,5,0x00,0x00,0x00,#000000
0.886427030000000,0,6,0x00,0x00,0x00,#000000
0.886454710000000,0,7,0x00,0x00,0x00,#000000
0.886482410000000,0,8,0x00,0x00,0x00,#000000
0.886510100000000,0,9,0x00,0x00,0x00,#000000
0.886537800000000,0,10,0x00,0x00,0x00,#000000
0.886565490000000,0,11,0x00,0x00,0x00,#000000
0.886593180000000,0,12,0x00,0x00,0x00,#000000
0.886620870000000,0,13,0x00,0x00,0x00,#000000
0.886648570000000,0,14,0x00,0x00,0x00,#000000
0.886676260000000,0,15,0x00,0x00,0x00,#000000
0.897169560000000,0,0,0x7E,0x00,0x00,#7e0000
0.897197250000000,0,1,0x00,0x00,0x00,#000000
0.897224950000000,0,2,0x00,0x00,0x00,#000000
0.897252630000000,0,3,0x00,0x00,0x00,#000000
0.897280330000000,0,4,0x00,0x00,0x00,#000000
0.897308020000000,0,5,0x00,0x00,0x00,#000000
0.897335720000000,0,6,0x00,0x00,0x00,#000000
0.897363410000000,0,7,0x00,0x00,0x00,#000000
0.897391100000000,0,8,0x00,0x00,0x00,#000000
0.897418800000000,0,9,0x00,0x00,0x00,#000000
0.897446490000000,0,10,0x00,0x00,0x00,#000000
0.897474180000000,0,11,0x00,0x00,0x00,#000000
0.897501870000000,0,12,0x00,0x00,0x00,#000000
0.897529570000000,0,13,0x00,0x00,0x00,#000000
0.897557260000000,0,14,0x00,0x00,0x00,#000000
0.897584960000000,0,15,0x00,0x00,0x00,#000000
0.908268540000000,0,0,0x7E,0x00,0x00,#7e0000
0.908296240000000,0,1,0x00,0x00,0x00,#000000
0.908323930000000,0,2,0x00,0x00,0x00,#000000
0.908351630000000,0,3,0x00,0x00,0x00,#000000
0.908379320000000,0,4,0x00,0x00,0x00,#000000
0.908407010000000,0,5,0x00,0x00,0x00,#000000
0.908434700000000,0,6,0x00,0x00,0x00,#000000
0.908462400000000,0,7,0x00,0x00,0x00,#000000
0.908490090000000,0,8,0x00,0x00,0x00,#000000
0.908517780000000,0,9,0x00,0x00,0x00,#000000
0.908545470000000,0,10,0x00,0x00,0x00,#000000
0.908573170000000,0,11,0x00,0x00,0x00,#000000
0.908600860000000,0,12,0x00,0x00,0x00,#000000
0.908628550000000,0,13,0x00,0x00,0x00,#000000
0.908656250000000,0,14,0x00,0x00,0x00,#000000
0.908683940000000,0,15,0x00,0x00,0x00,#000000
0.919267000000000,0,0,0x7E,0x00,0x00,#7e0000
0.919294690000000,0,1,0x00,0x00,0x00,#000000
0.919322390000000,0,2,0x00,0x00,0x00,#000000
0.919350080000000,0,3,0x00,0x00,0x00,#000000
0.919377770000000,0,4,0x00,0x00,0x00,#000000
0.919405470000000,0,5,0x00,0x00,0x00,#000000
0.919433160000000,0,6,0x00,0x00,0x00,#000000
0.919460850000000,0,7,0x00,0x00,0x00,#000000
0.919488540000000,0,8,0x00,0x00,0x00,#000000
0.919516240000000,0,9,0x00,0x00,0x00,#000000
0.919543930000000,0,10,0x00,0x00,0x00,#000000
0.919571630000000,0,11,0x00,0x00,0x00,#000000
0.919599320000000,0,12,0x00,0x00,0x00,#000000
0.919627010000000,0,13,0x00,0x00,0x00,#000000
0.919654700000000,0,14,0x00,0x00,0x00,#000000
0.919682400000000,0,15,0x00,0x00,0x00,#000000
0.930170940000000,0,0,0x7E,0x00,0x00,#7e0000
0.930198630000000,0,1,0x00,0x00,0x00,#000000
0.930226320000000,0,2,0x00,0x00,0x00,#000000
0.930254010000000,0,3,0x00,0x00,0x00,#000000
0.930281710000000,0,4,0x00,0x00,0x00,#000000
0.930309400000000,0,5,0x00,0x00,0x00,#000000
0.930337090000000,0,6,0x00,0x00,0x00,#000000
0.930364790000000,0,7,0x00,0x00,0x00,#000000
0.930392480000000,0,8,0x00,0x00,0x00,#000000
0.930420170000000,0,9,0x00,0x00,0x00,#000000
0.930447860000000,0,10,0x00,0x00,0x00,#000000
0.930475560000000,0,11,0x00,0x00,0x00,#000000
0.930503250000000,0,12,0x00,0x00,0x00,#000000
0.930530950000000,0,13,0x00,0x00,0x00,#000000
0.930558640000000,0,14,0x00,0x00,0x00,#000000
0.930586330000000,0,15,0x00,0x00,0x00,#000000
0.941276700000000,0,0,0x7E,0x00,0x00,#7e0000
0.941304390000000,0,1,0x00,0x00,0x00,#000000
0.941332090000000,0,2,0x00,0x00,0x00,#000000
0.941359780000000,0,3,0x00,0x00,0x00,#000000
0.941387480000000,0,4,0x00,0x00,0x00,#000000
0.941415170000000,0,5,0x00,0x00,0x00,#000000
0.941442860000000,0,6,0x00,0x00,0x00,#000000
0.941470550000000,0,7,0x00,0x00,0x00,#000000
0.941498250000000,0,8,0x00,0x00,0x00,#000000
0.941525940000000,0,9,0x00,0x00,0x00,#000000
0.941553630000000,0,10,0x00,0x00,0x00,#000000
0.941581320000000,0,11,0x00,0x00,0x00,#000000
0.941609020000000,0,12,0x00,0x00,0x00,#000000
0.941636710000000,0,13,0x00,0x00,0x00,#000000
0.941664400000000,0,14,0x00,0x00,0x00,#000000
0.941692100000000,0,15,0x00,0x00,0x00,#000000
0.952274580000000,0,0,0x7E,0x00,0x00,#7e0000
0.952302270000000,0,1,0x00,0x00,0x00,#000000
0.952329970000000,0,2,0x00,0x00,0x00,#000000
0.952357660000000,0,3,0x00,0x00,0x00,#000000
0.952385350000000,0,4,0x00,0x00,0x00,#000000
0.952413050000000,0,5,0x00,0x00,0x00,#000000
0.952440740000000,0,6,0x00,0x00,0x00,#000000
0.952468430000000,0,7,0x00,0x00,0x00,#000000
0.952496120000000,0,8,0x00,0x00,0x00,#000000
0.952523820000000,0,9,0x00,0x00,0x00,#000000
0.952551510000000,0,10,0x00,0x00,0x00,#000000
0.952579210000000,0,11,0x00,0x00,0x00,#000000
0.952606900000000,0,12,0x00,0x00,0x00,#000000
0.952634590000000,0,13,0x00,0x00,0x00,#000000
0.952662280000000,0,14,0x00,0x00,0x00,#000000
0.952689980000000,0,15,0x00,0x00,0x00,#000000
0.963171110000000,0,0,0x7E,0x00,0x00,#7e0000
0.963198800000000,0,1,0x00,0x00,0x00,#000000
0.963226500000000,0,2,0x00,0x00,0x00,#000000
0.963254190000000,0,3,0x00,0x00,0x00,#000000
0.963281880000000,0,4,0x00,0x00,0x00,#000000
0.963309580000000,0,5,0x00,0x00,0x00,#000000
0.963337270000000,0,6,0x00,0x00,0x00,#000000
0.963364960000000,0,7,0x00,0x00,0x00,#000000
0.963392650000000,0,8,0x00,0x00,0x00,#000000
0.963420350000000,0,9,0x00,0x00,0x00,#000000
0.963448040000000,0,10,0x00,0x00,0x00,#000000
0.963475740000000,0,11,0x00,0x00,0x00,#000000
0.963503420000000,0,12,0x00,0x00,0x00,#000000
0.963531120000000,0,13,0x00,0x00,0x00,#000000
0.963558810000000,0,14,0x00,0x00,0x00,#000000
0.963586510000000,0,15,0x00,0x00,0x00,#000000
0.974274470000000,0,0,0x7E,0x00,0x00,#7e0000
0.974302160000000,0,1,0x00,0x00,0x00,#000000
0.974329860000000,0,2,0x00,0x00,0x00,#000000
0.974357550000000,0,3,0x00,0x00,0x00,#000000
0.974385240000000,0,4,0x00,0x00,0x00,#000000
0.974412940000000,0,5,0x00,0x00,0x00,#000000
0.974440630000000,0,6,0x00,0x00,0x00,#000000
0.974468330000000,0,7,0x00,0x00,0x00,#000000
0.974496020000000,0,8,0x00,0x00,0x00,#000000
0.974523710000000,0,9,0x00,0x00,0x00,#000000
0.974551400000000,0,10,0x00,0x00,0x00,#000000
0.974579100000000,0,11,0x00,0x00,0x00,#000000
0.974606790000000,0,12,0x00,0x00,0x00,#000000
0.974634480000000,0,13,0x00,0x00,0x00,#000000
0.974662170000000,0,14,0x00,0x00,0x00,#000000
0.974689870000000,0,15,0x00,0x00,0x00,#000000
0.985266540000000,0,0,0x7E,0x00,0x00,#7e0000
0.985294230000000,0,1,0x00,0x00,0x00,#000000
0.985321920000000,0,2,0x00,0x00,0x00,#000000
0.985349610000000,0,3,0x00,0x00,0x00,#000000
0.985377310000000,0,4,0x00,0x00,0x00,#000000
0.985405000000000,0,5,0x00,0x00,0x00,#000000
0.985432690000000,0,6,0x00,0x00,0x00,#000000
0.985460380000000,0,7,0x00,0x00,0x00,#000000
0.985488080000000,0,8,0x00,0x00,0x00,#000000
0.985515770000000,0,9,0x00,0x00,0x00,#000000
0.985543470000000,0,10,0x00,0x00,0x00,#000000
0.985571150000000,0,11,0x00,0x00,0x00,#000000
0.985598850000000,0,12,0x00,0x00,0x00,#000000
0.985626540000000,0,13,0x00,0x00,0x00,#000000
0.985654240000000,0,14,0x00,0x00,0x00,#000000
0.985681930000000,0,15,0x00,0x00,0x00,#000000
0.996171960000000,0,0,0x7E,0x00,0x00,#7e0000
0.996199650000000,0,1,0x00,0x00,0x00,#000000
0.996227350000000,0,2,0x00,0x00,0x00,#000000
0.996255040000000,0,3,0x00,0x00,0x00,#000000
0.996282730000000,0,4,0x00,0x00,0x00,#000000
0.996310420000000,0,5,0x00,0x00,0x00,#000000
0.996338120000000,0,6,0x00,0x00,0x00,#000000
0.996365810000000,0,7,0x00,0x00,0x00,#000000
0.996393500000000,0,8,0x00,0x00,0x00,#000000
0.996421200000000,0,9,0x00,0x00,0x00,#000000
0.996448890000000,0,10,0x00,0x00,0x00,#000000
0.996476580000000,0,11,0x00,0x00,0x00,#000000
0.996504270000000,0,12,0x00,0x00,0x00,#000000
0.996531970000000,0,13,0x00,0x00,0x00,#000000
0.996559660000000,0,14,0x00,0x00,0x00,#000000
0.996587360000000,0,15,0x00,0x00,0x00,#000000
1.007279600000000,0,0,0x7E,0x00,0x00,#7e0000
1.007307290000000,0,1,0x00,0x00,0x00,#000000
1.007334990000000,0,2,0x00,0x00,0x00,#000000
1.007362680000000,0,3,0x00,0x00,0x00,#000000
1.007390370000000,0,4,0x00,0x00,0x00,#000000
1.007418070000000,0,5,0x00,0x00,0x00,#000000
1.007445760000000,0,6,0x00,0x00,0x00,#000000
1.007473450000000,0,7,0x00,0x00,0x00,#000000
1.007501140000000,0,8,0x00,0x00,0x00,#000000
1.007528840000000,0,9,0x00,0x00,0x00,#000000
1.007556530000000,0,10,0x00,0x00,0x00,#000000
1.007584220000000,0,11,0x00,0x00,0x00,#000000
1.007611910000000,0,12,0x00,0x00,0x00,#000000
1.007639610000000,0,13,0x00,0x00,0x00,#000000
1.007667300000000,0,14,0x00,0x00,0x00,#000000
1.007695000000000,0,15,0x00,0x00,0x00,#000000
1.018266370000000,0,0,0x7E,0x00,0x00,#7e0000
1.018294060000000,0,1,0x00,0x00,0x00,#000000
1.018321760000000,0,2,0x00,0x00,0x00,#000000
1.018349450000000,0,3,0x00,0x00,0x00,#000000
1.018377150000000,0,4,0x00,0x00,0x00,#000000
1.018404840000000,0,5,0x00,0x00,0x00,#000000
1.018432530000000,0,6,0x00,0x00,0x00,#000000
1.018460220000000,0,7,0x00,0x00,0x00,#000000
1.018487920000000,0,8,0x00,0x00,0x00,#000000
1.018515610000000,0,9,0x00,0x00,0x00,#000000
1.018543300000000,0,10,0x00,0x00,0x00,#000000
1.018571000000000,0,11,0x00,0x00,0x00,#000000
1.018598690000000,0,12,0x00,0x00,0x00,#000000
1.018626380000000,0,13,0x00,0x00,0x00,#000000
1.018654070000000,0,14,0x00,0x00,0x00,#000000
1.018681770000000,0,15,0x00,0x00,0x00,#000000
1.029173480000000,0,0,0x7E,0x00,0x00,#7e0000
1.029201180000000,0,1,0x00,0x00,0x00,#000000
1.029228860000000,0,2,0x00,0x00,0x00,#000000
1.029256560000000,0,3,0x00,0x00,0x00,#000000
1.029284250000000,0,4,0x00,0x00,0x00,#000000
1.029311950000000,0,5,0x00,0x00,0x00,#000000
1.029339640000000,0,6,0x00,0x00,0x00,#000000
1.029367330000000,0,7,0x00,0x00,0x00,#000000
1.029395020000000,0,8,0x00,0x00,0x00,#000000
1.029422720000000,0,9,0x00,0x00,0x00,#000000
1.029450410000000,0,10,0x00,0x00,0x00,#000000
1.029478100000000,0,11,0x00,0x00,0x00,#000000
1.029505800000000,0,12,0x00,0x00,0x00,#000000
1.029533490000000,0,13,0x00,0x00,0x00,#000000
1.029561180000000,0,14,0x00,0x00,0x00,#000000
1.029588870000000,0,15,0x00,0x00,0x00,#000000
1.040281650000000,0,0,0x7E,0x00,0x00,#7e0000
1.040309340000000,0,1,0x00,0x00,0x00,#000000
1.040337040000000,0,2,0x00,0x00,0x00,#000000
1.040364730000000,0,3,0x00,0x00,0x00,#000000
1.040392420000000,0,4,0x00,0x00,0x00,#000000
1.040420110000000,0,5,0x00,0x00,0x00,#000000
1.040447810000000,0,6,0x00,0x00,0x00,#000000
1.040475500000000,0,7,0x00,0x00,0x00,#000000
1.040503190000000,0,8,0x00,0x00,0x00,#000000
1.040530880000000,0,9,0x00,0x00,0x00,#000000
1.040558580000000,0,10,0x00,0x00,0x00,#000000
1.040586270000000,0,11,0x00,0x00,0x00,#000000
1.040613970000000,0,12,0x00,0x00,0x00,#000000
1.040641660000000,0,13,0x00,0x00,0x00,#000000
1.040669350000000,0,14,0x00,0x00,0x00,#000000
1.040697050000000,0,15,0x00,0x00,0x00,#000000
1.051267560000000,0,0,0x7E,0x00,0x00,#7e0000
1.051295250000000,0,1,0x00,0x00,0x00,#000000
1.051322940000000,0,2,0x00,0x00,0x00,#000000
1.051350640000000,0,3,0x00,0x00,0x00,#000000
1.051378330000000,0,4,0x00,0x00,0x00,#000000
1.051406020000000,0,5,0x00,0x00,0x00,#000000
1.051433720000000,0,6,0x00,0x00,0x00,#000000
1.051461410000000,0,7,0x00,0x00,0x00,#000000
1.051489100000000,0,8,0x00,0x00,0x00,#000000
1.051516790000000,0,9,0x00,0x00,0x00,#000000
1.051544490000000,0,10,0x00,0x00,0x00,#000000
1.051572180000000,0,11,0x00,0x00,0x00,#000000
1.051599880000000,0,12,0x00,0x00,0x00,#000000
1.051627560000000,0,13,0x00,0x00,0x00,#000000
1.051655260000000,0,14,0x00,0x00,0x00,#000000
1.051682950000000,0,15,0x00,0x00,0x00,#000000
1.062173650000000,0,0,0x7E,0x00,0x00,#7e0000
1.062201350000000,0,1,0x00,0x00,0x00,#000000
1.062229040000000,0,2,0x00,0x00,0x00,#000000
1.062256730000000,0,3,0x00,0x00,0x00,#000000
1.062284430000000,0,4,0x00,0x00,0x00,#000000
1.062312120000000,0,5,0x00,0x00,0x00,#000000
1.062339810000000,0,6,0x00,0x00,0x00,#000000
1.062367500000000,0,7,0x00,0x00,0x00,#000000
1.062395200000000,0,8,0x00,0x00,0x00,#000000
1.062422890000000,0,9,0x00,0x00,0x00,#000000
1.062450590000000,0,10,0x00,0x00,0x00,#000000
1.062478280000000,0,11,0x00,0x00,0x00,#000000
1.062505970000000,0,12,0x00,0x00,0x00,#000000
1.062533660000000,0,13,0x00,0x00,0x00,#000000
1.062561360000000,0,14,0x00,0x00,0x00,#000000
1.062589050000000,0,15,0x00,0x00,0x00,#000000
1.073285380000000,0,0,0x7E,0x00,0x00,#7e0000
1.073313080000000,0,1,0x00,0x00,0x00,#000000
1.073340770000000,0,2,0x00,0x00,0x00,#000000
1.073368460000000,0,3,0x00,0x00,0x00,#000000
1.073396150000000,0,4,0x00,0x00,0x00,#000000
1.073423850000000,0,5,0x00,0x00,0x00,#000000
1.073451540000000,0,6,0x00,0x00,0x00,#000000
1.073479230000000,0,7,0x00,0x00,0x00,#000000
1.073506930000000,0,8,0x00,0x00,0x00,#000000
1.073534620000000,0,9,0x00,0x00,0x00,#000000
1.073562320000000,0,10,0x00,0x00,0x00,#000000
1.073590000000000,0,11,0x00,0x00,0x00,#000000
1.073617700000000,0,12,0x00,0x00,0x00,#000000
1.073645390000000,0,13,0x00,0x00,0x00,#000000
1.073673090000000,0,14,0x00,0x00,0x00,#000000
1.073700780000000,0,15,0x00,0x00,0x00,#000000
1.084273170000000,0,0,0x7E,0x00,0x00,#7e0000
1.084300860000000,0,1,0x00,0x00,0x00,#000000
1.084328550000000,0,2,0x00,0x00,0x00,#000000
1.084356240000000,0,3,0x00,0x00,0x00,#000000
1.084383940000000,0,4,0x00,0x00,0x00,#000000
1.084411630000000,0,5,0x00,0x00,0x00,#000000
1.084439320000000,0,6,0x00,0x00,0x00,#000000
1.084467010000000,0,7,0x00,0x00,0x00,#000000
1.084494710000000,0,8,0x00,0x00,0x00,#000000
1.084522400000000,0,9,0x00,0x00,0x00,#000000
1.084550100000000,0,10,0x00,0x00,0x00,#000000
1.084577790000000,0,11,0x00,0x00,0x00,#000000
1.084605480000000,0,12,0x00,0x00,0x00,#000000
1.084633170000000,0,13,0x00,0x00,0x00,#000000
1.084660870000000,0,14,0x00,0x00,0x00,#000000
1.084688560000000,0,15,0x00,0x00,0x00,#000000
1.095174500000000,0,0,0x7E,0x00,0x00,#7e0000
1.095202200000000,0,1,0x00,0x00,0x00,#000000
1.095229890000000,0,2,0x00,0x00,0x00,#000000
1.095257580000000,0,3,0x00,0x00,0x00,#000000
1.095285270000000,0,4,0x00,0x00,0x00,#000000
1.095312970000000,0,5,0x00,0x00,0x00,#000000
1.095340660000000,0,6,0x00,0x00,0x00,#000000
1.095368350000000,0,7,0x00,0x00,0x00,#000000
1.095396050000000,0,8,0x00,0x00,0x00,#000000
1.095423740000000,0,9,0x00,0x00,0x00,#000000
1.095451430000000,0,10,0x00,0x00,0x00,#000000
1.095479130000000,0,11,0x00,0x00,0x00,#000000
1.095506820000000,0,12,0x00,0x00,0x00,#000000
1.095534510000000,0,13,0x00,0x00,0x00,#000000
1.095562210000000,0,14,0x00,0x00,0x00,#000000
1.095589900000000,0,15,0x00,0x00,0x00,#000000
1.106279640000000,0,0,0x7E,0x00,0x00,#7e0000
1.106307340000000,0,1,0x00,0x00,0x00,#000000
1.106335030000000,0,2,0x00,0x00,0x00,#000000
1.106362720000000,0,3,0x00,0x00,0x00,#000000
1.106390410000000,0,4,0x00,0x00,0x00,#000000
1.106418110000000,0,5,0x00,0x00,0x00,#000000
1.106445800000000,0,6,0x00,0x00,0x00,#000000
1.106473490000000,0,7,0x00,0x00,0x00,#000000
1.106501190000000,0,8,0x00,0x00,0x00,#000000
1.106528880000000,0,9,0x00,0x00,0x00,#000000
1.106556580000000,0,10,0x00,0x00,0x00,#000000
1.106584260000000,0,11,0x00,0x00,0x00,#000000
1.106611960000000,0,12,0x00,0x00,0x00,#000000
1.106639650000000,0,13,0x00,0x00,0x00,#000000
1.106667350000000,0,14,0x00,0x00,0x00,#000000
1.106695040000000,0,15,0x00,0x00,0x00,#000000
1.117271950000000,0,0,0x7E,0x00,0x00,#7e0000
1.117299640000000,0,1,0x00,0x00,0x00,#000000
1.117327330000000,0,2,0x00,0x00,0x00,#000000
1.117355020000000,0,3,0x00,0x00,0x00,#000000
1.117382720000000,0,4,0x00,0x00,0x00,#000000
1.117410410000000,0,5,0x00,0x00,0x00,#000000
1.117438110000000,0,6,0x00,0x00,0x00,#000000
1.117465790000000,0,7,0x00,0x00,0x00,#000000
1.117493490000000,0,8,0x00,0x00,0x00,#000000
1.117521180000000,0,9,0x00,0x00,0x00,#000000
1.117548880000000,0,10,0x00,0x00,0x00,#000000
1.117576570000000,0,11,0x00,0x00,0x00,#000000
1.117604260000000,0,12,0x00,0x00,0x00,#000000
1.117631950000000,0,13,0x00,0x00,0x00,#000000
1.117659650000000,0,14,0x00,0x00,0x00,#000000
1.117687340000000,0,15,0x00,0x00,0x00,#000000
1.128176690000000,0,0,0x7E,0x00,0x00,#7e0000
1.128204390000000,0,1,0x00,0x00,0x00,#000000
1.128232080000000,0,2,0x00,0x00,0x00,#000000
1.128259780000000,0,3,0x00,0x00,0x00,#000000
1.128287470000000,0,4,0x00,0x00,0x00,#000000
1.128315160000000,0,5,0x00,0x00,0x00,#000000
1.128342850000000,0,6,0x00,0x00,0x00,#000000
1.128370550000000,0,7,0x00,0x00,0x00,#000000
1.128398240000000,0,8,0x00,0x00,0x00,#000000
1.128425930000000,0,9,0x00,0x00,0x00,#000000
1.128453630000000,0,10,0x00,0x00,0x00,#000000
1.128481320000000,0,11,0x00,0x00,0x00,#000000
1.128509010000000,0,12,0x00,0x00,0x00,#000000
1.128536700000000,0,13,0x00,0x00,0x00,#000000
1.128564400000000,0,14,0x00,0x00,0x00,#000000
1.128592090000000,0,15,0x00,0x00,0x00,#000000
1.139280490000000,0,0,0x7E,0x00,0x00,#7e0000
1.139308190000000,0,1,0x00,0x00,0x00,#000000
1.139335880000000,0,2,0x00,0x00,0x00,#000000
1.139363570000000,0,3,0x00,0x00,0x00,#000000
1.139391260000000,0,4,0x00,0x00,0x00,#000000
1.139418960000000,0,5,0x00,0x00,0x00,#000000
1.139446650000000,0,6,0x00,0x00,0x00,#000000
1.139474340000000,0,7,0x00,0x00,0x00,#000000
1.139502030000000,0,8,0x00,0x00,0x00,#000000
1.139529730000000,0,9,0x00,0x00,0x00,#000000
1.139557420000000,0,10,0x00,0x00,0x00,#000000
1.139585110000000,0,11,0x00,0x00,0x00,#000000
1.139612810000000,0,12,0x00,0x00,0x00,#000000
1.139640500000000,0,13,0x00,0x00,0x00,#000000
1.139668190000000,0,14,0x00,0x00,0x00,#000000
1.139695890000000,0,15,0x00,0x00,0x00,#000000
1.150269810000000,0,0,0x7E,0x00,0x00,#7e0000
1.150297510000000,0,1,0x00,0x00,0x00,#000000
1.150325200000000,0,2,0x00,0x00,0x00,#000000
1.150352890000000,0,3,0x00,0x00,0x00,#000000
1.150380580000000,0,4,0x00,0x00,0x00,#000000
1.150408280000000,0,5,0x00,0x00,0x00,#000000
1.150435970000000,0,6,0x00,0x00,0x00,#000000
1.150463670000000,0,7,0x00,0x00,0x00,#000000
1.150491350000000,0,8,0x00,0x00,0x00,#000000
1.150519050000000,0,9,0x00,0x00,0x00,#000000
1.150546740000000,0,10,0x00,0x00,0x00,#000000
1.150574440000000,0,11,0x00,0x00,0x00,#000000
1.150602130000000,0,12,0x00,0x00,0x00,#000000
1.150629820000000,0,13,0x00,0x00,0x00,#000000
1.150657510000000,0,14,0x00,0x00,0x00,#000000
1.150685210000000,0,15,0x00,0x00,0x00,#000000
1.161176200000000,0,0,0x7E,0x00,0x00,#7e0000
1.161203890000000,0,1,0x00,0x00,0x00,#000000
1.161231590000000,0,2,0x00,0x00,0x00,#000000
1.161259270000000,0,3,0x00,0x00,0x00,#000000
1.161286970000000,0,4,0x00,0x00,0x00,#000000
1.161314660000000,0,5,0x00,0x00,0x00,#000000
1.161342360000000,0,6,0x00,0x00,0x00,#000000
1.161370050000000,0,7,0x00,0x00,0x00,#000000
1.161397740000000,0,8,0x00,0x00,0x00,#000000
1.161425440000000,0,9,0x00,0x00,0x00,#000000
1.161453130000000,0,10,0x00,0x00,0x00,#000000
1.161480820000000,0,11,0x00,0x00,0x00,#000000
1.161508510000000,0,12,0x00,0x00,0x00,#000000
1.161536210000000,0,13,0x00,0x00,0x00,#000000
1.161563900000000,0,14,0x00,0x00,0x00,#000000
1.161591600000000,0,15,0x00,0x00,0x00,#000000
1.172285000000000,0,0,0x7E,0x00,0x00,#7e0000
1.172312680000000,0,1,0x00,0x00,0x00,#000000
1.172340380000000,0,2,0x00,0x00,0x00,#000000
1.172368070000000,0,3,0x00,0x00,0x00,#000000
1.172395770000000,0,4,0x00,0x00,0x00,#000000
1.172423460000000,0,5,0x00,0x00,0x00,#000000
1.172451150000000,0,6,0x00,0x00,0x00,#000000
1.172478840000000,0,7,0x00,0x00,0x00,#000000
1.172506540000000,0,8,0x00,0x00,0x00,#000000
1.172534230000000,0,9,0x00,0x00,0x00,#000000
1.172561920000000,0,10,0x00,0x00,0x00,#000000
1.172589620000000,0,11,0x00,0x00,0x00,#000000
1.172617310000000,0,12,0x00,0x00,0x00,#000000
1.172645000000000,0,13,0x00,0x00,0x00,#000000
1.172672690000000,0,14,0x00,0x00,0x00,#000000
1.172700390000000,0,15,0x00,0x00,0x00,#000000
1.183279750000000,0,0,0x7E,0x00,0x00,#7e0000
1.183307440000000,0,1,0x00,0x00,0x00,#000000
1.183335140000000,0,2,0x00,0x00,0x00,#000000
1.183362820000000,0,3,0x00,0x00,0x00,#000000
1.183390520000000,0,4,0x00,0x00,0x00,#000000
1.183418210000000,0,5,0x00,0x00,0x00,#000000
1.183445910000000,0,6,0x00,0x00,0x00,#000000
1.183473600000000,0,7,0x00,0x00,0x00,#000000
1.183501290000000,0,8,0x00,0x00,0x00,#000000
1.183528980000000,0,9,0x00,0x00,0x00,#000000
1.183556680000000,0,10,0x00,0x00,0x00,#000000
1.183584370000000,0,11,0x00,0x00,0x00,#000000
1.183612060000000,0,12,0x00,0x00,0x00,#000000
1.183639760000000,0,13,0x00,0x00,0x00,#000000
1.183667450000000,0,14,0x00,0x00,0x00,#000000
1.183695140000000,0,15,0x00,0x00,0x00,#000000
1.194177050000000,0,0,0x7E,0x00,0x00,#7e0000
1.194204740000000,0,1,0x00,0x00,0x00,#000000
1.194232430000000,0,2,0x00,0x00,0x00,#000000
1.194260120000000,0,3,0x00,0x00,0x00,#000000
1.194287820000000,0,4,0x00,0x00,0x00,#000000
1.194315510000000,0,5,0x00,0x00,0x00,#000000
1.194343210000000,0,6,0x00,0x00,0x00,#000000
1.194370890000000,0,7,0x00,0x00,0x00,#000000
1.194398590000000,0,8,0x00,0x00,0x00,#000000
1.194426280000000,0,9,0x00,0x00,0x00,#000000
1.194453980000000,0,10,0x00,0x00,0x00,#000000
1.194481670000000,0,11,0x00,0x00,0x00,#000000
1.194509360000000,0,12,0x00,0x00,0x00,#000000
1.194537050000000,0,13,0x00,0x00,0x00,#000000
1.194564750000000,0,14,0x00,0x00,0x00,#000000
1.194592440000000,0,15,0x00,0x00,0x00,#000000
1.205316420000000,0,0,0x7E,0x00,0x00,#7e0000
1.205344110000000,0,1,0x00,0x00,0x00,#000000
1.205371800000000,0,2,0x00,0x00,0x00,#000000
1.205399500000000,0,3,0x00,0x00,0x00,#000000
1.205427190000000,0,4,0x00,0x00,0x00,#000000
1.205454890000000,0,5,0x00,0x00,0x00,#000000
1.205482580000000,0,6,0x00,0x00,0x00,#000000
1.205510270000000,0,7,0x00,0x00,0x00,#000000
1.205537960000000,0,8,0x00,0x00,0x00,#000000
1.205565660000000,0,9,0x00,0x00,0x00,#000000
1.205593350000000,0,10,0x00,0x00,0x00,#000000
1.205621040000000,0,11,0x00,0x00,0x00,#000000
1.205648730000000,0,12,0x00,0x00,0x00,#000000
1.205676430000000,0,13,0x00,0x00,0x00,#000000
1.205704120000000,0,14,0x00,0x00,0x00,#000000
1.205731810000000,0,15,0x00,0x00,0x00,#000000
1.216273430000000,0,0,0x7E,0x00,0x00,#7e0000
1.216301130000000,0,1,0x00,0x00,0x00,#000000
1.216328810000000,0,2,0x00,0x00,0x00,#000000
1.216356510000000,0,3,0x00,0x00,0x00,#000000
1.216384200000000,0,4,0x00,0x00,0x00,#000000
1.216411900000000,0,5,0x00,0x00,0x00,#000000
1.216439590000000,0,6,0x00,0x00,0x00,#000000
1.216467280000000,0,7,0x00,0x00,0x00,#000000
1.216494980000000,0,8,0x00,0x00,0x00,#000000
1.216522670000000,0,9,0x00,0x00,0x00,#000000
1.216550360000000,0,10,0x00,0x00,0x00,#000000
1.216578050000000,0,11,0x00,0x00,0x00,#000000
1.216605750000000,0,12,0x00,0x00,0x00,#000000
1.216633440000000,0,13,0x00,0x00,0x00,#000000
1.216661140000000,0,14,0x00,0x00,0x00,#000000
1.216688820000000,0,15,0x00,0x00,0x00,#000000
1.227177990000000,0,0,0x7E,0x00,0x00,#7e0000
1.227205680000000,0,1,0x00,0x00,0x00,#000000
1.227233380000000,0,2,0x00,0x00,0x00,#000000
1.227261070000000,0,3,0x00,0x00,0x00,#000000
1.227288760000000,0,4,0x00,0x00,0x00,#000000
1.227316450000000,0,5,0x00,0x00,0x00,#000000
1.227344150000000,0,6,0x00,0x00,0x00,#000000
1.227371840000000,0,7,0x00,0x00,0x00,#000000
1.227399540000000,0,8,0x00,0x00,0x00,#000000
1.227427220000000,0,9,0x00,0x00,0x00,#000000
1.227454920000000,0,10,0x00,0x00,0x00,#000000
1.227482610000000,0,11,0x00,0x00,0x00,#000000
1.227510310000000,0,12,0x00,0x00,0x00,#000000
1.227538000000000,0,13,0x00,0x00,0x00,#000000
1.227565690000000,0,14,0x00,0x00,0x00,#000000
1.227593390000000,0,15,0x00,0x00,0x00,#000000
1.238276730000000,0,0,0x7E,0x00,0x00,#7e0000
1.238304430000000,0,1,0x00,0x00,0x00,#000000
1.238332120000000,0,2,0x00,0x00,0x00,#000000
1.238359820000000,0,3,0x00,0x00,0x00,#000000
1.238387510000000,0,4,0x00,0x00,0x00,#000000
1.238415200000000,0,5,0x00,0x00,0x00,#000000
1.238442900000000,0,6,0x00,0x00,0x00,#000000
1.238470590000000,0,7,0x00,0x00,0x00,#000000
1.238498280000000,0,8,0x00,0x00,0x00,#000000
1.238525970000000,0,9,0x00,0x00,0x00,#000000
1.238553670000000,0,10,0x00,0x00,0x00,#000000
1.238581360000000,0,11,0x00,0x00,0x00,#000000
1.238609060000000,0,12,0x00,0x00,0x00,#000000
1.238636740000000,0,13,0x00,0x00,0x00,#000000
1.238664440000000,0,14,0x00,0x00,0x00,#000000
1.238692130000000,0,15,0x00,0x00,0x00,#000000
1.249277020000000,0,0,0x7E,0x00,0x00,#7e0000
1.249304710000000,0,1,0x00,0x00,0x00,#000000
1.249332410000000,0,2,0x00,0x00,0x00,#000000
1.249360100000000,0,3,0x00,0x00,0x00,#000000
1.249387790000000,0,4,0x00,0x00,0x00,#000000
1.249415480000000,0,5,0x00,0x00,0x00,#000000
1.249443180000000,0,6,0x00,0x00,0x00,#000000
1.249470870000000,0,7,0x00,0x00,0x00,#000000
1.249498560000000,0,8,0x00,0x00,0x00,#000000
1.249526250000000,0,9,0x00,0x00,0x00,#000000
1.249553950000000,0,10,0x00,0x00,0x00,#000000
1.249581640000000,0,11,0x00,0x00,0x00,#000000
1.249609340000000,0,12,0x00,0x00,0x00,#000000
1.249637030000000,0,13,0x00,0x00,0x00,#000000
1.249664720000000,0,14,0x00,0x00,0x00,#000000
1.249692420000000,0,15,0x00,0x00,0x00,#000000
1.260178740000000,0,0,0x7E,0x00,0x00,#7e0000
1.260206440000000,0,1,0x00,0x00,0x00,#000000
1.260234130000000,0,2,0x00,0x00,0x00,#000000
1.260261820000000,0,3,0x00,0x00,0x00,#000000
1.260289510000000,0,4,0x00,0x00,0x00,#000000
1.260317210000000,0,5,0x00,0x00,0x00,#000000
1.260344900000000,0,6,0x00,0x00,0x00,#000000
1.260372590000000,0,7,0x00,0x00,0x00,#000000
1.260400280000000,0,8,0x00,0x00,0x00,#000000
1.260427980000000,0,9,0x00,0x00,0x00,#000000
1.260455670000000,0,10,0x00,0x00,0x00,#000000
1.260483370000000,0,11,0x00,0x00,0x00,#000000
1.260511060000000,0,12,0x00,0x00,0x00,#000000
1.260538750000000,0,13,0x00,0x00,0x00,#000000
1.260566440000000,0,14,0x00,0x00,0x00,#000000
1.260594140000000,0,15,0x00,0x00,0x00,#000000
1.271289900000000,0,0,0x7E,0x00,0x00,#7e0000
1.271317580000000,0,1,0x00,0x00,0x00,#000000
1.271345280000000,0,2,0x00,0x00,0x00,#000000
1.271372970000000,0,3,0x00,0x00,0x00,#000000
1.271400670000000,0,4,0x00,0x00,0x00,#000000
1.271428360000000,0,5,0x00,0x00,0x00,#000000
1.271456050000000,0,6,0x00,0x00,0x00,#000000
1.271483740000000,0,7,0x00,0x00,0x00,#000000
1.271511440000000,0,8,0x00,0x00,0x00,#000000
1.271539130000000,0,9,0x00,0x00,0x00,#000000
1.271566820000000,0,10,0x00,0x00,0x00,#000000
1.271594520000000,0,11,0x00,0x00,0x00,#000000
1.271622210000000,0,12,0x00,0x00,0x00,#000000
1.271649900000000,0,13,0x00,0x00,0x00,#000000
1.271677590000000,0,14,0x00,0x00,0x00,#000000
1.271705290000000,0,15,0x00,0x00,0x00,#000000
1.282273110000000,0,0,0x7E,0x00,0x00,#7e0000
1.282300800000000,0,1,0x00,0x00,0x00,#000000
1.282328490000000,0,2,0x00,0x00,0x00,#000000
1.282356190000000,0,3,0x00,0x00,0x00,#000000
1.282383880000000,0,4,0x00,0x00,0x00,#000000
1.282411570000000,0,5,0x00,0x00,0x00,#000000
1.282439260000000,0,6,0x00,0x00,0x00,#000000
1.282466960000000,0,7,0x00,0x00,0x00,#000000
1.282494650000000,0,8,0x00,0x00,0x00,#000000
1.282522350000000,0,9,0x00,0x00,0x00,#000000
1.282550030000000,0,10,0x00,0x00,0x00,#000000
1.282577730000000,0,11,0x00,0x00,0x00,#000000
1.282605420000000,0,12,0x00,0x00,0x00,#000000
1.282633120000000,0,13,0x00,0x00,0x00,#000000
1.282660810000000,0,14,0x00,0x00,0x00,#000000
1.282688500000000,0,15,0x00,0x00,0x00,#000000
1.293179590000000,0,0,0x7E,0x00,0x00,#7e0000
1.293207280000000,0,1,0x00,0x00,0x00,#000000
1.293234980000000,0,2,0x00,0x00,0x00,#000000
1.293262670000000,0,3,0x00,0x00,0x00,#000000
1.293290360000000,0,4,0x00,0x00,0x00,#000000
1.293318060000000,0,5,0x00,0x00,0x00,#000000
1.293345750000000,0,6,0x00,0x00,0x00,#000000
1.293373440000000,0,7,0x00,0x00,0x00,#000000
1.293401130000000,0,8,0x00,0x00,0x00,#000000
1.293428830000000,0,9,0x00,0x00,0x00,#000000
1.293456520000000,0,10,0x00,0x00,0x00,#000000
1.293484220000000,0,11,0x00,0x00,0x00,#000000
1.293511900000000,0,12,0x00,0x00,0x00,#000000
1.293539600000000,0,13,0x00,0x00,0x00,#000000
1.293567290000000,0,14,0x00,0x00,0x00,#000000
1.293594990000000,0,15,0x00,0x00,0x00,#000000
1.304348000000000,0,0,0x7E,0x00,0x00,#7e0000
1.304375690000000,0,1,0x00,0x00,0x00,#000000
1.304403390000000,0,2,0x00,0x00,0x00,#000000
1.304431080000000,0,3,0x00,0x00,0x00,#000000
1.304458770000000,0,4,0x00,0x00,0x00,#000000
1.304486470000000,0,5,0x00,0x00,0x00,#000000
1.304514160000000,0,6,0x00,0x00,0x00,#000000
1.304541850000000,0,7,0x00,0x00,0x00,#000000
1.304569540000000,0,8,0x00,0x00,0x00,#000000
1.304597240000000,0,9,0x00,0x00,0x00,#000000
1.304624930000000,0,10,0x00,0x00,0x00,#000000
1.304652630000000,0,11,0x00,0x00,0x00,#000000
1.304680320000000,0,12,0x00,0x00,0x00,#000000
1.304708010000000,0,13,0x00,0x00,0x00,#000000
1.304735700000000,0,14,0x00,0x00,0x00,#000000
1.304763400000000,0,15,0x00,0x00,0x00,#000000
1.315283330000000,0,0,0x7E,0x00,0x00,#7e0000
1.315311030000000,0,1,0x00,0x00,0x00,#000000
1.315338710000000,0,2,0x00,0x00,0x00,#000000
1.315366410000000,0,3,0x00,0x00,0x00,#000000
1.315394100000000,0,4,0x00,0x00,0x00,#000000
1.315421800000000,0,5,0x00,0x00,0x00,#000000
1.315449490000000,0,6,0x00,0x00,0x00,#000000
1.315477180000000,0,7,0x00,0x00,0x00,#000000
1.315504870000000,0,8,0x00,0x00,0x00,#000000
1.315532570000000,0,9,0x00,0x00,0x00,#000000
1.315560260000000,0,10,0x00,0x00,0x00,#000000
1.315587950000000,0,11,0x00,0x00,0x00,#000000
1.315615650000000,0,12,0x00,0x00,0x00,#000000
1.315643340000000,0,13,0x00,0x00,0x00,#000000
1.315671040000000,0,14,0x00,0x00,0x00,#000000
1.315698720000000,0,15,0x00,0x00,0x00,#000000
1.326180440000000,0,0,0x7E,0x00,0x00,#7e0000
1.326208130000000,0,1,0x00,0x00,0x00,#000000
1.326235830000000,0,2,0x00,0x00,0x00,#000000
1.326263510000000,0,3,0x00,0x00,0x00,#000000
1.326291210000000,0,4,0x00,0x00,0x00,#000000
1.326318900000000,0,5,0x00,0x00,0x00,#000000
1.326346600000000,0,6,0x00,0x00,0x00,#000000
1.326374290000000,0,7,0x00,0x00,0x00,#000000
1.326401980000000,0,8,0x00,0x00,0x00,#000000
1.326429670000000,0,9,0x00,0x00,0x00,#000000
1.326457370000000,0,10,0x00,0x00,0x00,#000000
1.326485060000000,0,11,0x00,0x00,0x00,#000000
1.326512750000000,0,12,0x00,0x00,0x00,#000000
1.326540450000000,0,13,0x00,0x00,0x00,#000000
1.326568140000000,0,14,0x00,0x00,0x00,#000000
1.326595830000000,0,15,0x00,0x00,0x00,#000000
1.337292170000000,0,0,0x7E,0x00,0x00,#7e0000
1.337319860000000,0,1,0x00,0x00,0x00,#000000
1.337347550000000,0,2,0x00,0x00,0x00,#000000
1.337375240000000,0,3,0x00,0x00,0x00,#000000
1.337402940000000,0,4,0x00,0x00,0x00,#000000
1.337430630000000,0,5,0x00,0x00,0x00,#000000
1.337458320000000,0,6,0x00,0x00,0x00,#000000
1.337486010000000,0,7,0x00,0x00,0x00,#000000
1.337513710000000,0,8,0x00,0x00,0x00,#000000
1.337541400000000,0,9,0x00,0x00,0x00,#000000
1.337569100000000,0,10,0x00,0x00,0x00,#000000
1.337596790000000,0,11,0x00,0x00,0x00,#000000
1.337624480000000,0,12,0x00,0x00,0x00,#000000
1.337652170000000,0,13,0x00,0x00,0x00,#000000
1.337679870000000,0,14,0x00,0x00,0x00,#000000
1.337707560000000,0,15,0x00,0x00,0x00,#000000
1.348278220000000,0,0,0x7E,0x00,0x00,#7e0000
1.348305910000000,0,1,0x00,0x00,0x00,#000000
1.348333600000000,0,2,0x00,0x00,0x00,#000000
1.348361290000000,0,3,0x00,0x00,0x00,#000000
1.348388990000000,0,4,0x00,0x00,0x00,#000000
1.348416680000000,0,5,0x00,0x00,0x00,#000000
1.348444380000000,0,6,0x00,0x00,0x00,#000000
1.348472070000000,0,7,0x00,0x00,0x00,#000000
1.348499760000000,0,8,0x00,0x00,0x00,#000000
1.348527450000000,0,9,0x00,0x00,0x00,#000000
1.348555150000000,0,10,0x00,0x00,0x00,#000000
1.348582840000000,0,11,0x00,0x00,0x00,#000000
1.348610530000000,0,12,0x00,0x00,0x00,#000000
1.348638230000000,0,13,0x00,0x00,0x00,#000000
1.348665920000000,0,14,0x00,0x00,0x00,#000000
1.348693610000000,0,15,0x00,0x00,0x00,#000000
1.359181290000000,0,0,0x7E,0x00,0x00,#7e0000
1.359208980000000,0,1,0x00,0x00,0x00,#000000
1.359236670000000,0,2,0x00,0x00,0x00,#000000
1.359264360000000,0,3,0x00,0x00,0x00,#000000
1.359292060000000,0,4,0x00,0x00,0x00,#000000
1.359319750000000,0,5,0x00,0x00,0x00,#000000
1.359347440000000,0,6,0x00,0x00,0x00,#000000
1.359375130000000,0,7,0x00,0x00,0x00,#000000
1.359402830000000,0,8,0x00,0x00,0x00,#000000
1.359430520000000,0,9,0x00,0x00,0x00,#000000
1.359458220000000,0,10,0x00,0x00,0x00,#000000
1.359485910000000,0,11,0x00,0x00,0x00,#000000
1.359513600000000,0,12,0x00,0x00,0x00,#000000
1.359541290000000,0,13,0x00,0x00,0x00,#000000
1.359568990000000,0,14,0x00,0x00,0x00,#000000
1.359596680000000,0,15,0x00,0x00,0x00,#000000
1.370295180000000,0,0,0x7E,0x00,0x00,#7e0000
1.370322870000000,0,1,0x00,0x00,0x00,#000000
1.370350560000000,0,2,0x00,0x00,0x00,#000000
1.370378250000000,0,3,0x00,0x00,0x00,#000000
1.370405950000000,0,4,0x00,0x00,0x00,#000000
1.370433640000000,0,5,0x00,0x00,0x00,#000000
1.370461340000000,0,6,0x00,0x00,0x00,#000000
1.370489020000000,0,7,0x00,0x00,0x00,#000000
1.370516720000000,0,8,0x00,0x00,0x00,#000000
1.370544410000000,0,9,0x00,0x00,0x00,#000000
1.370572110000000,0,10,0x00,0x00,0x00,#000000
1.370599800000000,0,11,0x00,0x00,0x00,#000000
1.370627490000000,0,12,0x00,0x00,0x00,#000000
1.370655190000000,0,13,0x00,0x00,0x00,#000000
1.370682880000000,0,14,0x00,0x00,0x00,#000000
1.370710570000000,0,15,0x00,0x00,0x00,#000000
1.381275890000000,0,0,0x7E,0x00,0x00,#7e0000
1.381303580000000,0,1,0x00,0x00,0x00,#000000
1.381331280000000,0,2,0x00,0x00,0x00,#000000
1.381358970000000,0,3,0x00,0x00,0x00,#000000
1.381386660000000,0,4,0x00,0x00,0x00,#000000
1.381414360000000,0,5,0x00,0x00,0x00,#000000
1.381442050000000,0,6,0x00,0x00,0x00,#000000
1.381469740000000,0,7,0x00,0x00,0x00,#000000
1.381497430000000,0,8,0x00,0x00,0x00,#000000
1.381525130000000,0,9,0x00,0x00,0x00,#000000
1.381552820000000,0,10,0x00,0x00,0x00,#000000
1.381580520000000,0,11,0x00,0x00,0x00,#000000
1.381608200000000,0,12,0x00,0x00,0x00,#000000
1.381635900000000,0,13,0x00,0x00,0x00,#000000
1.381663590000000,0,14,0x00,0x00,0x00,#000000
1.381691290000000,0,15,0x00,0x00,0x00,#000000
1.392182130000000,0,0,0x7E,0x00,0x00,#7e0000
1.392209830000000,0,1,0x00,0x00,0x00,#000000
1.392237520000000,0,2,0x00,0x00,0x00,#000000
1.392265210000000,0,3,0x00,0x00,0x00,#000000
1.392292900000000,0,4,0x00,0x00,0x00,#000000
1.392320600000000,0,5,0x00,0x00,0x00,#000000
1.392348290000000,0,6,0x00,0x00,0x00,#000000
1.392375980000000,0,7,0x00,0x00,0x00,#000000
1.392403680000000,0,8,0x00,0x00,0x00,#000000
1.392431370000000,0,9,0x00,0x00,0x00,#000000
1.392459060000000,0,10,0x00,0x00,0x00,#000000
1.392486760000000,0,11,0x00,0x00,0x00,#000000
1.392514450000000,0,12,0x00,0x00,0x00,#000000
1.392542140000000,0,13,0x00,0x00,0x00,#000000
1.392569840000000,0,14,0x00,0x00,0x00,#000000
1.392597530000000,0,15,0x00,0x00,0x00,#000000
1.403284100000000,0,0,0x7E,0x00,0x00,#7e0000
1.403311790000000,0,1,0x00,0x00,0x00,#000000
1.403339490000000,0,2,0x00,0x00,0x00,#000000
1.403367180000000,0,3,0x00,0x00,0x00,#000000
1.403394870000000,0,4,0x00,0x00,0x00,#000000
1.403422560000000,0,5,0x00,0x00,0x00,#000000
1.403450260000000,0,6,0x00,0x00,0x00,#000000
1.403477950000000,0,7,0x00,0x00,0x00,#000000
1.403505640000000,0,8,0x00,0x00,0x00,#000000
1.403533340000000,0,9,0x00,0x00,0x00,#000000
1.403561030000000,0,10,0x00,0x00,0x00,#000000
1.403588730000000,0,11,0x00,0x00,0x00,#000000
1.403616420000000,0,12,0x00,0x00,0x00,#000000
1.403644110000000,0,13,0x00,0x00,0x00,#000000
1.403671800000000,0,14,0x00,0x00,0x00,#000000
1.403699500000000,0,15,0x00,0x00,0x00,#000000
1.414283380000000,0,0,0x7E,0x00,0x00,#7e0000
1.414311070000000,0,1,0x00,0x00,0x00,#000000
1.414338760000000,0,2,0x00,0x00,0x00,#000000
1.414366450000000,0,3,0x00,0x00,0x00,#000000
1.414394150000000,0,4,0x00,0x00,0x00,#000000
1.414421840000000,0,5,0x00,0x00,0x00,#000000
1.414449530000000,0,6,0x00,0x00,0x00,#000000
1.414477220000000,0,7,0x00,0x00,0x00,#000000
1.414504920000000,0,8,0x00,0x00,0x00,#000000
1.414532610000000,0,9,0x00,0x00,0x00,#000000
1.414560300000000,0,10,0x00,0x00,0x00,#000000
1.414587990000000,0,11,0x00,0x00,0x00,#000000
1.414615690000000,0,12,0x00,0x00,0x00,#000000
1.414643380000000,0,13,0x00,0x00,0x00,#000000
1.414671080000000,0,14,0x00,0x00,0x00,#000000
1.414698770000000,0,15,0x00,0x00,0x00,#000000
1.425188750000000,0,0,0x7E,0x00,0x00,#7e0000
1.425216440000000,0,1,0x00,0x00,0x00,#000000
1.425244140000000,0,2,0x00,0x00,0x00,#000000
1.425271830000000,0,3,0x00,0x00,0x00,#000000
1.425299520000000,0,4,0x00,0x00,0x00,#000000
1.425327210000000,0,5,0x00,0x00,0x00,#000000
1.425354910000000,0,6,0x00,0x00,0x00,#000000
1.425382600000000,0,7,0x00,0x00,0x00,#000000
1.425410290000000,0,8,0x00,0x00,0x00,#000000
1.425437990000000,0,9,0x00,0x00,0x00,#000000
1.425465680000000,0,10,0x00,0x00,0x00,#000000
1.425493380000000,0,11,0x00,0x00,0x00,#000000
1.425521060000000,0,12,0x00,0x00,0x00,#000000
1.425548760000000,0,13,0x00,0x00,0x00,#000000
1.425576450000000,0,14,0x00,0x00,0x00,#000000
1.425604150000000,0,15,0x00,0x00,0x00,#000000
1.436297400000000,0,0,0x7E,0x00,0x00,#7e0000
1.436325090000000,0,1,0x00,0x00,0x00,#000000
1.436352790000000,0,2,0x00,0x00,0x00,#000000
1.436380480000000,0,3,0x00,0x00,0x00,#000000
1.436408170000000,0,4,0x00,0x00,0x00,#000000
1.436435860000000,0,5,0x00,0x00,0x00,#000000
1.436463560000000,0,6,0x00,0x00,0x00,#000000
1.436491250000000,0,7,0x00,0x00,0x00,#000000
1.436518950000000,0,8,0x00,0x00,0x00,#000000
1.436546640000000,0,9,0x00,0x00,0x00,#000000
1.436574330000000,0,10,0x00,0x00,0x00,#000000
1.436602020000000,0,11,0x00,0x00,0x00,#000000
1.436629720000000,0,12,0x00,0x00,0x00,#000000
1.436657410000000,0,13,0x00,0x00,0x00,#000000
1.436685100000000,0,14,0x00,0x00,0x00,#000000
1.436712790000000,0,15,0x00,0x00,0x00,#000000
1.447281820000000,0,0,0x7E,0x00,0x00,#7e0000
1.447309510000000,0,1,0x00,0x00,0x00,#000000
1.447337210000000,0,2,0x00,0x00,0x00,#000000
1.447364890000000,0,3,0x00,0x00,0x00,#000000
1.447392590000000,0,4,0x00,0x00,0x00,#000000
1.447420280000000,0,5,0x00,0x00,0x00,#000000
1.447447980000000,0,6,0x00,0x00,0x00,#000000
1.447475670000000,0,7,0x00,0x00,0x00,#000000
1.447503360000000,0,8,0x00,0x00,0x00,#000000
1.447531050000000,0,9,0x00,0x00,0x00,#000000
1.447558750000000,0,10,0x00,0x00,0x00,#000000
1.447586440000000,0,11,0x00,0x00,0x00,#000000
1.447614130000000,0,12,0x00,0x00,0x00,#000000
1.447641830000000,0,13,0x00,0x00,0x00,#000000
1.447669520000000,0,14,0x00,0x00,0x00,#000000
1.447697210000000,0,15,0x00,0x00,0x00,#000000
1.458185950000000,0,0,0x7E,0x00,0x00,#7e0000
1.458213630000000,0,1,0x00,0x00,0x00,#000000
1.458241330000000,0,2,0x00,0x00,0x00,#000000
1.458269020000000,0,3,0x00,0x00,0x00,#000000
1.458296720000000,0,4,0x00,0x00,0x00,#000000
1.458324410000000,0,5,0x00,0x00,0x00,#000000
1.458352100000000,0,6,0x00,0x00,0x00,#000000
1.458379790000000,0,7,0x00,0x00,0x00,#000000
1.458407490000000,0,8,0x00,0x00,0x00,#000000
1.458435180000000,0,9,0x00,0x00,0x00,#000000
1.458462870000000,0,10,0x00,0x00,0x00,#000000
1.458490570000000,0,11,0x00,0x00,0x00,#000000
1.458518260000000,0,12,0x00,0x00,0x00,#000000
1.458545960000000,0,13,0x00,0x00,0x00,#000000
1.458573640000000,0,14,0x00,0x00,0x00,#000000
1.458601340000000,0,15,0x00,0x00,0x00,#000000
1.469289210000000,0,0,0x7E,0x00,0x00,#7e0000
1.469316900000000,0,1,0x00,0x00,0x00,#000000
1.469344600000000,0,2,0x00,0x00,0x00,#000000
1.469372290000000,0,3,0x00,0x00,0x00,#000000
1.469399980000000,0,4,0x00,0x00,0x00,#000000
1.469427670000000,0,5,0x00,0x00,0x00,#000000
1.469455370000000,0,6,0x00,0x00,0x00,#000000
1.469483060000000,0,7,0x00,0x00,0x00,#000000
1.469510760000000,0,8,0x00,0x00,0x00,#000000
1.469538440000000,0,9,0x00,0x00,0x00,#000000
1.469566140000000,0,10,0x00,0x00,0x00,#000000
1.469593830000000,0,11,0x00,0x00,0x00,#000000
1.469621530000000,0,12,0x00,0x00,0x00,#000000
1.469649220000000,0,13,0x00,0x00,0x00,#000000
1.469676910000000,0,14,0x00,0x00,0x00,#000000
1.469704600000000,0,15,0x00,0x00,0x00,#000000
1.480281750000000,0,0,0x7E,0x00,0x00,#7e0000
1.480309450000000,0,1,0x00,0x00,0x00,#000000
1.480337140000000,0,2,0x00,0x00,0x00,#000000
1.480364830000000,0,3,0x00,0x00,0x00,#000000
1.480392520000000,0,4,0x00,0x00,0x00,#000000
1.480420220000000,0,5,0x00,0x00,0x00,#000000
1.480447910000000,0,6,0x00,0x00,0x00,#000000
1.480475600000000,0,7,0x00,0x00,0x00,#000000
1.480503290000000,0,8,0x00,0x00,0x00,#000000
1.480530990000000,0,9,0x00,0x00,0x00,#000000
1.480558680000000,0,10,0x00,0x00,0x00,#000000
1.480586370000000,0,11,0x00,0x00,0x00,#000000
1.480614070000000,0,12,0x00,0x00,0x00,#000000
1.480641760000000,0,13,0x00,0x00,0x00,#000000
1.480669460000000,0,14,0x00,0x00,0x00,#000000
1.480697150000000,0,15,0x00,0x00,0x00,#000000
1.491185590000000,0,0,0x7E,0x00,0x00,#7e0000
1.491213280000000,0,1,0x00,0x00,0x00,#000000
1.491240980000000,0,2,0x00,0x00,0x00,#000000
1.491268670000000,0,3,0x00,0x00,0x00,#000000
1.491296360000000,0,4,0x00,0x00,0x00,#000000
1.491324050000000,0,5,0x00,0x00,0x00,#000000
1.491351750000000,0,6,0x00,0x00,0x00,#000000
1.491379440000000,0,7,0x00,0x00,0x00,#000000
1.491407130000000,0,8,0x00,0x00,0x00,#000000
1.491434830000000,0,9,0x00,0x00,0x00,#000000
1.491462520000000,0,10,0x00,0x00,0x00,#000000
1.491490210000000,0,11,0x00,0x00,0x00,#000000
1.491517900000000,0,12,0x00,0x00,0x00,#000000
1.491545600000000,0,13,0x00,0x00,0x00,#000000
1.491573290000000,0,14,0x00,0x00,0x00,#000000
1.491600990000000,0,15,0x00,0x00,0x00,#000000
1.502310920000000,0,0,0x7E,0x00,0x00,#7e0000
1.502338620000000,0,1,0x00,0x00,0x00,#000000
1.502366310000000,0,2,0x00,0x00,0x00,#000000
1.502394000000000,0,3,0x00,0x00,0x00,#000000
1.502421700000000,0,4,0x00,0x00,0x00,#000000
1.502449390000000,0,5,0x00,0x00,0x00,#000000
1.502477080000000,0,6,0x00,0x00,0x00,#000000
1.502504770000000,0,7,0x00,0x00,0x00,#000000
1.502532470000000,0,8,0x00,0x00,0x00,#000000
1.502560160000000,0,9,0x00,0x00,0x00,#000000
1.502587860000000,0,10,0x00,0x00,0x00,#000000
1.502615540000000,0,11,0x00,0x00,0x00,#000000
1.502643240000000,0,12,0x00,0x00,0x00,#000000
1.502670930000000,0,13,0x00,0x00,0x00,#000000
1.502698630000000,0,14,0x00,0x00,0x00,#000000
1.502726320000000,0,15,0x00,0x00,0x00,#000000
1.514274410000000,0,0,0x7E,0x00,0x00,#7e0000
1.514302090000000,0,1,0x00,0x00,0x00,#000000
1.514329790000000,0,2,0x00,0x00,0x00,#000000
1.514357480000000,0,3,0x00,0x00,0x00,#000000
1.514385180000000,0,4,0x00,0x00,0x00,#000000
1.514412870000000,0,5,0x00,0x00,0x00,#000000
1.514440560000000,0,6,0x00,0x00,0x00,#000000
1.514468250000000,0,7,0x00,0x00,0x00,#000000
1.514495950000000,0,8,0x00,0x00,0x00,#000000
1.514523640000000,0,9,0x00,0x00,0x00,#000000
1.514551330000000,0,10,0x00,0x00,0x00,#000000
1.514579030000000,0,11,0x00,0x00,0x00,#000000
1.514606720000000,0,12,0x00,0x00,0x00,#000000
1.514634410000000,0,13,0x00,0x00,0x00,#000000
1.514662100000000,0,14,0x00,0x00,0x00,#000000
1.514689800000000,0,15,0x00,0x00,0x00,#000000
1.524247060000000,0,0,0x7E,0x00,0x00,#7e0000
1.524274760000000,0,1,0x00,0x00,0x00,#000000
1.524302450000000,0,2,0x00,0x00,0x00,#000000
1.524330150000000,0,3,0x00,0x00,0x00,#000000
1.524357830000000,0,4,0x00,0x00,0x00,#000000
1.524385530000000,0,5,0x00,0x00,0x00,#000000
1.524413220000000,0,6,0x00,0x00,0x00,#000000
1.524440920000000,0,7,0x00,0x00,0x00,#000000
1.524468610000000,0,8,0x00,0x00,0x00,#000000
1.524496300000000,0,9,0x00,0x00,0x00,#000000
1.524523990000000,0,10,0x00,0x00,0x00,#000000
1.524551690000000,0,11,0x00,0x00,0x00,#000000
1.524579380000000,0,12,0x00,0x00,0x00,#000000
1.524607070000000,0,13,0x00,0x00,0x00,#000000
1.524634770000000,0,14,0x00,0x00,0x00,#000000
1.524662460000000,0,15,0x00,0x00,0x00,#000000
1.535295330000000,0,0,0x7E,0x00,0x00,#7e0000
1.535323020000000,0,1,0x00,0x00,0x00,#000000
1.535350720000000,0,2,0x00,0x00,0x00,#000000
1.535378400000000,0,3,0x00,0x00,0x00,#000000
1.535406100000000,0,4,0x00,0x00,0x00,#000000
1.535433790000000,0,5,0x00,0x00,0x00,#000000
1.535461490000000,0,6,0x00,0x00,0x00,#000000
1.535489180000000,0,7,0x00,0x00,0x00,#000000
1.535516870000000,0,8,0x00,0x00,0x00,#000000
1.535544560000000,0,9,0x00,0x00,0x00,#000000
1.535572260000000,0,10,0x00,0x00,0x00,#000000
1.535599950000000,0,11,0x00,0x00,0x00,#000000
1.535627640000000,0,12,0x00,0x00,0x00,#000000
1.535655340000000,0,13,0x00,0x00,0x00,#000000
1.535683030000000,0,14,0x00,0x00,0x00,#000000
1.535710730000000,0,15,0x00,0x00,0x00,#000000
1.546289930000000,0,0,0x7E,0x00,0x00,#7e0000
1.546317630000000,0,1,0x00,0x00,0x00,#000000
1.546345320000000,0,2,0x00,0x00,0x00,#000000
1.546373020000000,0,3,0x00,0x00,0x00,#000000
1.546400710000000,0,4,0x00,0x00,0x00,#000000
1.546428400000000,0,5,0x00,0x00,0x00,#000000
1.546456090000000,0,6,0x00,0x00,0x00,#000000
1.546483790000000,0,7,0x00,0x00,0x00,#000000
1.546511480000000,0,8,0x00,0x00,0x00,#000000
1.546539170000000,0,9,0x00,0x00,0x00,#000000
1.546566870000000,0,10,0x00,0x00,0x00,#000000
1.546594560000000,0,11,0x00,0x00,0x00,#000000
1.546622260000000,0,12,0x00,0x00,0x00,#000000
1.546649940000000,0,13,0x00,0x00,0x00,#000000
1.546677640000000,0,14,0x00,0x00,0x00,#000000
1.546705330000000,0,15,0x00,0x00,0x00,#000000
1.557186510000000,0,0,0x7E,0x00,0x00,#7e0000
1.557214210000000,0,1,0x00,0x00,0x00,#000000
1.557241900000000,0,2,0x00,0x00,0x00,#000000
1.557269590000000,0,3,0x00,0x00,0x00,#000000
1.557297290000000,0,4,0x00,0x00,0x00,#000000
1.557324980000000,0,5,0x00,0x00,0x00,#000000
1.557352670000000,0,6,0x00,0x00,0x00,#000000
1.557380370000000,0,7,0x00,0x00,0x00,#000000
1.557408060000000,0,8,0x00,0x00,0x00,#000000
1.557435750000000,0,9,0x00,0x00,0x00,#000000
1.557463450000000,0,10,0x00,0x00,0x00,#000000
1.557491140000000,0,11,0x00,0x00,0x00,#000000
1.557518830000000,0,12,0x00,0x00,0x00,#000000
1.557546520000000,0,13,0x00,0x00,0x00,#000000
1.557574220000000,0,14,0x00,0x00,0x00,#000000
1.557601910000000,0,15,0x00,0x00,0x00,#000000
1.568446280000000,0,0,0x7E,0x00,0x00,#7e0000
1.568473970000000,0,1,0x00,0x00,0x00,#000000
1.568501660000000,0,2,0x00,0x00,0x00,#000000
1.568529360000000,0,3,0x00,0x00,0x00,#000000
1.568557050000000,0,4,0x00,0x00,0x00,#000000
1.568584740000000,0,5,0x00,0x00,0x00,#000000
1.568612430000000,0,6,0x00,0x00,0x00,#000000
1.568640130000000,0,7,0x00,0x00,0x00,#000000
1.568667820000000,0,8,0x00,0x00,0x00,#000000
1.568695510000000,0,9,0x00,0x00,0x00,#000000
1.568723200000000,0,10,0x00,0x00,0x00,#000000
1.568750900000000,0,11,0x00,0x00,0x00,#000000
1.568778590000000,0,12,0x00,0x00,0x00,#000000
1.568806290000000,0,13,0x00,0x00,0x00,#000000
1.568833980000000,0,14,0x00,0x00,0x00,#000000
1.568861670000000,0,15,0x00,0x00,0x00,#000000
1.579288100000000,0,0,0x7E,0x00,0x00,#7e0000
1.579315780000000,0,1,0x00,0x00,0x00,#000000
1.579343480000000,0,2,0x00,0x00,0x00,#000000
1.579371170000000,0,3,0x00,0x00,0x00,#000000
1.579398870000000,0,4,0x00,0x00,0x00,#000000
1.579426560000000,0,5,0x00,0x00,0x00,#000000
1.579454250000000,0,6,0x00,0x00,0x00,#000000
1.579481940000000,0,7,0x00,0x00,0x00,#000000
1.579509640000000,0,8,0x00,0x00,0x00,#000000
1.579537330000000,0,9,0x00,0x00,0x00,#000000
1.579565020000000,0,10,0x00,0x00,0x00,#000000
1.579592710000000,0,11,0x00,0x00,0x00,#000000
1.579620410000000,0,12,0x00,0x00,0x00,#000000
1.579648100000000,0,13,0x00,0x00,0x00,#000000
1.579675790000000,0,14,0x00,0x00,0x00,#000000
1.579703490000000,0,15,0x00,0x00,0x00,#000000
1.590188860000000,0,0,0x7E,0x00,0x00,#7e0000
1.590216540000000,0,1,0x00,0x00,0x00,#000000
1.590244240000000,0,2,0x00,0x00,0x00,#000000
1.590271930000000,0,3,0x00,0x00,0x00,#000000
1.590299630000000,0,4,0x00,0x00,0x00,#000000
1.590327320000000,0,5,0x00,0x00,0x00,#000000
1.590355010000000,0,6,0x00,0x00,0x00,#000000
1.590382700000000,0,7,0x00,0x00,0x00,#000000
1.590410400000000,0,8,0x00,0x00,0x00,#000000
1.590438090000000,0,9,0x00,0x00,0x00,#000000
1.590465780000000,0,10,0x00,0x00,0x00,#000000
1.590493480000000,0,11,0x00,0x00,0x00,#000000
1.590521170000000,0,12,0x00,0x00,0x00,#000000
1.590548860000000,0,13,0x00,0x00,0x00,#000000
1.590576550000000,0,14,0x00,0x00,0x00,#000000
1.590604250000000,0,15,0x00,0x00,0x00,#000000
1.601288320000000,0,0,0x7E,0x00,0x00,#7e0000
1.601316020000000,0,1,0x00,0x00,0x00,#000000
1.601343700000000,0,2,0x00,0x00,0x00,#000000
1.601371400000000,0,3,0x00,0x00,0x00,#000000
1.601399090000000,0,4,0x00,0x00,0x00,#000000
1.601426790000000,0,5,0x00,0x00,0x00,#000000
1.601454480000000,0,6,0x00,0x00,0x00,#000000
1.601482170000000,0,7,0x00,0x00,0x00,#000000
1.601509870000000,0,8,0x00,0x00,0x00,#000000
1.601537560000000,0,9,0x00,0x00,0x00,#000000
1.601565250000000,0,10,0x00,0x00,0x00,#000000
1.601592940000000,0,11,0x00,0x00,0x00,#000000
1.601620640000000,0,12,0x00,0x00,0x00,#000000
1.601648330000000,0,13,0x00,0x00,0x00,#000000
1.601676030000000,0,14,0x00,0x00,0x00,#000000
1.601703710000000,0,15,0x00,0x00,0x00,#000000
1.612281730000000,0,0,0x7E,0x00,0x00,#7e0000
1.612309420000000,0,1,0x00,0x00,0x00,#000000
1.612337110000000,0,2,0x00,0x00,0x00,#000000
1.612364810000000,0,3,0x00,0x00,0x00,#000000
1.612392500000000,0,4,0x00,0x00,0x00,#000000
1.612420200000000,0,5,0x00,0x00,0x00,#000000
1.612447880000000,0,6,0x00,0x00,0x00,#000000
1.612475580000000,0,7,0x00,0x00,0x00,#000000
1.612503270000000,0,8,0x00,0x00,0x00,#000000
1.612530970000000,0,9,0x00,0x00,0x00,#000000
1.612558660000000,0,10,0x00,0x00,0x00,#000000
1.612586350000000,0,11,0x00,0x00,0x00,#000000
1.612614040000000,0,12,0x00,0x00,0x00,#000000
1.612641740000000,0,13,0x00,0x00,0x00,#000000
1.612669430000000,0,14,0x00,0x00,0x00,#000000
1.612697120000000,0,15,0x00,0x00,0x00,#000000
1.623188070000000,0,0,0x7E,0x00,0x00,#7e0000
1.623215760000000,0,1,0x00,0x00,0x00,#000000
1.623243450000000,0,2,0x00,0x00,0x00,#000000
1.623271140000000,0,3,0x00,0x00,0x00,#000000
1.623298840000000,0,4,0x00,0x00,0x00,#000000
1.623326530000000,0,5,0x00,0x00,0x00,#000000
1.623354230000000,0,6,0x00,0x00,0x00,#000000
1.623381910000000,0,7,0x00,0x00,0x00,#000000
1.623409610000000,0,8,0x00,0x00,0x00,#000000
1.623437300000000,0,9,0x00,0x00,0x00,#000000
1.623465000000000,0,10,0x00,0x00,0x00,#000000
1.623492690000000,0,11,0x00,0x00,0x00,#000000
1.623520380000000,0,12,0x00,0x00,0x00,#000000
1.623548080000000,0,13,0x00,0x00,0x00,#000000
1.623575770000000,0,14,0x00,0x00,0x00,#000000
1.623603460000000,0,15,0x00,0x00,0x00,#000000
1.634295420000000,0,0,0x7E,0x00,0x00,#7e0000
1.634323110000000,0,1,0x00,0x00,0x00,#000000
1.634350800000000,0,2,0x00,0x00,0x00,#000000
1.634378500000000,0,3,0x00,0x00,0x00,#000000
1.634406190000000,0,4,0x00,0x00,0x00,#000000
1.634433890000000,0,5,0x00,0x00,0x00,#000000
1.634461570000000,0,6,0x00,0x00,0x00,#000000
1.634489270000000,0,7,0x00,0x00,0x00,#000000
1.634516960000000,0,8,0x00,0x00,0x00,#000000
1.634544660000000,0,9,0x00,0x00,0x00,#000000
1.634572350000000,0,10,0x00,0x00,0x00,#000000
1.634600040000000,0,11,0x00,0x00,0x00,#000000
1.634627740000000,0,12,0x00,0x00,0x00,#000000
1.634655430000000,0,13,0x00,0x00,0x00,#000000
1.634683120000000,0,14,0x00,0x00,0x00,#000000
1.634710810000000,0,15,0x00,0x00,0x00,#000000
1.645290990000000,0,0,0x7E,0x00,0x00,#7e0000
1.645318680000000,0,1,0x00,0x00,0x00,#000000
1.645346380000000,0,2,0x00,0x00,0x00,#000000
1.645374070000000,0,3,0x00,0x00,0x00,#000000
1.645401760000000,0,4,0x00,0x00,0x00,#000000
1.645429460000000,0,5,0x00,0x00,0x00,#000000
1.645457150000000,0,6,0x00,0x00,0x00,#000000
1.645484840000000,0,7,0x00,0x00,0x00,#000000
1.645512530000000,0,8,0x00,0x00,0x00,#000000
1.645540230000000,0,9,0x00,0x00,0x00,#000000
1.645567920000000,0,10,0x00,0x00,0x00,#000000
1.645595610000000,0,11,0x00,0x00,0x00,#000000
1.645623300000000,0,12,0x00,0x00,0x00,#000000
1.645651000000000,0,13,0x00,0x00,0x00,#000000
1.645678690000000,0,14,0x00,0x00,0x00,#000000
1.645706390000000,0,15,0x00,0x00,0x00,#000000
1.656188910000000,0,0,0x7E,0x00,0x00,#7e0000
1.656216610000000,0,1,0x00,0x00,0x00,#000000
1.656244300000000,0,2,0x00,0x00,0x00,#000000
1.656271990000000,0,3,0x00,0x00,0x00,#000000
1.656299690000000,0,4,0x00,0x00,0x00,#000000
1.656327380000000,0,5,0x00,0x00,0x00,#000000
1.656355070000000,0,6,0x00,0x00,0x00,#000000
1.656382760000000,0,7,0x00,0x00,0x00,#000000
1.656410460000000,0,8,0x00,0x00,0x00,#000000
1.656438150000000,0,9,0x00,0x00,0x00,#000000
1.656465850000000,0,10,0x00,0x00,0x00,#000000
1.656493540000000,0,11,0x00,0x00,0x00,#000000
1.656521230000000,0,12,0x00,0x00,0x00,#000000
1.656548920000000,0,13,0x00,0x00,0x00,#000000
1.656576620000000,0,14,0x00,0x00,0x00,#000000
1.656604310000000,0,15,0x00,0x00,0x00,#000000
1.667298240000000,0,0,0x7E,0x00,0x00,#7e0000
1.667325930000000,0,1,0x00,0x00,0x00,#000000
1.667353630000000,0,2,0x00,0x00,0x00,#000000
1.667381320000000,0,3,0x00,0x00,0x00,#000000
1.667409010000000,0,4,0x00,0x00,0x00,#000000
1.667436700000000,0,5,0x00,0x00,0x00,#000000
1.667464400000000,0,6,0x00,0x00,0x00,#000000
1.667492090000000,0,7,0x00,0x00,0x00,#000000
1.667519780000000,0,8,0x00,0x00,0x00,#000000
1.667547470000000,0,9,0x00,0x00,0x00,#000000
1.667575170000000,0,10,0x00,0x00,0x00,#000000
1.667602860000000,0,11,0x00,0x00,0x00,#000000
1.667630550000000,0,12,0x00,0x00,0x00,#000000
1.667658250000000,0,13,0x00,0x00,0x00,#000000
1.667685940000000,0,14,0x00,0x00,0x00,#000000
1.667713630000000,0,15,0x00,0x00,0x00,#000000
1.678292510000000,0,0,0x7E,0x00,0x00,#7e0000
1.678320200000000,0,1,0x00,0x00,0x00,#000000
1.678347900000000,0,2,0x00,0x00,0x00,#000000
1.678375590000000,0,3,0x00,0x00,0x00,#000000
1.678403280000000,0,4,0x00,0x00,0x00,#000000
1.678430980000000,0,5,0x00,0x00,0x00,#000000
1.678458670000000,0,6,0x00,0x00,0x00,#000000
1.678486360000000,0,7,0x00,0x00,0x00,#000000
1.678514060000000,0,8,0x00,0x00,0x00,#000000
1.678541750000000,0,9,0x00,0x00,0x00,#000000
1.678569440000000,0,10,0x00,0x00,0x00,#000000
1.678597130000000,0,11,0x00,0x00,0x00,#000000
1.678624830000000,0,12,0x00,0x00,0x00,#000000
1.678652520000000,0,13,0x00,0x00,0x00,#000000
1.678680210000000,0,14,0x00,0x00,0x00,#000000
1.678707900000000,0,15,0x00,0x00,0x00,#000000
1.689189760000000,0,0,0x7E,0x00,0x00,#7e0000
1.689217460000000,0,1,0x00,0x00,0x00,#000000
1.689245150000000,0,2,0x00,0x00,0x00,#000000
1.689272840000000,0,3,0x00,0x00,0x00,#000000
1.689300530000000,0,4,0x00,0x00,0x00,#000000
1.689328230000000,0,5,0x00,0x00,0x00,#000000
1.689355920000000,0,6,0x00,0x00,0x00,#000000
1.689383610000000,0,7,0x00,0x00,0x00,#000000
1.689411300000000,0,8,0x00,0x00,0x00,#000000
1.689439000000000,0,9,0x00,0x00,0x00,#000000
1.689466690000000,0,10,0x00,0x00,0x00,#000000
1.689494390000000,0,11,0x00,0x00,0x00,#000000
1.689522080000000,0,12,0x00,0x00,0x00,#000000
1.689549770000000,0,13,0x00,0x00,0x00,#000000
1.689577460000000,0,14,0x00,0x00,0x00,#000000
1.689605160000000,0,15,0x00,0x00,0x00,#000000
1.700295140000000,0,0,0x7E,0x00,0x00,#7e0000
1.700322830000000,0,1,0x00,0x00,0x00,#000000
1.700350530000000,0,2,0x00,0x00,0x00,#000000
1.700378220000000,0,3,0x00,0x00,0x00,#000000
1.700405920000000,0,4,0x00,0x00,0x00,#000000
1.700433610000000,0,5,0x00,0x00,0x00,#000000
1.700461300000000,0,6,0x00,0x00,0x00,#000000
1.700488990000000,0,7,0x00,0x00,0x00,#000000
1.700516690000000,0,8,0x00,0x00,0x00,#000000
1.700544380000000,0,9,0x00,0x00,0x00,#000000
1.700572070000000,0,10,0x00,0x00,0x00,#000000
1.700599770000000,0,11,0x00,0x00,0x00,#000000
1.700627460000000,0,12,0x00,0x00,0x00,#000000
1.700655150000000,0,13,0x00,0x00,0x00,#000000
1.700682840000000,0,14,0x00,0x00,0x00,#000000
1.700710540000000,0,15,0x00,0x00,0x00,#000000
1.711299750000000,0,0,0x7E,0x00,0x00,#7e0000
1.711327450000000,0,1,0x00,0x00,0x00,#000000
1.711355140000000,0,2,0x00,0x00,0x00,#000000
1.711382830000000,0,3,0x00,0x00,0x00,#000000
1.711410530000000,0,4,0x00,0x00,0x00,#000000
1.711438220000000,0,5,0x00,0x00,0x00,#000000
1.711465910000000,0,6,0x00,0x00,0x00,#000000
1.711493600000000,0,7,0x00,0x00,0x00,#000000
1.711521300000000,0,8,0x00,0x00,0x00,#000000
1.711548990000000,0,9,0x00,0x00,0x00,#000000
1.711576680000000,0,10,0x00,0x00,0x00,#000000
1.711604370000000,0,11,0x00,0x00,0x00,#000000
1.711632070000000,0,12,0x00,0x00,0x00,#000000
1.711659760000000,0,13,0x00,0x00,0x00,#000000
1.711687460000000,0,14,0x00,0x00,0x00,#000000
1.711715150000000,0,15,0x00,0x00,0x00,#000000
1.722190610000000,0,0,0x7E,0x00,0x00,#7e0000
1.722218300000000,0,1,0x00,0x00,0x00,#000000
1.722246000000000,0,2,0x00,0x00,0x00,#000000
1.722273690000000,0,3,0x00,0x00,0x00,#000000
1.722301380000000,0,4,0x00,0x00,0x00,#000000
1.722329080000000,0,5,0x00,0x00,0x00,#000000
1.722356770000000,0,6,0x00,0x00,0x00,#000000
1.722384460000000,0,7,0x00,0x00,0x00,#000000
1.722412150000000,0,8,0x00,0x00,0x00,#000000
1.722439850000000,0,9,0x00,0x00,0x00,#000000
1.722467540000000,0,10,0x00,0x00,0x00,#000000
1.722495230000000,0,11,0x00,0x00,0x00,#000000
1.722522920000000,0,12,0x00,0x00,0x00,#000000
1.722550620000000,0,13,0x00,0x00,0x00,#000000
1.722578310000000,0,14,0x00,0x00,0x00,#000000
1.722606010000000,0,15,0x00,0x00,0x00,#000000
1.733307240000000,0,0,0x7E,0x00,0x00,#7e0000
1.733334930000000,0,1,0x00,0x00,0x00,#000000
1.733362630000000,0,2,0x00,0x00,0x00,#000000
1.733390320000000,0,3,0x00,0x00,0x00,#000000
1.733418020000000,0,4,0x00,0x00,0x00,#000000
1.733445700000000,0,5,0x00,0x00,0x00,#000000
1.733473400000000,0,6,0x00,0x00,0x00,#000000
1.733501090000000,0,7,0x00,0x00,0x00,#000000
1.733528790000000,0,8,0x00,0x00,0x00,#000000
1.733556470000000,0,9,0x00,0x00,0x00,#000000
1.733584170000000,0,10,0x00,0x00,0x00,#000000
1.733611860000000,0,11,0x00,0x00,0x00,#000000
1.733639560000000,0,12,0x00,0x00,0x00,#000000
1.733667250000000,0,13,0x00,0x00,0x00,#000000
1.733694940000000,0,14,0x00,0x00,0x00,#000000
1.733722640000000,0,15,0x00,0x00,0x00,#000000
1.744291130000000,0,0,0x7E,0x00,0x00,#7e0000
1.744318820000000,0,1,0x00,0x00,0x00,#000000
1.744346510000000,0,2,0x00,0x00,0x00,#000000
1.744374210000000,0,3,0x00,0x00,0x00,#000000
1.744401900000000,0,4,0x00,0x00,0x00,#000000
1.744429590000000,0,5,0x00,0x00,0x00,#000000
1.744457290000000,0,6,0x00,0x00,0x00,#000000
1.744484980000000,0,7,0x00,0x00,0x00,#000000
1.744512680000000,0,8,0x00,0x00,0x00,#000000
1.744540360000000,0,9,0x00,0x00,0x00,#000000
1.744568060000000,0,10,0x00,0x00,0x00,#000000
1.744595750000000,0,11,0x00,0x00,0x00,#000000
1.744623450000000,0,12,0x00,0x00,0x00,#000000
1.744651130000000,0,13,0x00,0x00,0x00,#000000
1.744678830000000,0,14,0x00,0x00,0x00,#000000
1.744706520000000,0,15,0x00,0x00,0x00,#000000
1.755191460000000,0,0,0x7E,0x00,0x00,#7e0000
1.755219150000000,0,1,0x00,0x00,0x00,#000000
1.755246840000000,0,2,0x00,0x00,0x00,#000000
1.755274530000000,0,3,0x00,0x00,0x00,#000000
1.755302230000000,0,4,0x00,0x00,0x00,#000000
1.755329920000000,0,5,0x00,0x00,0x00,#000000
1.755357620000000,0,6,0x00,0x00,0x00,#000000
1.755385300000000,0,7,0x00,0x00,0x00,#000000
1.755413000000000,0,8,0x00,0x00,0x00,#000000
1.755440690000000,0,9,0x00,0x00,0x00,#000000
1.755468390000000,0,10,0x00,0x00,0x00,#000000
1.755496080000000,0,11,0x00,0x00,0x00,#000000
1.755523770000000,0,12,0x00,0x00,0x00,#000000
1.755551460000000,0,13,0x00,0x00,0x00,#000000
1.755579160000000,0,14,0x00,0x00,0x00,#000000
1.755606850000000,0,15,0x00,0x00,0x00,#000000
1.766302370000000,0,0,0x7E,0x00,0x00,#7e0000
1.766330060000000,0,1,0x00,0x00,0x00,#000000
1.766357750000000,0,2,0x00,0x00,0x00,#000000
1.766385440000000,0,3,0x00,0x00,0x00,#000000
1.766413140000000,0,4,0x00,0x00,0x00,#000000
1.766440830000000,0,5,0x00,0x00,0x00,#000000
1.766468530000000,0,6,0x00,0x00,0x00,#000000
1.766496210000000,0,7,0x00,0x00,0x00,#000000
1.766523910000000,0,8,0x00,0x00,0x00,#000000
1.766551600000000,0,9,0x00,0x00,0x00,#000000
1.766579300000000,0,10,0x00,0x00,0x00,#000000
1.766606990000000,0,11,0x00,0x00,0x00,#000000
1.766634680000000,0,12,0x00,0x00,0x00,#000000
1.766662380000000,0,13,0x00,0x00,0x00,#000000
1.766690070000000,0,14,0x00,0x00,0x00,#000000
1.766717760000000,0,15,0x00,0x00,0x00,#000000
1.777298990000000,0,0,0x7E,0x00,0x00,#7e0000
1.777326690000000,0,1,0x00,0x00,0x00,#000000
1.777354380000000,0,2,0x00,0x00,0x00,#000000
1.777382080000000,0,3,0x00,0x00,0x00,#000000
1.777409770000000,0,4,0x00,0x00,0x00,#000000
1.777437460000000,0,5,0x00,0x00,0x00,#000000
1.777465150000000,0,6,0x00,0x00,0x00,#000000
1.777492850000000,0,7,0x00,0x00,0x00,#000000
1.777520540000000,0,8,0x00,0x00,0x00,#000000
1.777548230000000,0,9,0x00,0x00,0x00,#000000
1.777575920000000,0,10,0x00,0x00,0x00,#000000
1.777603620000000,0,11,0x00,0x00,0x00,#000000
1.777631310000000,0,12,0x00,0x00,0x00,#000000
1.777659000000000,0,13,0x00,0x00,0x00,#000000
1.777686700000000,0,14,0x00,0x00,0x00,#000000
1.777714390000000,0,15,0x00,0x00,0x00,#000000
1.788192300000000,0,0,0x7E,0x00,0x00,#7e0000
1.788220000000000,0,1,0x00,0x00,0x00,#000000
1.788247690000000,0,2,0x00,0x00,0x00,#000000
1.788275380000000,0,3,0x00,0x00,0x00,#000000
1.788303070000000,0,4,0x00,0x00,0x00,#000000
1.788330770000000,0,5,0x00,0x00,0x00,#000000
1.788358460000000,0,6,0x00,0x00,0x00,#000000
1.788386150000000,0,7,0x00,0x00,0x00,#000000
1.788413850000000,0,8,0x00,0x00,0x00,#000000
1.788441540000000,0,9,0x00,0x00,0x00,#000000
1.788469240000000,0,10,0x00,0x00,0x00,#000000
1.788496930000000,0,11,0x00,0x00,0x00,#000000
1.788524620000000,0,12,0x00,0x00,0x00,#000000
1.788552310000000,0,13,0x00,0x00,0x00,#000000
1.788580010000000,0,14,0x00,0x00,0x00,#000000
1.788607700000000,0,15,0x00,0x00,0x00,#000000
1.799295570000000,0,0,0x7E,0x00,0x00,#7e0000
1.799323260000000,0,1,0x00,0x00,0x00,#000000
1.799350960000000,0,2,0x00,0x00,0x00,#000000
1.799378650000000,0,3,0x00,0x00,0x00,#000000
1.799406340000000,0,4,0x00,0x00,0x00,#000000
1.799434040000000,0,5,0x00,0x00,0x00,#000000
1.799461730000000,0,6,0x00,0x00,0x00,#000000
1.799489420000000,0,7,0x00,0x00,0x00,#000000
1.799517110000000,0,8,0x00,0x00,0x00,#000000
1.799544810000000,0,9,0x00,0x00,0x00,#000000
1.799572500000000,0,10,0x00,0x00,0x00,#000000
1.799600190000000,0,11,0x00,0x00,0x00,#000000
1.799627880000000,0,12,0x00,0x00,0x00,#000000
1.799655580000000,0,13,0x00,0x00,0x00,#000000
1.799683270000000,0,14,0x00,0x00,0x00,#000000
1.799710970000000,0,15,0x00,0x00,0x00,#000000
1.810285520000000,0,0,0x7E,0x00,0x00,#7e0000
1.810313210000000,0,1,0x00,0x00,0x00,#000000
1.810340900000000,0,2,0x00,0x00,0x00,#000000
1.810368590000000,0,3,0x00,0x00,0x00,#000000
1.810396290000000,0,4,0x00,0x00,0x00,#000000
1.810423980000000,0,5,0x00,0x00,0x00,#000000
1.810451670000000,0,6,0x00,0x00,0x00,#000000
1.810479370000000,0,7,0x00,0x00,0x00,#000000
1.810507060000000,0,8,0x00,0x00,0x00,#000000
1.810534750000000,0,9,0x00,0x00,0x00,#000000
1.810562450000000,0,10,0x00,0x00,0x00,#000000
1.810590140000000,0,11,0x00,0x00,0x00,#000000
1.810617830000000,0,12,0x00,0x00,0x00,#000000
1.810645520000000,0,13,0x00,0x00,0x00,#000000
1.810673220000000,0,14,0x00,0x00,0x00,#000000
1.810700910000000,0,15,0x00,0x00,0x00,#000000
1.821194400000000,0,0,0x7E,0x00,0x00,#7e0000
1.821222090000000,0,1,0x00,0x00,0x00,#000000
1.821249790000000,0,2,0x00,0x00,0x00,#000000
1.821277480000000,0,3,0x00,0x00,0x00,#000000
1.821305170000000,0,4,0x00,0x00,0x00,#000000
1.821332870000000,0,5,0x00,0x00,0x00,#000000
1.821360560000000,0,6,0x00,0x00,0x00,#000000
1.821388250000000,0,7,0x00,0x00,0x00,#000000
1.821415940000000,0,8,0x00,0x00,0x00,#000000
1.821443640000000,0,9,0x00,0x00,0x00,#000000
1.821471330000000,0,10,0x00,0x00,0x00,#000000
1.821499030000000,0,11,0x00,0x00,0x00,#000000
1.821526720000000,0,12,0x00,0x00,0x00,#000000
1.821554410000000,0,13,0x00,0x00,0x00,#000000
1.821582100000000,0,14,0x00,0x00,0x00,#000000
1.821609800000000,0,15,0x00,0x00,0x00,#000000
1.832306660000000,0,0,0x7E,0x00,0x00,#7e0000
1.832334350000000,0,1,0x00,0x00,0x00,#000000
1.832362040000000,0,2,0x00,0x00,0x00,#000000
1.832389740000000,0,3,0x00,0x00,0x00,#000000
1.832417430000000,0,4,0x00,0x00,0x00,#000000
1.832445120000000,0,5,0x00,0x00,0x00,#000000
1.832472820000000,0,6,0x00,0x00,0x00,#000000
1.832500510000000,0,7,0x00,0x00,0x00,#000000
1.832528200000000,0,8,0x00,0x00,0x00,#000000
1.832555890000000,0,9,0x00,0x00,0x00,#000000
1.832583590000000,0,10,0x00,0x00,0x00,#000000
1.832611280000000,0,11,0x00,0x00,0x00,#000000
1.832638980000000,0,12,0x00,0x00,0x00,#000000
1.832666660000000,0,13,0x00,0x00,0x00,#000000
1.832694360000000,0,14,0x00,0x00,0x00,#000000
1.832722050000000,0,15,0x00,0x00,0x00,#000000
1.843342900000000,0,0,0x7E,0x00,0x00,#7e0000
1.843370590000000,0,1,0x00,0x00,0x00,#000000
1.843398290000000,0,2,0x00,0x00,0x00,#000000
1.843425980000000,0,3,0x00,0x00,0x00,#000000
1.843453670000000,0,4,0x00,0x00,0x00,#000000
1.843481370000000,0,5,0x00,0x00,0x00,#000000
1.843509060000000,0,6,0x00,0x00,0x00,#000000
1.843536760000000,0,7,0x00,0x00,0x00,#000000
1.843564440000000,0,8,0x00,0x00,0x00,#000000
1.843592140000000,0,9,0x00,0x00,0x00,#000000
1.843619830000000,0,10,0x00,0x00,0x00,#000000
1.843647530000000,0,11,0x00,0x00,0x00,#000000
1.843675220000000,0,12,0x00,0x00,0x00,#000000
1.843702910000000,0,13,0x00,0x00,0x00,#000000
1.843730600000000,0,14,0x00,0x00,0x00,#000000
1.843758300000000,0,15,0x00,0x00,0x00,#000000
1.854313810000000,0,0,0x7E,0x00,0x00,#7e0000
1.854341500000000,0,1,0x00,0x00,0x00,#000000
1.854369200000000,0,2,0x00,0x00,0x00,#000000
1.854396890000000,0,3,0x00,0x00,0x00,#000000
1.854424580000000,0,4,0x00,0x00,0x00,#000000
1.854452270000000,0,5,0x00,0x00,0x00,#000000
1.854479970000000,0,6,0x00,0x00,0x00,#000000
1.854507660000000,0,7,0x00,0x00,0x00,#000000
1.854535350000000,0,8,0x00,0x00,0x00,#000000
1.854563050000000,0,9,0x00,0x00,0x00,#000000
1.854590740000000,0,10,0x00,0x00,0x00,#000000
1.854618430000000,0,11,0x00,0x00,0x00,#000000
1.854646130000000,0,12,0x00,0x00,0x00,#000000
1.854673820000000,0,13,0x00,0x00,0x00,#000000
1.854701510000000,0,14,0x00,0x00,0x00,#000000
1.854729210000000,0,15,0x00,0x00,0x00,#000000
1.865549480000000,0,0,0x7E,0x00,0x00,#7e0000
1.865577180000000,0,1,0x00,0x00,0x00,#000000
1.865604870000000,0,2,0x00,0x00,0x00,#000000
1.865632560000000,0,3,0x00,0x00,0x00,#000000
1.865660260000000,0,4,0x00,0x00,0x00,#000000
1.865687950000000,0,5,0x00,0x00,0x00,#000000
1.865715640000000,0,6,0x00,0x00,0x00,#000000
1.865743330000000,0,7,0x00,0x00,0x00,#000000
1.865771030000000,0,8,0x00,0x00,0x00,#000000
1.865798720000000,0,9,0x00,0x00,0x00,#000000
1.865826420000000,0,10,0x00,0x00,0x00,#000000
1.865854100000000,0,11,0x00,0x00,0x00,#000000
1.865881800000000,0,12,0x00,0x00,0x00,#000000
1.865909490000000,0,13,0x00,0x00,0x00,#000000
1.865937190000000,0,14,0x00,0x00,0x00,#000000
1.865964880000000,0,15,0x00,0x00,0x00,#000000
1.876298990000000,0,0,0x7E,0x00,0x00,#7e0000
1.876326680000000,0,1,0x00,0x00,0x00,#000000
1.876354370000000,0,2,0x00,0x00,0x00,#000000
1.876382070000000,0,3,0x00,0x00,0x00,#000000
1.876409760000000,0,4,0x00,0x00,0x00,#000000
1.876437460000000,0,5,0x00,0x00,0x00,#000000
1.876465140000000,0,6,0x00,0x00,0x00,#000000
1.876492840000000,0,7,0x00,0x00,0x00,#000000
1.876520530000000,0,8,0x00,0x00,0x00,#000000
1.876548230000000,0,9,0x00,0x00,0x00,#000000
1.876575920000000,0,10,0x00,0x00,0x00,#000000
1.876603610000000,0,11,0x00,0x00,0x00,#000000
1.876631310000000,0,12,0x00,0x00,0x00,#000000
1.876659000000000,0,13,0x00,0x00,0x00,#000000
1.876686690000000,0,14,0x00,0x00,0x00,#000000
1.876714380000000,0,15,0x00,0x00,0x00,#000000
1.887194990000000,0,0,0x7E,0x00,0x00,#7e0000
1.887222680000000,0,1,0x00,0x00,0x00,#000000
1.887250380000000,0,2,0x00,0x00,0x00,#000000
1.887278070000000,0,3,0x00,0x00,0x00,#000000
1.887305760000000,0,4,0x00,0x00,0x00,#000000
1.887333460000000,0,5,0x00,0x00,0x00,#000000
1.887361150000000,0,6,0x00,0x00,0x00,#000000
1.887388840000000,0,7,0x00,0x00,0x00,#000000
1.887416530000000,0,8,0x00,0x00,0x00,#000000
1.887444230000000,0,9,0x00,0x00,0x00,#000000
1.887471920000000,0,10,0x00,0x00,0x00,#000000
1.887499620000000,0,11,0x00,0x00,0x00,#000000
1.887527300000000,0,12,0x00,0x00,0x00,#000000
1.887555000000000,0,13,0x00,0x00,0x00,#000000
1.887582690000000,0,14,0x00,0x00,0x00,#000000
1.887610390000000,0,15,0x00,0x00,0x00,#000000
1.898294700000000,0,0,0x7E,0x00,0x00,#7e0000
1.898322390000000,0,1,0x00,0x00,0x00,#000000
1.898350080000000,0,2,0x00,0x00,0x00,#000000
1.898377780000000,0,3,0x00,0x00,0x00,#000000
1.898405470000000,0,4,0x00,0x00,0x00,#000000
1.898433170000000,0,5,0x00,0x00,0x00,#000000
1.898460850000000,0,6,0x00,0x00,0x00,#000000
1.898488550000000,0,7,0x00,0x00,0x00,#000000
1.898516240000000,0,8,0x00,0x00,0x00,#000000
1.898543940000000,0,9,0x00,0x00,0x00,#000000
1.898571630000000,0,10,0x00,0x00,0x00,#000000
1.898599320000000,0,11,0x00,0x00,0x00,#000000
1.898627010000000,0,12,0x00,0x00,0x00,#000000
1.898654710000000,0,13,0x00,0x00,0x00,#000000
1.898682400000000,0,14,0x00,0x00,0x00,#000000
1.898710090000000,0,15,0x00,0x00,0x00,#000000
1.909299980000000,0,0,0x7E,0x00,0x00,#7e0000
1.909327680000000,0,1,0x00,0x00,0x00,#000000
1.909355360000000,0,2,0x00,0x00,0x00,#000000
1.909383060000000,0,3,0x00,0x00,0x00,#000000
1.909410750000000,0,4,0x00,0x00,0x00,#000000
1.909438450000000,0,5,0x00,0x00,0x00,#000000
1.909466140000000,0,6,0x00,0x00,0x00,#000000
1.909493830000000,0,7,0x00,0x00,0x00,#000000
1.909521530000000,0,8,0x00,0x00,0x00,#000000
1.909549220000000,0,9,0x00,0x00,0x00,#000000
1.909576910000000,0,10,0x00,0x00,0x00,#000000
1.909604600000000,0,11,0x00,0x00,0x00,#000000
1.909632300000000,0,12,0x00,0x00,0x00,#000000
1.909659990000000,0,13,0x00,0x00,0x00,#000000
1.909687690000000,0,14,0x00,0x00,0x00,#000000
1.909715370000000,0,15,0x00,0x00,0x00,#000000
1.920195690000000,0,0,0x7E,0x00,0x00,#7e0000
1.920223390000000,0,1,0x00,0x00,0x00,#000000
1.920251080000000,0,2,0x00,0x00,0x00,#000000
1.920278770000000,0,3,0x00,0x00,0x00,#000000
1.920306460000000,0,4,0x00,0x00,0x00,#000000
1.920334160000000,0,5,0x00,0x00,0x00,#000000
1.920361850000000,0,6,0x00,0x00,0x00,#000000
1.920389540000000,0,7,0x00,0x00,0x00,#000000
1.920417240000000,0,8,0x00,0x00,0x00,#000000
1.920444930000000,0,9,0x00,0x00,0x00,#000000
1.920472630000000,0,10,0x00,0x00,0x00,#000000
1.920500320000000,0,11,0x00,0x00,0x00,#000000
1.920528010000000,0,12,0x00,0x00,0x00,#000000
1.920555700000000,0,13,0x00,0x00,0x00,#000000
1.920583400000000,0,14,0x00,0x00,0x00,#000000
1.920611090000000,0,15,0x00,0x00,0x00,#000000
1.931298670000000,0,0,0x7E,0x00,0x00,#7e0000
1.931326370000000,0,1,0x00,0x00,0x00,#000000
1.931354050000000,0,2,0x00,0x00,0x00,#000000
1.931381750000000,0,3,0x00,0x00,0x00,#000000
1.931409440000000,0,4,0x00,0x00,0x00,#000000
1.931437140000000,0,5,0x00,0x00,0x00,#000000
1.931464830000000,0,6,0x00,0x00,0x00,#000000
1.931492520000000,0,7,0x00,0x00,0x00,#000000
1.931520210000000,0,8,0x00,0x00,0x00,#000000
1.931547910000000,0,9,0x00,0x00,0x00,#000000
1.931575600000000,0,10,0x00,0x00,0x00,#000000
1.931603290000000,0,11,0x00,0x00,0x00,#000000
1.931630990000000,0,12,0x00,0x00,0x00,#000000
1.931658680000000,0,13,0x00,0x00,0x00,#000000
1.931686380000000,0,14,0x00,0x00,0x00,#000000
1.931714060000000,0,15,0x00,0x00,0x00,#000000
1.942290100000000,0,0,0x7E,0x00,0x00,#7e0000
1.942317800000000,0,1,0x00,0x00,0x00,#000000
1.942345490000000,0,2,0x00,0x00,0x00,#000000
1.942373190000000,0,3,0x00,0x00,0x00,#000000
1.942400880000000,0,4,0x00,0x00,0x00,#000000
1.942428570000000,0,5,0x00,0x00,0x00,#000000
1.942456260000000,0,6,0x00,0x00,0x00,#000000
1.942483960000000,0,7,0x00,0x00,0x00,#000000
1.942511650000000,0,8,0x00,0x00,0x00,#000000
1.942539340000000,0,9,0x00,0x00,0x00,#000000
1.942567040000000,0,10,0x00,0x00,0x00,#000000
1.942594730000000,0,11,0x00,0x00,0x00,#000000
1.942622420000000,0,12,0x00,0x00,0x00,#000000
1.942650110000000,0,13,0x00,0x00,0x00,#000000
1.942677810000000,0,14,0x00,0x00,0x00,#000000
1.942705500000000,0,15,0x00,0x00,0x00,#000000
1.953196540000000,0,0,0x7E,0x00,0x00,#7e0000
1.953224230000000,0,1,0x00,0x00,0x00,#000000
1.953251930000000,0,2,0x00,0x00,0x00,#000000
1.953279620000000,0,3,0x00,0x00,0x00,#000000
1.953307310000000,0,4,0x00,0x00,0x00,#000000
1.953335010000000,0,5,0x00,0x00,0x00,#000000
1.953362700000000,0,6,0x00,0x00,0x00,#000000
1.953390390000000,0,7,0x00,0x00,0x00,#000000
1.953418080000000,0,8,0x00,0x00,0x00,#000000
1.953445780000000,0,9,0x00,0x00,0x00,#000000
1.953473470000000,0,10,0x00,0x00,0x00,#000000
1.953501170000000,0,11,0x00,0x00,0x00,#000000
1.953528860000000,0,12,0x00,0x00,0x00,#000000
1.953556550000000,0,13,0x00,0x00,0x00,#000000
1.953584240000000,0,14,0x00,0x00,0x00,#000000
1.953611940000000,0,15,0x00,0x00,0x00,#000000
1.964296590000000,0,0,0x7E,0x00,0x00,#7e0000
1.964324280000000,0,1,0x00,0x00,0x00,#000000
1.964351970000000,0,2,0x00,0x00,0x00,#000000
1.964379660000000,0,3,0x00,0x00,0x00,#000000
1.964407360000000,0,4,0x00,0x00,0x00,#000000
1.964435050000000,0,5,0x00,0x00,0x00,#000000
1.964462740000000,0,6,0x00,0x00,0x00,#000000
1.964490440000000,0,7,0x00,0x00,0x00,#000000
1.964518130000000,0,8,0x00,0x00,0x00,#000000
1.964545830000000,0,9,0x00,0x00,0x00,#000000
1.964573510000000,0,10,0x00,0x00,0x00,#000000
1.964601210000000,0,11,0x00,0x00,0x00,#000000
1.964628900000000,0,12,0x00,0x00,0x00,#000000
1.964656600000000,0,13,0x00,0x00,0x00,#000000
1.964684290000000,0,14,0x00,0x00,0x00,#000000
1.964711980000000,0,15,0x00,0x00,0x00,#000000
1.975611970000000,0,0,0x7E,0x00,0x00,#7e0000
1.975639670000000,0,1,0x00,0x00,0x00,#000000
1.975667360000000,0,2,0x00,0x00,0x00,#000000
1.975695050000000,0,3,0x00,0x00,0x00,#000000
1.975722740000000,0,4,0x00,0x00,0x00,#000000
1.975750440000000,0,5,0x00,0x00,0x00,#000000
1.975778130000000,0,6,0x00,0x00,0x00,#000000
1.975805820000000,0,7,0x00,0x00,0x00,#000000
1.975833520000000,0,8,0x00,0x00,0x00,#000000
1.975861210000000,0,9,0x00,0x00,0x00,#000000
1.975888900000000,0,10,0x00,0x00,0x00,#000000
1.975916590000000,0,11,0x00,0x00,0x00,#000000
1.975944290000000,0,12,0x00,0x00,0x00,#000000
1.975971980000000,0,13,0x00,0x00,0x00,#000000
1.975999680000000,0,14,0x00,0x00,0x00,#000000
1.976027370000000,0,15,0x00,0x00,0x00,#000000
1.986197390000000,0,0,0x7E,0x00,0x00,#7e0000
1.986225080000000,0,1,0x00,0x00,0x00,#000000
1.986252780000000,0,2,0x00,0x00,0x00,#000000
1.986280460000000,0,3,0x00,0x00,0x00,#000000
1.986308160000000,0,4,0x00,0x00,0x00,#000000
1.986335850000000,0,5,0x00,0x00,0x00,#000000
1.986363550000000,0,6,0x00,0x00,0x00,#000000
1.986391240000000,0,7,0x00,0x00,0x00,#000000
1.986418930000000,0,8,0x00,0x00,0x00,#000000
1.986446630000000,0,9,0x00,0x00,0x00,#000000
1.986474320000000,0,10,0x00,0x00,0x00,#000000
1.986502010000000,0,11,0x00,0x00,0x00,#000000
1.986529700000000,0,12,0x00,0x00,0x00,#000000
1.986557400000000,0,13,0x00,0x00,0x00,#000000
1.986585090000000,0,14,0x00,0x00,0x00,#000000
1.986612790000000,0,15,0x00,0x00,0x00,#000000
1.997312390000000,0,0,0x7E,0x00,0x00,#7e0000
1.997340080000000,0,1,0x00,0x00,0x00,#000000
1.997367770000000,0,2,0x00,0x00,0x00,#000000
1.997395460000000,0,3,0x00,0x00,0x00,#000000
1.997423160000000,0,4,0x00,0x00,0x00,#000000
1.997450850000000,0,5,0x00,0x00,0x00,#000000
1.997478550000000,0,6,0x00,0x00,0x00,#000000
1.997506230000000,0,7,0x00,0x00,0x00,#000000
1.997533930000000,0,8,0x00,0x00,0x00,#000000
1.997561620000000,0,9,0x00,0x00,0x00,#000000
1.997589320000000,0,10,0x00,0x00,0x00,#000000
1.997617010000000,0,11,0x00,0x00,0x00,#000000
1.997644700000000,0,12,0x00,0x00,0x00,#000000
1.997672390000000,0,13,0x00,0x00,0x00,#000000
1.997700090000000,0,14,0x00,0x00,0x00,#000000
1.997727780000000,0,15,0x00,0x00,0x00,#000000
2.008293920000000,0,0,0x7E,0x00,0x00,#7e0000
2.008321610000000,0,1,0x00,0x00,0x00,#000000
2.008349300000000,0,2,0x00,0x00,0x00,#000000
2.008376990000000,0,3,0x00,0x00,0x00,#000000
2.008404690000000,0,4,0x00,0x00,0x00,#000000
2.008432380000000,0,5,0x00,0x00,0x00,#000000
2.008460080000000,0,6,0x00,0x00,0x00,#000000
2.008487770000000,0,7,0x00,0x00,0x00,#000000
2.008515460000000,0,8,0x00,0x00,0x00,#000000
2.008543160000000,0,9,0x00,0x00,0x00,#000000
2.008570850000000,0,10,0x00,0x00,0x00,#000000
2.008598540000000,0,11,0x00,0x00,0x00,#000000
2.008626230000000,0,12,0x00,0x00,0x00,#000000
2.008653930000000,0,13,0x00,0x00,0x00,#000000
2.008681620000000,0,14,0x00,0x00,0x00,#000000
2.008709310000000,0,15,0x00,0x00,0x00,#000000
2.019198240000000,0,0,0x7E,0x00,0x00,#7e0000
2.019225930000000,0,1,0x00,0x00,0x00,#000000
2.019253620000000,0,2,0x00,0x00,0x00,#000000
2.019281310000000,0,3,0x00,0x00,0x00,#000000
2.019309010000000,0,4,0x00,0x00,0x00,#000000
2.019336700000000,0,5,0x00,0x00,0x00,#000000
2.019364400000000,0,6,0x00,0x00,0x00,#000000
2.019392080000000,0,7,0x00,0x00,0x00,#000000
2.019419780000000,0,8,0x00,0x00,0x00,#000000
2.019447470000000,0,9,0x00,0x00,0x00,#000000
2.019475170000000,0,10,0x00,0x00,0x00,#000000
2.019502860000000,0,11,0x00,0x00,0x00,#000000
2.019530550000000,0,12,0x00,0x00,0x00,#000000
2.019558240000000,0,13,0x00,0x00,0x00,#000000
2.019585940000000,0,14,0x00,0x00,0x00,#000000
2.019613630000000,0,15,0x00,0x00,0x00,#000000
2.030296640000000,0,0,0x7E,0x00,0x00,#7e0000
2.030324340000000,0,1,0x00,0x00,0x00,#000000
2.030352030000000,0,2,0x00,0x00,0x00,#000000
2.030379720000000,0,3,0x00,0x00,0x00,#000000
2.030407420000000,0,4,0x00,0x00,0x00,#000000
2.030435110000000,0,5,0x00,0x00,0x00,#000000
2.030462800000000,0,6,0x00,0x00,0x00,#000000
2.030490490000000,0,7,0x00,0x00,0x00,#000000
2.030518190000000,0,8,0x00,0x00,0x00,#000000
2.030545880000000,0,9,0x00,0x00,0x00,#000000
2.030573580000000,0,10,0x00,0x00,0x00,#000000
2.030601270000000,0,11,0x00,0x00,0x00,#000000
2.030628960000000,0,12,0x00,0x00,0x00,#000000
2.030656650000000,0,13,0x00,0x00,0x00,#000000
2.030684350000000,0,14,0x00,0x00,0x00,#000000
2.030712040000000,0,15,0x00,0x00,0x00,#000000
2.041295340000000,0,0,0x7E,0x00,0x00,#7e0000
2.041323030000000,0,1,0x00,0x00,0x00,#000000
2.041350730000000,0,2,0x00,0x00,0x00,#000000
2.041378420000000,0,3,0x00,0x00,0x00,#000000
2.041406110000000,0,4,0x00,0x00,0x00,#000000
2.041433810000000,0,5,0x00,0x00,0x00,#000000
2.041461500000000,0,6,0x00,0x00,0x00,#000000
2.041489190000000,0,7,0x00,0x00,0x00,#000000
2.041516880000000,0,8,0x00,0x00,0x00,#000000
2.041544580000000,0,9,0x00,0x00,0x00,#000000
2.041572270000000,0,10,0x00,0x00,0x00,#000000
2.041599970000000,0,11,0x00,0x00,0x00,#000000
2.041627650000000,0,12,0x00,0x00,0x00,#000000
2.041655350000000,0,13,0x00,0x00,0x00,#000000
2.041683040000000,0,14,0x00,0x00,0x00,#000000
2.041710740000000,0,15,0x00,0x00,0x00,#000000
2.052199080000000,0,0,0x7E,0x00,0x00,#7e0000
2.052226780000000,0,1,0x00,0x00,0x00,#000000
2.052254470000000,0,2,0x00,0x00,0x00,#000000
2.052282160000000,0,3,0x00,0x00,0x00,#000000
2.052309850000000,0,4,0x00,0x00,0x00,#000000
2.052337550000000,0,5,0x00,0x00,0x00,#000000
2.052365240000000,0,6,0x00,0x00,0x00,#000000
2.052392930000000,0,7,0x00,0x00,0x00,#000000
2.052420630000000,0,8,0x00,0x00,0x00,#000000
2.052448320000000,0,9,0x00,0x00,0x00,#000000
2.052476010000000,0,10,0x00,0x00,0x00,#000000
2.052503710000000,0,11,0x00,0x00,0x00,#000000
2.052531400000000,0,12,0x00,0x00,0x00,#000000
2.052559090000000,0,13,0x00,0x00,0x00,#000000
2.052586790000000,0,14,0x00,0x00,0x00,#000000
2.052614480000000,0,15,0x00,0x00,0x00,#000000
2.063300710000000,0,0,0x7E,0x00,0x00,#7e0000
2.063328410000000,0,1,0x00,0x00,0x00,#000000
2.063356100000000,0,2,0x00,0x00,0x00,#000000
2.063383790000000,0,3,0x00,0x00,0x00,#000000
2.063411490000000,0,4,0x00,0x00,0x00,#000000
2.063439180000000,0,5,0x00,0x00,0x00,#000000
2.063466870000000,0,6,0x00,0x00,0x00,#000000
2.063494570000000,0,7,0x00,0x00,0x00,#000000
2.063522260000000,0,8,0x00,0x00,0x00,#000000
2.063549950000000,0,9,0x00,0x00,0x00,#000000
2.063577640000000,0,10,0x00,0x00,0x00,#000000
2.063605340000000,0,11,0x00,0x00,0x00,#000000
2.063633030000000,0,12,0x00,0x00,0x00,#000000
2.063660720000000,0,13,0x00,0x00,0x00,#000000
2.063688410000000,0,14,0x00,0x00,0x00,#000000
2.063716110000000,0,15,0x00,0x00,0x00,#000000
2.074301860000000,0,0,0x7E,0x00,0x00,#7e0000
2.074329560000000,0,1,0x00,0x00,0x00,#000000
2.074357240000000,0,2,0x00,0x00,0x00,#000000
2.074384940000000,0,3,0x00,0x00,0x00,#000000
2.074412630000000,0,4,0x00,0x00,0x00,#000000
2.074440330000000,0,5,0x00,0x00,0x00,#000000
2.074468020000000,0,6,0x00,0x00,0x00,#000000
2.074495710000000,0,7,0x00,0x00,0x00,#000000
2.074523400000000,0,8,0x00,0x00,0x00,#000000
2.074551100000000,0,9,0x00,0x00,0x00,#000000
2.074578790000000,0,10,0x00,0x00,0x00,#000000
2.074606480000000,0,11,0x00,0x00,0x00,#000000
2.074634180000000,0,12,0x00,0x00,0x00,#000000
2.074661870000000,0,13,0x00,0x00,0x00,#000000
2.074689570000000,0,14,0x00,0x00,0x00,#000000
2.074717250000000,0,15,0x00,0x00,0x00,#000000
2.085199930000000,0,0,0x7E,0x00,0x00,#7e0000
2.085227620000000,0,1,0x00,0x00,0x00,#000000
2.085255320000000,0,2,0x00,0x00,0x00,#000000
2.085283010000000,0,3,0x00,0x00,0x00,#000000
2.085310700000000,0,4,0x00,0x00,0x00,#000000
2.085338400000000,0,5,0x00,0x00,0x00,#000000
2.085366090000000,0,6,0x00,0x00,0x00,#000000
2.085393780000000,0,7,0x00,0x00,0x00,#000000
2.085421470000000,0,8,0x00,0x00,0x00,#000000
2.085449170000000,0,9,0x00,0x00,0x00,#000000
2.085476860000000,0,10,0x00,0x00,0x00,#000000
2.085504560000000,0,11,0x00,0x00,0x00,#000000
2.085532240000000,0,12,0x00,0x00,0x00,#000000
2.085559940000000,0,13,0x00,0x00,0x00,#000000
2.085587630000000,0,14,0x00,0x00,0x00,#000000
2.085615330000000,0,15,0x00,0x00,0x00,#000000
2.096471710000000,0,0,0x7E,0x00,0x00,#7e0000
2.096499400000000,0,1,0x00,0x00,0x00,#000000
2.096527090000000,0,2,0x00,0x00,0x00,#000000
2.096554790000000,0,3,0x00,0x00,0x00,#000000
2.096582480000000,0,4,0x00,0x00,0x00,#000000
2.096610170000000,0,5,0x00,0x00,0x00,#000000
2.096637870000000,0,6,0x00,0x00,0x00,#000000
2.096665560000000,0,7,0x00,0x00,0x00,#000000
2.096693260000000,0,8,0x00,0x00,0x00,#000000
2.096720940000000,0,9,0x00,0x00,0x00,#000000
2.096748640000000,0,10,0x00,0x00,0x00,#000000
2.096776330000000,0,11,0x00,0x00,0x00,#000000
2.096804030000000,0,12,0x00,0x00,0x00,#000000
2.096831720000000,0,13,0x00,0x00,0x00,#000000
2.096859410000000,0,14,0x00,0x00,0x00,#000000
2.096887100000000,0,15,0x00,0x00,0x00,#000000
2.107294630000000,0,0,0x7E,0x00,0x00,#7e0000
2.107322320000000,0,1,0x00,0x00,0x00,#000000
2.107350020000000,0,2,0x00,0x00,0x00,#000000
2.107377710000000,0,3,0x00,0x00,0x00,#000000
2.107405410000000,0,4,0x00,0x00,0x00,#000000
2.107433090000000,0,5,0x00,0x00,0x00,#000000
2.107460790000000,0,6,0x00,0x00,0x00,#000000
2.107488480000000,0,7,0x00,0x00,0x00,#000000
2.107516180000000,0,8,0x00,0x00,0x00,#000000
2.107543870000000,0,9,0x00,0x00,0x00,#000000
2.107571560000000,0,10,0x00,0x00,0x00,#000000
2.107599250000000,0,11,0x00,0x00,0x00,#000000
2.107626950000000,0,12,0x00,0x00,0x00,#000000
2.107654640000000,0,13,0x00,0x00,0x00,#000000
2.107682330000000,0,14,0x00,0x00,0x00,#000000
2.107710030000000,0,15,0x00,0x00,0x00,#000000
2.118200780000000,0,0,0x7E,0x00,0x00,#7e0000
2.118228470000000,0,1,0x00,0x00,0x00,#000000
2.118256170000000,0,2,0x00,0x00,0x00,#000000
2.118283850000000,0,3,0x00,0x00,0x00,#000000
2.118311550000000,0,4,0x00,0x00,0x00,#000000
2.118339240000000,0,5,0x00,0x00,0x00,#000000
2.118366940000000,0,6,0x00,0x00,0x00,#000000
2.118394620000000,0,7,0x00,0x00,0x00,#000000
2.118422320000000,0,8,0x00,0x00,0x00,#000000
2.118450010000000,0,9,0x00,0x00,0x00,#000000
2.118477710000000,0,10,0x00,0x00,0x00,#000000
2.118505400000000,0,11,0x00,0x00,0x00,#000000
2.118533090000000,0,12,0x00,0x00,0x00,#000000
2.118560790000000,0,13,0x00,0x00,0x00,#000000
2.118588480000000,0,14,0x00,0x00,0x00,#000000
2.118616170000000,0,15,0x00,0x00,0x00,#000000
2.129305720000000,0,0,0x7E,0x00,0x00,#7e0000
2.129333420000000,0,1,0x00,0x00,0x00,#000000
2.129361110000000,0,2,0x00,0x00,0x00,#000000
2.129388810000000,0,3,0x00,0x00,0x00,#000000
2.129416500000000,0,4,0x00,0x00,0x00,#000000
2.129444190000000,0,5,0x00,0x00,0x00,#000000
2.129471880000000,0,6,0x00,0x00,0x00,#000000
2.129499580000000,0,7,0x00,0x00,0x00,#000000
2.129527270000000,0,8,0x00,0x00,0x00,#000000
2.129554960000000,0,9,0x00,0x00,0x00,#000000
2.129582660000000,0,10,0x00,0x00,0x00,#000000
2.129610350000000,0,11,0x00,0x00,0x00,#000000
2.129638040000000,0,12,0x00,0x00,0x00,#000000
2.129665730000000,0,13,0x00,0x00,0x00,#000000
2.129693430000000,0,14,0x00,0x00,0x00,#000000
2.129721120000000,0,15,0x00,0x00,0x00,#000000
2.140305090000000,0,0,0x7E,0x00,0x00,#7e0000
2.140332790000000,0,1,0x00,0x00,0x00,#000000
2.140360480000000,0,2,0x00,0x00,0x00,#000000
2.140388170000000,0,3,0x00,0x00,0x00,#000000
2.140415870000000,0,4,0x00,0x00,0x00,#000000
2.140443560000000,0,5,0x00,0x00,0x00,#000000
2.140471250000000,0,6,0x00,0x00,0x00,#000000
2.140498940000000,0,7,0x00,0x00,0x00,#000000
2.140526640000000,0,8,0x00,0x00,0x00,#000000
2.140554330000000,0,9,0x00,0x00,0x00,#000000
2.140582030000000,0,10,0x00,0x00,0x00,#000000
2.140609720000000,0,11,0x00,0x00,0x00,#000000
2.140637410000000,0,12,0x00,0x00,0x00,#000000
2.140665100000000,0,13,0x00,0x00,0x00,#000000
2.140692800000000,0,14,0x00,0x00,0x00,#000000
2.140720490000000,0,15,0x00,0x00,0x00,#000000
2.151201620000000,0,0,0x7E,0x00,0x00,#7e0000
2.151229320000000,0,1,0x00,0x00,0x00,#000000
2.151257010000000,0,2,0x00,0x00,0x00,#000000
2.151284700000000,0,3,0x00,0x00,0x00,#000000
2.151312400000000,0,4,0x00,0x00,0x00,#000000
2.151340090000000,0,5,0x00,0x00,0x00,#000000
2.151367780000000,0,6,0x00,0x00,0x00,#000000
2.151395470000000,0,7,0x00,0x00,0x00,#000000
2.151423170000000,0,8,0x00,0x00,0x00,#000000
2.151450860000000,0,9,0x00,0x00,0x00,#000000
2.151478560000000,0,10,0x00,0x00,0x00,#000000
2.151506250000000,0,11,0x00,0x00,0x00,#000000
2.151533940000000,0,12,0x00,0x00,0x00,#000000
2.151561630000000,0,13,0x00,0x00,0x00,#000000
2.151589330000000,0,14,0x00,0x00,0x00,#000000
2.151617020000000,0,15,0x00,0x00,0x00,#000000
2.162304890000000,0,0,0x7E,0x00,0x00,#7e0000
2.162332580000000,0,1,0x00,0x00,0x00,#000000
2.162360280000000,0,2,0x00,0x00,0x00,#000000
2.162387970000000,0,3,0x00,0x00,0x00,#000000
2.162415660000000,0,4,0x00,0x00,0x00,#000000
2.162443360000000,0,5,0x00,0x00,0x00,#000000
2.162471050000000,0,6,0x00,0x00,0x00,#000000
2.162498740000000,0,7,0x00,0x00,0x00,#000000
2.162526430000000,0,8,0x00,0x00,0x00,#000000
2.162554130000000,0,9,0x00,0x00,0x00,#000000
2.162581820000000,0,10,0x00,0x00,0x00,#000000
2.162609510000000,0,11,0x00,0x00,0x00,#000000
2.162637200000000,0,12,0x00,0x00,0x00,#000000
2.162664900000000,0,13,0x00,0x00,0x00,#000000
2.162692590000000,0,14,0x00,0x00,0x00,#000000
2.162720290000000,0,15,0x00,0x00,0x00,#000000
2.173295990000000,0,0,0x7E,0x00,0x00,#7e0000
2.173323680000000,0,1,0x00,0x00,0x00,#000000
2.173351370000000,0,2,0x00,0x00,0x00,#000000
2.173379070000000,0,3,0x00,0x00,0x00,#000000
2.173406760000000,0,4,0x00,0x00,0x00,#000000
2.173434460000000,0,5,0x00,0x00,0x00,#000000
2.173462140000000,0,6,0x00,0x00,0x00,#000000
2.173489840000000,0,7,0x00,0x00,0x00,#000000
2.173517530000000,0,8,0x00,0x00,0x00,#000000
2.173545230000000,0,9,0x00,0x00,0x00,#000000
2.173572920000000,0,10,0x00,0x00,0x00,#000000
2.173600610000000,0,11,0x00,0x00,0x00,#000000
2.173628310000000,0,12,0x00,0x00,0x00,#000000
2.173656000000000,0,13,0x00,0x00,0x00,#000000
2.173683690000000,0,14,0x00,0x00,0x00,#000000
2.173711380000000,0,15,0x00,0x00,0x00,#000000
2.184202570000000,0,0,0x7E,0x00,0x00,#7e0000
2.184230260000000,0,1,0x00,0x00,0x00,#000000
2.184257950000000,0,2,0x00,0x00,0x00,#000000
2.184285650000000,0,3,0x00,0x00,0x00,#000000
2.184313340000000,0,4,0x00,0x00,0x00,#000000
2.184341030000000,0,5,0x00,0x00,0x00,#000000
2.184368720000000,0,6,0x00,0x00,0x00,#000000
2.184396420000000,0,7,0x00,0x00,0x00,#000000
2.184424110000000,0,8,0x00,0x00,0x00,#000000
2.184451800000000,0,9,0x00,0x00,0x00,#000000
2.184479500000000,0,10,0x00,0x00,0x00,#000000
2.184507190000000,0,11,0x00,0x00,0x00,#000000
2.184534890000000,0,12,0x00,0x00,0x00,#000000
2.184562570000000,0,13,0x00,0x00,0x00,#000000
2.184590270000000,0,14,0x00,0x00,0x00,#000000
2.184617960000000,0,15,0x00,0x00,0x00,#000000
2.195312950000000,0,0,0x7E,0x00,0x00,#7e0000
2.195340640000000,0,1,0x00,0x00,0x00,#000000
2.195368330000000,0,2,0x00,0x00,0x00,#000000
2.195396030000000,0,3,0x00,0x00,0x00,#000000
2.195423720000000,0,4,0x00,0x00,0x00,#000000
2.195451420000000,0,5,0x00,0x00,0x00,#000000
2.195479100000000,0,6,0x00,0x00,0x00,#000000
2.195506800000000,0,7,0x00,0x00,0x00,#000000
2.195534490000000,0,8,0x00,0x00,0x00,#000000
2.195562190000000,0,9,0x00,0x00,0x00,#000000
2.195589880000000,0,10,0x00,0x00,0x00,#000000
2.195617570000000,0,11,0x00,0x00,0x00,#000000
2.195645260000000,0,12,0x00,0x00,0x00,#000000
2.195672960000000,0,13,0x00,0x00,0x00,#000000
2.195700650000000,0,14,0x00,0x00,0x00,#000000
2.195728340000000,0,15,0x00,0x00,0x00,#000000
2.206300590000000,0,0,0x7E,0x00,0x00,#7e0000
2.206328280000000,0,1,0x00,0x00,0x00,#000000
2.206355970000000,0,2,0x00,0x00,0x00,#000000
2.206383660000000,0,3,0x00,0x00,0x00,#000000
2.206411360000000,0,4,0x00,0x00,0x00,#000000
2.206439050000000,0,5,0x00,0x00,0x00,#000000
2.206466740000000,0,6,0x00,0x00,0x00,#000000
2.206494440000000,0,7,0x00,0x00,0x00,#000000
2.206522130000000,0,8,0x00,0x00,0x00,#000000
2.206549830000000,0,9,0x00,0x00,0x00,#000000
2.206577510000000,0,10,0x00,0x00,0x00,#000000
2.206605210000000,0,11,0x00,0x00,0x00,#000000
2.206632900000000,0,12,0x00,0x00,0x00,#000000
2.206660600000000,0,13,0x00,0x00,0x00,#000000
2.206688290000000,0,14,0x00,0x00,0x00,#000000
2.206715980000000,0,15,0x00,0x00,0x00,#000000
2.217203410000000,0,0,0x7E,0x00,0x00,#7e0000
2.217231110000000,0,1,0x00,0x00,0x00,#000000
2.217258800000000,0,2,0x00,0x00,0x00,#000000
2.217286490000000,0,3,0x00,0x00,0x00,#000000
2.217314190000000,0,4,0x00,0x00,0x00,#000000
2.217341880000000,0,5,0x00,0x00,0x00,#000000
2.217369570000000,0,6,0x00,0x00,0x00,#000000
2.217397270000000,0,7,0x00,0x00,0x00,#000000
2.217424960000000,0,8,0x00,0x00,0x00,#000000
2.217452650000000,0,9,0x00,0x00,0x00,#000000
2.217480340000000,0,10,0x00,0x00,0x00,#000000
2.217508040000000,0,11,0x00,0x00,0x00,#000000
2.217535730000000,0,12,0x00,0x00,0x00,#000000
2.217563420000000,0,13,0x00,0x00,0x00,#000000
2.217591120000000,0,14,0x00,0x00,0x00,#000000
2.217618810000000,0,15,0x00,0x00,0x00,#000000
2.228370190000000,0,0,0x7E,0x00,0x00,#7e0000
2.228397890000000,0,1,0x00,0x00,0x00,#000000
2.228425570000000,0,2,0x00,0x00,0x00,#000000
2.228453270000000,0,3,0x00,0x00,0x00,#000000
2.228480960000000,0,4,0x00,0x00,0x00,#000000
2.228508660000000,0,5,0x00,0x00,0x00,#000000
2.228536350000000,0,6,0x00,0x00,0x00,#000000
2.228564040000000,0,7,0x00,0x00,0x00,#000000
2.228591730000000,0,8,0x00,0x00,0x00,#000000
2.228619430000000,0,9,0x00,0x00,0x00,#000000
2.228647120000000,0,10,0x00,0x00,0x00,#000000
2.228674810000000,0,11,0x00,0x00,0x00,#000000
2.228702510000000,0,12,0x00,0x00,0x00,#000000
2.228730200000000,0,13,0x00,0x00,0x00,#000000
2.228757900000000,0,14,0x00,0x00,0x00,#000000
2.228785580000000,0,15,0x00,0x00,0x00,#000000
2.239304030000000,0,0,0x7E,0x00,0x00,#7e0000
2.239331720000000,0,1,0x00,0x00,0x00,#000000
2.239359420000000,0,2,0x00,0x00,0x00,#000000
2.239387110000000,0,3,0x00,0x00,0x00,#000000
2.239414800000000,0,4,0x00,0x00,0x00,#000000
2.239442490000000,0,5,0x00,0x00,0x00,#000000
2.239470190000000,0,6,0x00,0x00,0x00,#000000
2.239497880000000,0,7,0x00,0x00,0x00,#000000
2.239525570000000,0,8,0x00,0x00,0x00,#000000
2.239553270000000,0,9,0x00,0x00,0x00,#000000
2.239580960000000,0,10,0x00,0x00,0x00,#000000
2.239608660000000,0,11,0x00,0x00,0x00,#000000
2.239636340000000,0,12,0x00,0x00,0x00,#000000
2.239664040000000,0,13,0x00,0x00,0x00,#000000
2.239691730000000,0,14,0x00,0x00,0x00,#000000
2.239719430000000,0,15,0x00,0x00,0x00,#000000
2.250204170000000,0,0,0x7E,0x00,0x00,#7e0000
2.250231860000000,0,1,0x00,0x00,0x00,#000000
2.250259550000000,0,2,0x00,0x00,0x00,#000000
2.250287240000000,0,3,0x00,0x00,0x00,#000000
2.250314940000000,0,4,0x00,0x00,0x00,#000000
2.250342630000000,0,5,0x00,0x00,0x00,#000000
2.250370330000000,0,6,0x00,0x00,0x00,#000000
2.250398010000000,0,7,0x00,0x00,0x00,#000000
2.250425710000000,0,8,0x00,0x00,0x00,#000000
2.250453400000000,0,9,0x00,0x00,0x00,#000000
2.250481100000000,0,10,0x00,0x00,0x00,#000000
2.250508790000000,0,11,0x00,0x00,0x00,#000000
2.250536480000000,0,12,0x00,0x00,0x00,#000000
2.250564170000000,0,13,0x00,0x00,0x00,#000000
2.250591870000000,0,14,0x00,0x00,0x00,#000000
2.250619560000000,0,15,0x00,0x00,0x00,#000000
2.261312910000000,0,0,0x7E,0x00,0x00,#7e0000
2.261340610000000,0,1,0x00,0x00,0x00,#000000
2.261368290000000,0,2,0x00,0x00,0x00,#000000
2.261395990000000,0,3,0x00,0x00,0x00,#000000
2.261423680000000,0,4,0x00,0x00,0x00,#000000
2.261451380000000,0,5,0x00,0x00,0x00,#000000
2.261479070000000,0,6,0x00,0x00,0x00,#000000
2.261506760000000,0,7,0x00,0x00,0x00,#000000
2.261534460000000,0,8,0x00,0x00,0x00,#000000
2.261562150000000,0,9,0x00,0x00,0x00,#000000
2.261589840000000,0,10,0x00,0x00,0x00,#000000
2.261617530000000,0,11,0x00,0x00,0x00,#000000
2.261645230000000,0,12,0x00,0x00,0x00,#000000
2.261672920000000,0,13,0x00,0x00,0x00,#000000
2.261700620000000,0,14,0x00,0x00,0x00,#000000
2.261728300000000,0,15,0x00,0x00,0x00,#000000
2.272306850000000,0,0,0x7E,0x00,0x00,#7e0000
2.272334540000000,0,1,0x00,0x00,0x00,#000000
2.272362230000000,0,2,0x00,0x00,0x00,#000000
2.272389930000000,0,3,0x00,0x00,0x00,#000000
2.272417620000000,0,4,0x00,0x00,0x00,#000000
2.272445310000000,0,5,0x00,0x00,0x00,#000000
2.272473010000000,0,6,0x00,0x00,0x00,#000000
2.272500700000000,0,7,0x00,0x00,0x00,#000000
2.272528390000000,0,8,0x00,0x00,0x00,#000000
2.272556080000000,0,9,0x00,0x00,0x00,#000000
2.272583780000000,0,10,0x00,0x00,0x00,#000000
2.272611470000000,0,11,0x00,0x00,0x00,#000000
2.272639170000000,0,12,0x00,0x00,0x00,#000000
2.272666860000000,0,13,0x00,0x00,0x00,#000000
2.272694550000000,0,14,0x00,0x00,0x00,#000000
2.272722240000000,0,15,0x00,0x00,0x00,#000000
2.283205010000000,0,0,0x7E,0x00,0x00,#7e0000
2.283232710000000,0,1,0x00,0x00,0x00,#000000
2.283260400000000,0,2,0x00,0x00,0x00,#000000
2.283288090000000,0,3,0x00,0x00,0x00,#000000
2.283315780000000,0,4,0x00,0x00,0x00,#000000
2.283343480000000,0,5,0x00,0x00,0x00,#000000
2.283371170000000,0,6,0x00,0x00,0x00,#000000
2.283398860000000,0,7,0x00,0x00,0x00,#000000
2.283426550000000,0,8,0x00,0x00,0x00,#000000
2.283454250000000,0,9,0x00,0x00,0x00,#000000
2.283481940000000,0,10,0x00,0x00,0x00,#000000
2.283509640000000,0,11,0x00,0x00,0x00,#000000
2.283537330000000,0,12,0x00,0x00,0x00,#000000
2.283565020000000,0,13,0x00,0x00,0x00,#000000
2.283592720000000,0,14,0x00,0x00,0x00,#000000
2.283620410000000,0,15,0x00,0x00,0x00,#000000
2.294314240000000,0,0,0x7E,0x00,0x00,#7e0000
2.294341930000000,0,1,0x00,0x00,0x00,#000000
2.294369620000000,0,2,0x00,0x00,0x00,#000000
2.294397320000000,0,3,0x00,0x00,0x00,#000000
2.294425010000000,0,4,0x00,0x00,0x00,#000000
2.294452710000000,0,5,0x00,0x00,0x00,#000000
2.294480390000000,0,6,0x00,0x00,0x00,#000000
2.294508090000000,0,7,0x00,0x00,0x00,#000000
2.294535780000000,0,8,0x00,0x00,0x00,#000000
2.294563480000000,0,9,0x00,0x00,0x00,#000000
2.294591170000000,0,10,0x00,0x00,0x00,#000000
2.294618860000000,0,11,0x00,0x00,0x00,#000000
2.294646560000000,0,12,0x00,0x00,0x00,#000000
2.294674250000000,0,13,0x00,0x00,0x00,#000000
2.294701940000000,0,14,0x00,0x00,0x00,#000000
2.294729630000000,0,15,0x00,0x00,0x00,#000000
2.305328610000000,0,0,0x7E,0x00,0x00,#7e0000
2.305356300000000,0,1,0x00,0x00,0x00,#000000
2.305383990000000,0,2,0x00,0x00,0x00,#000000
2.305411690000000,0,3,0x00,0x00,0x00,#000000
2.305439380000000,0,4,0x00,0x00,0x00,#000000
2.305467080000000,0,5,0x00,0x00,0x00,#000000
2.305494760000000,0,6,0x00,0x00,0x00,#000000
2.305522460000000,0,7,0x00,0x00,0x00,#000000
2.305550150000000,0,8,0x00,0x00,0x00,#000000
2.305577850000000,0,9,0x00,0x00,0x00,#000000
2.305605540000000,0,10,0x00,0x00,0x00,#000000
2.305633230000000,0,11,0x00,0x00,0x00,#000000
2.305660930000000,0,12,0x00,0x00,0x00,#000000
2.305688620000000,0,13,0x00,0x00,0x00,#000000
2.305716310000000,0,14,0x00,0x00,0x00,#000000
2.305744000000000,0,15,0x00,0x00,0x00,#000000
2.316205860000000,0,0,0x7E,0x00,0x00,#7e0000
2.316233550000000,0,1,0x00,0x00,0x00,#000000
2.316261250000000,0,2,0x00,0x00,0x00,#000000
2.316288940000000,0,3,0x00,0x00,0x00,#000000
2.316316630000000,0,4,0x00,0x00,0x00,#000000
2.316344330000000,0,5,0x00,0x00,0x00,#000000
2.316372020000000,0,6,0x00,0x00,0x00,#000000
2.316399710000000,0,7,0x00,0x00,0x00,#000000
2.316427400000000,0,8,0x00,0x00,0x00,#000000
2.316455100000000,0,9,0x00,0x00,0x00,#000000
2.316482790000000,0,10,0x00,0x00,0x00,#000000
2.316510480000000,0,11,0x00,0x00,0x00,#000000
2.316538170000000,0,12,0x00,0x00,0x00,#000000
2.316565870000000,0,13,0x00,0x00,0x00,#000000
2.316593560000000,0,14,0x00,0x00,0x00,#000000
2.316621260000000,0,15,0x00,0x00,0x00,#000000
2.327318600000000,0,0,0x7E,0x00,0x00,#7e0000
2.327346290000000,0,1,0x00,0x00,0x00,#000000
2.327373980000000,0,2,0x00,0x00,0x00,#000000
2.327401680000000,0,3,0x00,0x00,0x00,#000000
2.327429370000000,0,4,0x00,0x00,0x00,#000000
2.327457060000000,0,5,0x00,0x00,0x00,#000000
2.327484750000000,0,6,0x00,0x00,0x00,#000000
2.327512450000000,0,7,0x00,0x00,0x00,#000000
2.327540140000000,0,8,0x00,0x00,0x00,#000000
2.327567830000000,0,9,0x00,0x00,0x00,#000000
2.327595530000000,0,10,0x00,0x00,0x00,#000000
2.327623220000000,0,11,0x00,0x00,0x00,#000000
2.327650910000000,0,12,0x00,0x00,0x00,#000000
2.327678600000000,0,13,0x00,0x00,0x00,#000000
2.327706300000000,0,14,0x00,0x00,0x00,#000000
2.327733990000000,0,15,0x00,0x00,0x00,#000000
2.338309310000000,0,0,0x7E,0x00,0x00,#7e0000
2.338337000000000,0,1,0x00,0x00,0x00,#000000
2.338364700000000,0,2,0x00,0x00,0x00,#000000
2.338392390000000,0,3,0x00,0x00,0x00,#000000
2.338420080000000,0,4,0x00,0x00,0x00,#000000
2.338447770000000,0,5,0x00,0x00,0x00,#000000
2.338475470000000,0,6,0x00,0x00,0x00,#000000
2.338503160000000,0,7,0x00,0x00,0x00,#000000
2.338530860000000,0,8,0x00,0x00,0x00,#000000
2.338558550000000,0,9,0x00,0x00,0x00,#000000
2.338586240000000,0,10,0x00,0x00,0x00,#000000
2.338613930000000,0,11,0x00,0x00,0x00,#000000
2.338641630000000,0,12,0x00,0x00,0x00,#000000
2.338669320000000,0,13,0x00,0x00,0x00,#000000
2.338697010000000,0,14,0x00,0x00,0x00,#000000
2.338724710000000,0,15,0x00,0x00,0x00,#000000
2.349206710000000,0,0,0x7E,0x00,0x00,#7e0000
2.349234400000000,0,1,0x00,0x00,0x00,#000000
2.349262090000000,0,2,0x00,0x00,0x00,#000000
2.349289780000000,0,3,0x00,0x00,0x00,#000000
2.349317480000000,0,4,0x00,0x00,0x00,#000000
2.349345170000000,0,5,0x00,0x00,0x00,#000000
2.349372870000000,0,6,0x00,0x00,0x00,#000000
2.349400550000000,0,7,0x00,0x00,0x00,#000000
2.349428250000000,0,8,0x00,0x00,0x00,#000000
2.349455940000000,0,9,0x00,0x00,0x00,#000000
2.349483640000000,0,10,0x00,0x00,0x00,#000000
2.349511330000000,0,11,0x00,0x00,0x00,#000000
2.349539020000000,0,12,0x00,0x00,0x00,#000000
2.349566710000000,0,13,0x00,0x00,0x00,#000000
2.349594410000000,0,14,0x00,0x00,0x00,#000000
2.349622100000000,0,15,0x00,0x00,0x00,#000000
2.360308340000000,0,0,0x7E,0x00,0x00,#7e0000
2.360336030000000,0,1,0x00,0x00,0x00,#000000
2.360363720000000,0,2,0x00,0x00,0x00,#000000
2.360391420000000,0,3,0x00,0x00,0x00,#000000
2.360419110000000,0,4,0x00,0x00,0x00,#000000
2.360446800000000,0,5,0x00,0x00,0x00,#000000
2.360474500000000,0,6,0x00,0x00,0x00,#000000
2.360502190000000,0,7,0x00,0x00,0x00,#000000
2.360529880000000,0,8,0x00,0x00,0x00,#000000
2.360557570000000,0,9,0x00,0x00,0x00,#000000
2.360585270000000,0,10,0x00,0x00,0x00,#000000
2.360612960000000,0,11,0x00,0x00,0x00,#000000
2.360640660000000,0,12,0x00,0x00,0x00,#000000
2.360668340000000,0,13,0x00,0x00,0x00,#000000
2.360696040000000,0,14,0x00,0x00,0x00,#000000
2.360723730000000,0,15,0x00,0x00,0x00,#000000
2.371308470000000,0,0,0x7E,0x00,0x00,#7e0000
2.371336170000000,0,1,0x00,0x00,0x00,#000000
2.371363860000000,0,2,0x00,0x00,0x00,#000000
2.371391560000000,0,3,0x00,0x00,0x00,#000000
2.371419240000000,0,4,0x00,0x00,0x00,#000000
2.371446940000000,0,5,0x00,0x00,0x00,#000000
2.371474630000000,0,6,0x00,0x00,0x00,#000000
2.371502330000000,0,7,0x00,0x00,0x00,#000000
2.371530020000000,0,8,0x00,0x00,0x00,#000000
2.371557710000000,0,9,0x00,0x00,0x00,#000000
2.371585400000000,0,10,0x00,0x00,0x00,#000000
2.371613100000000,0,11,0x00,0x00,0x00,#000000
2.371640790000000,0,12,0x00,0x00,0x00,#000000
2.371668480000000,0,13,0x00,0x00,0x00,#000000
2.371696180000000,0,14,0x00,0x00,0x00,#000000
2.371723870000000,0,15,0x00,0x00,0x00,#000000
2.382210440000000,0,0,0x7E,0x00,0x00,#7e0000
2.382238130000000,0,1,0x00,0x00,0x00,#000000
2.382265820000000,0,2,0x00,0x00,0x00,#000000
2.382293520000000,0,3,0x00,0x00,0x00,#000000
2.382321210000000,0,4,0x00,0x00,0x00,#000000
2.382348900000000,0,5,0x00,0x00,0x00,#000000
2.382376590000000,0,6,0x00,0x00,0x00,#000000
2.382404290000000,0,7,0x00,0x00,0x00,#000000
2.382431980000000,0,8,0x00,0x00,0x00,#000000
2.382459680000000,0,9,0x00,0x00,0x00,#000000
2.382487370000000,0,10,0x00,0x00,0x00,#000000
2.382515060000000,0,11,0x00,0x00,0x00,#000000
2.382542760000000,0,12,0x00,0x00,0x00,#000000
2.382570450000000,0,13,0x00,0x00,0x00,#000000
2.382598140000000,0,14,0x00,0x00,0x00,#000000
2.382625830000000,0,15,0x00,0x00,0x00,#000000
2.393314960000000,0,0,0x7E,0x00,0x00,#7e0000
2.393342640000000,0,1,0x00,0x00,0x00,#000000
2.393370340000000,0,2,0x00,0x00,0x00,#000000
2.393398030000000,0,3,0x00,0x00,0x00,#000000
2.393425730000000,0,4,0x00,0x00,0x00,#000000
2.393453420000000,0,5,0x00,0x00,0x00,#000000
2.393481110000000,0,6,0x00,0x00,0x00,#000000
2.393508800000000,0,7,0x00,0x00,0x00,#000000
2.393536500000000,0,8,0x00,0x00,0x00,#000000
2.393564190000000,0,9,0x00,0x00,0x00,#000000
2.393591880000000,0,10,0x00,0x00,0x00,#000000
2.393619580000000,0,11,0x00,0x00,0x00,#000000
2.393647270000000,0,12,0x00,0x00,0x00,#000000
2.393674970000000,0,13,0x00,0x00,0x00,#000000
2.393702650000000,0,14,0x00,0x00,0x00,#000000
2.393730350000000,0,15,0x00,0x00,0x00,#000000
2.404301920000000,0,0,0x7E,0x00,0x00,#7e0000
2.404329610000000,0,1,0x00,0x00,0x00,#000000
2.404357300000000,0,2,0x00,0x00,0x00,#000000
2.404385000000000,0,3,0x00,0x00,0x00,#000000
2.404412690000000,0,4,0x00,0x00,0x00,#000000
2.404440390000000,0,5,0x00,0x00,0x00,#000000
2.404468070000000,0,6,0x00,0x00,0x00,#000000
2.404495770000000,0,7,0x00,0x00,0x00,#000000
2.404523460000000,0,8,0x00,0x00,0x00,#000000
2.404551160000000,0,9,0x00,0x00,0x00,#000000
2.404578850000000,0,10,0x00,0x00,0x00,#000000
2.404606540000000,0,11,0x00,0x00,0x00,#000000
2.404634230000000,0,12,0x00,0x00,0x00,#000000
2.404661930000000,0,13,0x00,0x00,0x00,#000000
2.404689620000000,0,14,0x00,0x00,0x00,#000000
2.404717310000000,0,15,0x00,0x00,0x00,#000000
2.415208400000000,0,0,0x7E,0x00,0x00,#7e0000
2.415236090000000,0,1,0x00,0x00,0x00,#000000
2.415263790000000,0,2,0x00,0x00,0x00,#000000
2.415291480000000,0,3,0x00,0x00,0x00,#000000
2.415319170000000,0,4,0x00,0x00,0x00,#000000
2.415346870000000,0,5,0x00,0x00,0x00,#000000
2.415374560000000,0,6,0x00,0x00,0x00,#000000
2.415402250000000,0,7,0x00,0x00,0x00,#000000
2.415429940000000,0,8,0x00,0x00,0x00,#000000
2.415457640000000,0,9,0x00,0x00,0x00,#000000
2.415485330000000,0,10,0x00,0x00,0x00,#000000
2.415513030000000,0,11,0x00,0x00,0x00,#000000
2.415540710000000,0,12,0x00,0x00,0x00,#000000
2.415568410000000,0,13,0x00,0x00,0x00,#000000
2.415596100000000,0,14,0x00,0x00,0x00,#000000
2.415623800000000,0,15,0x00,0x00,0x00,#000000
2.426489750000000,0,0,0x7E,0x00,0x00,#7e0000
2.426517440000000,0,1,0x00,0x00,0x00,#000000
2.426545130000000,0,2,0x00,0x00,0x00,#000000
2.426572830000000,0,3,0x00,0x00,0x00,#000000
2.426600520000000,0,4,0x00,0x00,0x00,#000000
2.426628210000000,0,5,0x00,0x00,0x00,#000000
2.426655910000000,0,6,0x00,0x00,0x00,#000000
2.426683600000000,0,7,0x00,0x00,0x00,#000000
2.426711290000000,0,8,0x00,0x00,0x00,#000000
2.426738980000000,0,9,0x00,0x00,0x00,#000000
2.426766680000000,0,10,0x00,0x00,0x00,#000000
2.426794370000000,0,11,0x00,0x00,0x00,#000000
2.426822070000000,0,12,0x00,0x00,0x00,#000000
2.426849750000000,0,13,0x00,0x00,0x00,#000000
2.426877450000000,0,14,0x00,0x00,0x00,#000000
2.426905140000000,0,15,0x00,0x00,0x00,#000000
2.437317000000000,0,0,0x7E,0x00,0x00,#7e0000
2.437344690000000,0,1,0x00,0x00,0x00,#000000
2.437372380000000,0,2,0x00,0x00,0x00,#000000
2.437400080000000,0,3,0x00,0x00,0x00,#000000
2.437427770000000,0,4,0x00,0x00,0x00,#000000
2.437455460000000,0,5,0x00,0x00,0x00,#000000
2.437483150000000,0,6,0x00,0x00,0x00,#000000
2.437510850000000,0,7,0x00,0x00,0x00,#000000
2.437538540000000,0,8,0x00,0x00,0x00,#000000
2.437566240000000,0,9,0x00,0x00,0x00,#000000
2.437593920000000,0,10,0x00,0x00,0x00,#000000
2.437621620000000,0,11,0x00,0x00,0x00,#000000
2.437649310000000,0,12,0x00,0x00,0x00,#000000
2.437677010000000,0,13,0x00,0x00,0x00,#000000
2.437704700000000,0,14,0x00,0x00,0x00,#000000
2.437732390000000,0,15,0x00,0x00,0x00,#000000
2.448209250000000,0,0,0x7E,0x00,0x00,#7e0000
2.448236940000000,0,1,0x00,0x00,0x00,#000000
2.448264630000000,0,2,0x00,0x00,0x00,#000000
2.448292320000000,0,3,0x00,0x00,0x00,#000000
2.448320020000000,0,4,0x00,0x00,0x00,#000000
2.448347710000000,0,5,0x00,0x00,0x00,#000000
2.448375410000000,0,6,0x00,0x00,0x00,#000000
2.448403090000000,0,7,0x00,0x00,0x00,#000000
2.448430790000000,0,8,0x00,0x00,0x00,#000000
2.448458480000000,0,9,0x00,0x00,0x00,#000000
2.448486180000000,0,10,0x00,0x00,0x00,#000000
2.448513870000000,0,11,0x00,0x00,0x00,#000000
2.448541560000000,0,12,0x00,0x00,0x00,#000000
2.448569260000000,0,13,0x00,0x00,0x00,#000000
2.448596950000000,0,14,0x00,0x00,0x00,#000000
2.448624640000000,0,15,0x00,0x00,0x00,#000000
2.459308810000000,0,0,0x7E,0x00,0x00,#7e0000
2.459336500000000,0,1,0x00,0x00,0x00,#000000
2.459364200000000,0,2,0x00,0x00,0x00,#000000
2.459391890000000,0,3,0x00,0x00,0x00,#000000
2.459419580000000,0,4,0x00,0x00,0x00,#000000
2.459447280000000,0,5,0x00,0x00,0x00,#000000
2.459474970000000,0,6,0x00,0x00,0x00,#000000
2.459502660000000,0,7,0x00,0x00,0x00,#000000
2.459530360000000,0,8,0x00,0x00,0x00,#000000
2.459558050000000,0,9,0x00,0x00,0x00,#000000
2.459585740000000,0,10,0x00,0x00,0x00,#000000
2.459613430000000,0,11,0x00,0x00,0x00,#000000
2.459641130000000,0,12,0x00,0x00,0x00,#000000
2.459668820000000,0,13,0x00,0x00,0x00,#000000
2.459696510000000,0,14,0x00,0x00,0x00,#000000
2.459724200000000,0,15,0x00,0x00,0x00,#000000
2.470308420000000,0,0,0x7E,0x00,0x00,#7e0000
2.470336110000000,0,1,0x00,0x00,0x00,#000000
2.470363810000000,0,2,0x00,0x00,0x00,#000000
2.470391500000000,0,3,0x00,0x00,0x00,#000000
2.470419190000000,0,4,0x00,0x00,0x00,#000000
2.470446890000000,0,5,0x00,0x00,0x00,#000000
2.470474580000000,0,6,0x00,0x00,0x00,#000000
2.470502270000000,0,7,0x00,0x00,0x00,#000000
2.470529960000000,0,8,0x00,0x00,0x00,#000000
2.470557660000000,0,9,0x00,0x00,0x00,#000000
2.470585350000000,0,10,0x00,0x00,0x00,#000000
2.470613040000000,0,11,0x00,0x00,0x00,#000000
2.470640730000000,0,12,0x00,0x00,0x00,#000000
2.470668430000000,0,13,0x00,0x00,0x00,#000000
2.470696120000000,0,14,0x00,0x00,0x00,#000000
2.470723820000000,0,15,0x00,0x00,0x00,#000000
2.481211540000000,0,0,0x7E,0x00,0x00,#7e0000
2.481239230000000,0,1,0x00,0x00,0x00,#000000
2.481266920000000,0,2,0x00,0x00,0x00,#000000
2.481294610000000,0,3,0x00,0x00,0x00,#000000
2.481322310000000,0,4,0x00,0x00,0x00,#000000
2.481350000000000,0,5,0x00,0x00,0x00,#000000
2.481377690000000,0,6,0x00,0x00,0x00,#000000
2.481405390000000,0,7,0x00,0x00,0x00,#000000
2.481433080000000,0,8,0x00,0x00,0x00,#000000
2.481460780000000,0,9,0x00,0x00,0x00,#000000
2.481488470000000,0,10,0x00,0x00,0x00,#000000
2.481516160000000,0,11,0x00,0x00,0x00,#000000
2.481543850000000,0,12,0x00,0x00,0x00,#000000
2.481571550000000,0,13,0x00,0x00,0x00,#000000
2.481599240000000,0,14,0x00,0x00,0x00,#000000
2.481626930000000,0,15,0x00,0x00,0x00,#000000
2.492325860000000,0,0,0x7E,0x00,0x00,#7e0000
2.492353550000000,0,1,0x00,0x00,0x00,#000000
2.492381250000000,0,2,0x00,0x00,0x00,#000000
2.492408940000000,0,3,0x00,0x00,0x00,#000000
2.492436630000000,0,4,0x00,0x00,0x00,#000000
2.492464330000000,0,5,0x00,0x00,0x00,#000000
2.492492020000000,0,6,0x00,0x00,0x00,#000000
2.492519710000000,0,7,0x00,0x00,0x00,#000000
2.492547400000000,0,8,0x00,0x00,0x00,#000000
2.492575100000000,0,9,0x00,0x00,0x00,#000000
2.492602790000000,0,10,0x00,0x00,0x00,#000000
2.492630480000000,0,11,0x00,0x00,0x00,#000000
2.492658170000000,0,12,0x00,0x00,0x00,#000000
2.492685870000000,0,13,0x00,0x00,0x00,#000000
2.492713560000000,0,14,0x00,0x00,0x00,#000000
2.492741260000000,0,15,0x00,0x00,0x00,#000000
2.503305520000000,0,0,0x7E,0x00,0x00,#7e0000
2.503333210000000,0,1,0x00,0x00,0x00,#000000
2.503360910000000,0,2,0x00,0x00,0x00,#000000
2.503388590000000,0,3,0x00,0x00,0x00,#000000
2.503416290000000,0,4,0x00,0x00,0x00,#000000
2.503443980000000,0,5,0x00,0x00,0x00,#000000
2.503471680000000,0,6,0x00,0x00,0x00,#000000
2.503499370000000,0,7,0x00,0x00,0x00,#000000
2.503527060000000,0,8,0x00,0x00,0x00,#000000
2.503554750000000,0,9,0x00,0x00,0x00,#000000
2.503582450000000,0,10,0x00,0x00,0x00,#000000
2.503610140000000,0,11,0x00,0x00,0x00,#000000
2.503637830000000,0,12,0x00,0x00,0x00,#000000
2.503665530000000,0,13,0x00,0x00,0x00,#000000
2.503693220000000,0,14,0x00,0x00,0x00,#000000
2.503720910000000,0,15,0x00,0x00,0x00,#000000
2.514210940000000,0,0,0x7E,0x00,0x00,#7e0000
2.514238630000000,0,1,0x00,0x00,0x00,#000000
2.514266330000000,0,2,0x00,0x00,0x00,#000000
2.514294020000000,0,3,0x00,0x00,0x00,#000000
2.514321710000000,0,4,0x00,0x00,0x00,#000000
2.514349410000000,0,5,0x00,0x00,0x00,#000000
2.514377100000000,0,6,0x00,0x00,0x00,#000000
2.514404790000000,0,7,0x00,0x00,0x00,#000000
2.514432480000000,0,8,0x00,0x00,0x00,#000000
2.514460180000000,0,9,0x00,0x00,0x00,#000000
2.514487870000000,0,10,0x00,0x00,0x00,#000000
2.514515570000000,0,11,0x00,0x00,0x00,#000000
2.514543260000000,0,12,0x00,0x00,0x00,#000000
2.514570950000000,0,13,0x00,0x00,0x00,#000000
2.514598640000000,0,14,0x00,0x00,0x00,#000000
2.514626340000000,0,15,0x00,0x00,0x00,#000000
2.525323580000000,0,0,0x7E,0x00,0x00,#7e0000
2.525351280000000,0,1,0x00,0x00,0x00,#000000
2.525378970000000,0,2,0x00,0x00,0x00,#000000
2.525406660000000,0,3,0x00,0x00,0x00,#000000
2.525434350000000,0,4,0x00,0x00,0x00,#000000
2.525462050000000,0,5,0x00,0x00,0x00,#000000
2.525489740000000,0,6,0x00,0x00,0x00,#000000
2.525517430000000,0,7,0x00,0x00,0x00,#000000
2.525545120000000,0,8,0x00,0x00,0x00,#000000
2.525572820000000,0,9,0x00,0x00,0x00,#000000
2.525600510000000,0,10,0x00,0x00,0x00,#000000
2.525628200000000,0,11,0x00,0x00,0x00,#000000
2.525655900000000,0,12,0x00,0x00,0x00,#000000
2.525683590000000,0,13,0x00,0x00,0x00,#000000
2.525711280000000,0,14,0x00,0x00,0x00,#000000
2.525738980000000,0,15,0x00,0x00,0x00,#000000
2.536315020000000,0,0,0x7E,0x00,0x00,#7e0000
2.536342710000000,0,1,0x00,0x00,0x00,#000000
2.536370400000000,0,2,0x00,0x00,0x00,#000000
2.536398100000000,0,3,0x00,0x00,0x00,#000000
2.536425790000000,0,4,0x00,0x00,0x00,#000000
2.536453480000000,0,5,0x00,0x00,0x00,#000000
2.536481170000000,0,6,0x00,0x00,0x00,#000000
2.536508870000000,0,7,0x00,0x00,0x00,#000000
2.536536560000000,0,8,0x00,0x00,0x00,#000000
2.536564260000000,0,9,0x00,0x00,0x00,#000000
2.536591950000000,0,10,0x00,0x00,0x00,#000000
2.536619640000000,0,11,0x00,0x00,0x00,#000000
2.536647330000000,0,12,0x00,0x00,0x00,#000000
2.536675030000000,0,13,0x00,0x00,0x00,#000000
2.536702720000000,0,14,0x00,0x00,0x00,#000000
2.536730410000000,0,15,0x00,0x00,0x00,#000000
2.547211930000000,0,0,0x7E,0x00,0x00,#7e0000
2.547239620000000,0,1,0x00,0x00,0x00,#000000
2.547267320000000,0,2,0x00,0x00,0x00,#000000
2.547295010000000,0,3,0x00,0x00,0x00,#000000
2.547322700000000,0,4,0x00,0x00,0x00,#000000
2.547350400000000,0,5,0x00,0x00,0x00,#000000
2.547378090000000,0,6,0x00,0x00,0x00,#000000
2.547405790000000,0,7,0x00,0x00,0x00,#000000
2.547433470000000,0,8,0x00,0x00,0x00,#000000
2.547461170000000,0,9,0x00,0x00,0x00,#000000
2.547488860000000,0,10,0x00,0x00,0x00,#000000
2.547516560000000,0,11,0x00,0x00,0x00,#000000
2.547544250000000,0,12,0x00,0x00,0x00,#000000
2.547571940000000,0,13,0x00,0x00,0x00,#000000
2.547599630000000,0,14,0x00,0x00,0x00,#000000
2.547627330000000,0,15,0x00,0x00,0x00,#000000
2.558313420000000,0,0,0x7E,0x00,0x00,#7e0000
2.558341110000000,0,1,0x00,0x00,0x00,#000000
2.558368800000000,0,2,0x00,0x00,0x00,#000000
2.558396500000000,0,3,0x00,0x00,0x00,#000000
2.558424190000000,0,4,0x00,0x00,0x00,#000000
2.558451880000000,0,5,0x00,0x00,0x00,#000000
2.558479580000000,0,6,0x00,0x00,0x00,#000000
2.558507270000000,0,7,0x00,0x00,0x00,#000000
2.558534960000000,0,8,0x00,0x00,0x00,#000000
2.558562650000000,0,9,0x00,0x00,0x00,#000000
2.558590350000000,0,10,0x00,0x00,0x00,#000000
2.558618040000000,0,11,0x00,0x00,0x00,#000000
2.558645740000000,0,12,0x00,0x00,0x00,#000000
2.558673420000000,0,13,0x00,0x00,0x00,#000000
2.558701120000000,0,14,0x00,0x00,0x00,#000000
2.558728810000000,0,15,0x00,0x00,0x00,#000000
2.569316590000000,0,0,0x7E,0x00,0x00,#7e0000
2.569344280000000,0,1,0x00,0x00,0x00,#000000
2.569371970000000,0,2,0x00,0x00,0x00,#000000
2.569399660000000,0,3,0x00,0x00,0x00,#000000
2.569427360000000,0,4,0x00,0x00,0x00,#000000
2.569455050000000,0,5,0x00,0x00,0x00,#000000
2.569482750000000,0,6,0x00,0x00,0x00,#000000
2.569510430000000,0,7,0x00,0x00,0x00,#000000
2.569538130000000,0,8,0x00,0x00,0x00,#000000
2.569565820000000,0,9,0x00,0x00,0x00,#000000
2.569593520000000,0,10,0x00,0x00,0x00,#000000
2.569621210000000,0,11,0x00,0x00,0x00,#000000
2.569648900000000,0,12,0x00,0x00,0x00,#000000
2.569676590000000,0,13,0x00,0x00,0x00,#000000
2.569704290000000,0,14,0x00,0x00,0x00,#000000
2.569731980000000,0,15,0x00,0x00,0x00,#000000
2.580212630000000,0,0,0x7E,0x00,0x00,#7e0000
2.580240330000000,0,1,0x00,0x00,0x00,#000000
2.580268020000000,0,2,0x00,0x00,0x00,#000000
2.580295710000000,0,3,0x00,0x00,0x00,#000000
2.580323400000000,0,4,0x00,0x00,0x00,#000000
2.580351100000000,0,5,0x00,0x00,0x00,#000000
2.580378790000000,0,6,0x00,0x00,0x00,#000000
2.580406480000000,0,7,0x00,0x00,0x00,#000000
2.580434180000000,0,8,0x00,0x00,0x00,#000000
2.580461870000000,0,9,0x00,0x00,0x00,#000000
2.580489570000000,0,10,0x00,0x00,0x00,#000000
2.580517260000000,0,11,0x00,0x00,0x00,#000000
2.580544950000000,0,12,0x00,0x00,0x00,#000000
2.580572640000000,0,13,0x00,0x00,0x00,#000000
2.580600340000000,0,14,0x00,0x00,0x00,#000000
2.580628030000000,0,15,0x00,0x00,0x00,#000000
2.591324650000000,0,0,0x7E,0x00,0x00,#7e0000
2.591352340000000,0,1,0x00,0x00,0x00,#000000
2.591380040000000,0,2,0x00,0x00,0x00,#000000
2.591407730000000,0,3,0x00,0x00,0x00,#000000
2.591435420000000,0,4,0x00,0x00,0x00,#000000
2.591463120000000,0,5,0x00,0x00,0x00,#000000
2.591490810000000,0,6,0x00,0x00,0x00,#000000
2.591518500000000,0,7,0x00,0x00,0x00,#000000
2.591546190000000,0,8,0x00,0x00,0x00,#000000
2.591573890000000,0,9,0x00,0x00,0x00,#000000
2.591601580000000,0,10,0x00,0x00,0x00,#000000
2.591629270000000,0,11,0x00,0x00,0x00,#000000
2.591656960000000,0,12,0x00,0x00,0x00,#000000
2.591684660000000,0,13,0x00,0x00,0x00,#000000
2.591712350000000,0,14,0x00,0x00,0x00,#000000
2.591740050000000,0,15,0x00,0x00,0x00,#000000
2.602311810000000,0,0,0x7E,0x00,0x00,#7e0000
2.602339500000000,0,1,0x00,0x00,0x00,#000000
2.602367200000000,0,2,0x00,0x00,0x00,#000000
2.602394880000000,0,3,0x00,0x00,0x00,#000000
2.602422580000000,0,4,0x00,0x00,0x00,#000000
2.602450270000000,0,5,0x00,0x00,0x00,#000000
2.602477970000000,0,6,0x00,0x00,0x00,#000000
2.602505650000000,0,7,0x00,0x00,0x00,#000000
2.602533350000000,0,8,0x00,0x00,0x00,#000000
2.602561040000000,0,9,0x00,0x00,0x00,#000000
2.602588740000000,0,10,0x00,0x00,0x00,#000000
2.602616430000000,0,11,0x00,0x00,0x00,#000000
2.602644120000000,0,12,0x00,0x00,0x00,#000000
2.602671820000000,0,13,0x00,0x00,0x00,#000000
2.602699510000000,0,14,0x00,0x00,0x00,#000000
2.602727200000000,0,15,0x00,0x00,0x00,#000000
2.613213480000000,0,0,0x7E,0x00,0x00,#7e0000
2.613241170000000,0,1,0x00,0x00,0x00,#000000
2.613268870000000,0,2,0x00,0x00,0x00,#000000
2.613296560000000,0,3,0x00,0x00,0x00,#000000
2.613324250000000,0,4,0x00,0x00,0x00,#000000
2.613351950000000,0,5,0x00,0x00,0x00,#000000
2.613379640000000,0,6,0x00,0x00,0x00,#000000
2.613407330000000,0,7,0x00,0x00,0x00,#000000
2.613435020000000,0,8,0x00,0x00,0x00,#000000
2.613462720000000,0,9,0x00,0x00,0x00,#000000
2.613490410000000,0,10,0x00,0x00,0x00,#000000
2.613518110000000,0,11,0x00,0x00,0x00,#000000
2.613545790000000,0,12,0x00,0x00,0x00,#000000
2.613573490000000,0,13,0x00,0x00,0x00,#000000
2.613601180000000,0,14,0x00,0x00,0x00,#000000
2.613628880000000,0,15,0x00,0x00,0x00,#000000
2.624315110000000,0,0,0x7E,0x00,0x00,#7e0000
2.624342800000000,0,1,0x00,0x00,0x00,#000000
2.624370500000000,0,2,0x00,0x00,0x00,#000000
2.624398190000000,0,3,0x00,0x00,0x00,#000000
2.624425890000000,0,4,0x00,0x00,0x00,#000000
2.624453570000000,0,5,0x00,0x00,0x00,#000000
2.624481270000000,0,6,0x00,0x00,0x00,#000000
2.624508960000000,0,7,0x00,0x00,0x00,#000000
2.624536660000000,0,8,0x00,0x00,0x00,#000000
2.624564350000000,0,9,0x00,0x00,0x00,#000000
2.624592040000000,0,10,0x00,0x00,0x00,#000000
2.624619730000000,0,11,0x00,0x00,0x00,#000000
2.624647430000000,0,12,0x00,0x00,0x00,#000000
2.624675120000000,0,13,0x00,0x00,0x00,#000000
2.624702810000000,0,14,0x00,0x00,0x00,#000000
2.624730510000000,0,15,0x00,0x00,0x00,#000000
2.635309870000000,0,0,0x7E,0x00,0x00,#7e0000
2.635337560000000,0,1,0x00,0x00,0x00,#000000
2.635365250000000,0,2,0x00,0x00,0x00,#000000
2.635392940000000,0,3,0x00,0x00,0x00,#000000
2.635420640000000,0,4,0x00,0x00,0x00,#000000
2.635448330000000,0,5,0x00,0x00,0x00,#000000
2.635476020000000,0,6,0x00,0x00,0x00,#000000
2.635503710000000,0,7,0x00,0x00,0x00,#000000
2.635531410000000,0,8,0x00,0x00,0x00,#000000
2.635559100000000,0,9,0x00,0x00,0x00,#000000
2.635586800000000,0,10,0x00,0x00,0x00,#000000
2.635614490000000,0,11,0x00,0x00,0x00,#000000
2.635642180000000,0,12,0x00,0x00,0x00,#000000
2.635669870000000,0,13,0x00,0x00,0x00,#000000
2.635697570000000,0,14,0x00,0x00,0x00,#000000
2.635725260000000,0,15,0x00,0x00,0x00,#000000
2.646214330000000,0,0,0x7E,0x00,0x00,#7e0000
2.646242020000000,0,1,0x00,0x00,0x00,#000000
2.646269720000000,0,2,0x00,0x00,0x00,#000000
2.646297400000000,0,3,0x00,0x00,0x00,#000000
2.646325100000000,0,4,0x00,0x00,0x00,#000000
2.646352790000000,0,5,0x00,0x00,0x00,#000000
2.646380490000000,0,6,0x00,0x00,0x00,#000000
2.646408170000000,0,7,0x00,0x00,0x00,#000000
2.646435870000000,0,8,0x00,0x00,0x00,#000000
2.646463560000000,0,9,0x00,0x00,0x00,#000000
2.646491260000000,0,10,0x00,0x00,0x00,#000000
2.646518950000000,0,11,0x00,0x00,0x00,#000000
2.646546640000000,0,12,0x00,0x00,0x00,#000000
2.646574340000000,0,13,0x00,0x00,0x00,#000000
2.646602030000000,0,14,0x00,0x00,0x00,#000000
2.646629720000000,0,15,0x00,0x00,0x00,#000000
2.657312350000000,0,0,0x7E,0x00,0x00,#7e0000
2.657340040000000,0,1,0x00,0x00,0x00,#000000
2.657367740000000,0,2,0x00,0x00,0x00,#000000
2.657395430000000,0,3,0x00,0x00,0x00,#000000
2.657423130000000,0,4,0x00,0x00,0x00,#000000
2.657450810000000,0,5,0x00,0x00,0x00,#000000
2.657478510000000,0,6,0x00,0x00,0x00,#000000
2.657506200000000,0,7,0x00,0x00,0x00,#000000
2.657533900000000,0,8,0x00,0x00,0x00,#000000
2.657561590000000,0,9,0x00,0x00,0x00,#000000
2.657589280000000,0,10,0x00,0x00,0x00,#000000
2.657616970000000,0,11,0x00,0x00,0x00,#000000
2.657644670000000,0,12,0x00,0x00,0x00,#000000
2.657672360000000,0,13,0x00,0x00,0x00,#000000
2.657700050000000,0,14,0x00,0x00,0x00,#000000
2.657727750000000,0,15,0x00,0x00,0x00,#000000
2.668314560000000,0,0,0x7E,0x00,0x00,#7e0000
2.668342250000000,0,1,0x00,0x00,0x00,#000000
2.668369940000000,0,2,0x00,0x00,0x00,#000000
2.668397640000000,0,3,0x00,0x00,0x00,#000000
2.668425330000000,0,4,0x00,0x00,0x00,#000000
2.668453020000000,0,5,0x00,0x00,0x00,#000000
2.668480720000000,0,6,0x00,0x00,0x00,#000000
2.668508410000000,0,7,0x00,0x00,0x00,#000000
2.668536100000000,0,8,0x00,0x00,0x00,#000000
2.668563790000000,0,9,0x00,0x00,0x00,#000000
2.668591490000000,0,10,0x00,0x00,0x00,#000000
2.668619180000000,0,11,0x00,0x00,0x00,#000000
2.668646870000000,0,12,0x00,0x00,0x00,#000000
2.668674570000000,0,13,0x00,0x00,0x00,#000000
2.668702260000000,0,14,0x00,0x00,0x00,#000000
2.668729950000000,0,15,0x00,0x00,0x00,#000000
2.679215170000000,0,0,0x7E,0x00,0x00,#7e0000
2.679242870000000,0,1,0x00,0x00,0x00,#000000
2.679270560000000,0,2,0x00,0x00,0x00,#000000
2.679298250000000,0,3,0x00,0x00,0x00,#000000
2.679325940000000,0,4,0x00,0x00,0x00,#000000
2.679353640000000,0,5,0x00,0x00,0x00,#000000
2.679381330000000,0,6,0x00,0x00,0x00,#000000
2.679409020000000,0,7,0x00,0x00,0x00,#000000
2.679436720000000,0,8,0x00,0x00,0x00,#000000
2.679464410000000,0,9,0x00,0x00,0x00,#000000
2.679492110000000,0,10,0x00,0x00,0x00,#000000
2.679519800000000,0,11,0x00,0x00,0x00,#000000
2.679547490000000,0,12,0x00,0x00,0x00,#000000
2.679575180000000,0,13,0x00,0x00,0x00,#000000
2.679602880000000,0,14,0x00,0x00,0x00,#000000
2.679630570000000,0,15,0x00,0x00,0x00,#000000
2.690321900000000,0,0,0x7E,0x00,0x00,#7e0000
2.690349600000000,0,1,0x00,0x00,0x00,#000000
2.690377280000000,0,2,0x00,0x00,0x00,#000000
2.690404980000000,0,3,0x00,0x00,0x00,#000000
2.690432670000000,0,4,0x00,0x00,0x00,#000000
2.690460370000000,0,5,0x00,0x00,0x00,#000000
2.690488060000000,0,6,0x00,0x00,0x00,#000000
2.690515750000000,0,7,0x00,0x00,0x00,#000000
2.690543440000000,0,8,0x00,0x00,0x00,#000000
2.690571140000000,0,9,0x00,0x00,0x00,#000000
2.690598830000000,0,10,0x00,0x00,0x00,#000000
2.690626520000000,0,11,0x00,0x00,0x00,#000000
2.690654220000000,0,12,0x00,0x00,0x00,#000000
2.690681910000000,0,13,0x00,0x00,0x00,#000000
2.690709610000000,0,14,0x00,0x00,0x00,#000000
2.690737290000000,0,15,0x00,0x00,0x00,#000000
2.701319730000000,0,0,0x7E,0x00,0x00,#7e0000
2.701347420000000,0,1,0x00,0x00,0x00,#000000
2.701375120000000,0,2,0x00,0x00,0x00,#000000
2.701402810000000,0,3,0x00,0x00,0x00,#000000
2.701430510000000,0,4,0x00,0x00,0x00,#000000
2.701458190000000,0,5,0x00,0x00,0x00,#000000
2.701485890000000,0,6,0x00,0x00,0x00,#000000
2.701513580000000,0,7,0x00,0x00,0x00,#000000
2.701541280000000,0,8,0x00,0x00,0x00,#000000
2.701568970000000,0,9,0x00,0x00,0x00,#000000
2.701596660000000,0,10,0x00,0x00,0x00,#000000
2.701624350000000,0,11,0x00,0x00,0x00,#000000
2.701652050000000,0,12,0x00,0x00,0x00,#000000
2.701679740000000,0,13,0x00,0x00,0x00,#000000
2.701707430000000,0,14,0x00,0x00,0x00,#000000
2.701735130000000,0,15,0x00,0x00,0x00,#000000
2.712216020000000,0,0,0x7E,0x00,0x00,#7e0000
2.712243710000000,0,1,0x00,0x00,0x00,#000000
2.712271410000000,0,2,0x00,0x00,0x00,#000000
2.712299100000000,0,3,0x00,0x00,0x00,#000000
2.712326790000000,0,4,0x00,0x00,0x00,#000000
2.712354490000000,0,5,0x00,0x00,0x00,#000000
2.712382180000000,0,6,0x00,0x00,0x00,#000000
2.712409870000000,0,7,0x00,0x00,0x00,#000000
2.712437560000000,0,8,0x00,0x00,0x00,#000000
2.712465260000000,0,9,0x00,0x00,0x00,#000000
2.712492950000000,0,10,0x00,0x00,0x00,#000000
2.712520650000000,0,11,0x00,0x00,0x00,#000000
2.712548330000000,0,12,0x00,0x00,0x00,#000000
2.712576030000000,0,13,0x00,0x00,0x00,#000000
2.712603720000000,0,14,0x00,0x00,0x00,#000000
2.712631420000000,0,15,0x00,0x00,0x00,#000000
2.723323610000000,0,0,0x7E,0x00,0x00,#7e0000
2.723351310000000,0,1,0x00,0x00,0x00,#000000
2.723379000000000,0,2,0x00,0x00,0x00,#000000
2.723406690000000,0,3,0x00,0x00,0x00,#000000
2.723434380000000,0,4,0x00,0x00,0x00,#000000
2.723462080000000,0,5,0x00,0x00,0x00,#000000
2.723489770000000,0,6,0x00,0x00,0x00,#000000
2.723517470000000,0,7,0x00,0x00,0x00,#000000
2.723545150000000,0,8,0x00,0x00,0x00,#000000
2.723572850000000,0,9,0x00,0x00,0x00,#000000
2.723600540000000,0,10,0x00,0x00,0x00,#000000
2.723628240000000,0,11,0x00,0x00,0x00,#000000
2.723655930000000,0,12,0x00,0x00,0x00,#000000
2.723683620000000,0,13,0x00,0x00,0x00,#000000
2.723711310000000,0,14,0x00,0x00,0x00,#000000
2.723739010000000,0,15,0x00,0x00,0x00,#000000
2.734310390000000,0,0,0x7E,0x00,0x00,#7e0000
2.734338080000000,0,1,0x00,0x00,0x00,#000000
2.734365770000000,0,2,0x00,0x00,0x00,#000000
2.734393460000000,0,3,0x00,0x00,0x00,#000000
2.734421160000000,0,4,0x00,0x00,0x00,#000000
2.734448850000000,0,5,0x00,0x00,0x00,#000000
2.734476540000000,0,6,0x00,0x00,0x00,#000000
2.734504230000000,0,7,0x00,0x00,0x00,#000000
2.734531930000000,0,8,0x00,0x00,0x00,#000000
2.734559620000000,0,9,0x00,0x00,0x00,#000000
2.734587310000000,0,10,0x00,0x00,0x00,#000000
2.734615010000000,0,11,0x00,0x00,0x00,#000000
2.734642700000000,0,12,0x00,0x00,0x00,#000000
2.734670400000000,0,13,0x00,0x00,0x00,#000000
2.734698090000000,0,14,0x00,0x00,0x00,#000000
2.734725780000000,0,15,0x00,0x00,0x00,#000000
2.745216870000000,0,0,0x7E,0x00,0x00,#7e0000
2.745244560000000,0,1,0x00,0x00,0x00,#000000
2.745272250000000,0,2,0x00,0x00,0x00,#000000
2.745299940000000,0,3,0x00,0x00,0x00,#000000
2.745327640000000,0,4,0x00,0x00,0x00,#000000
2.745355330000000,0,5,0x00,0x00,0x00,#000000
2.745383030000000,0,6,0x00,0x00,0x00,#000000
2.745410710000000,0,7,0x00,0x00,0x00,#000000
2.745438410000000,0,8,0x00,0x00,0x00,#000000
2.745466100000000,0,9,0x00,0x00,0x00,#000000
2.745493800000000,0,10,0x00,0x00,0x00,#000000
2.745521490000000,0,11,0x00,0x00,0x00,#000000
2.745549180000000,0,12,0x00,0x00,0x00,#000000
2.745576880000000,0,13,0x00,0x00,0x00,#000000
2.745604570000000,0,14,0x00,0x00,0x00,#000000
2.745632260000000,0,15,0x00,0x00,0x00,#000000
2.756323740000000,0,0,0x7E,0x00,0x00,#7e0000
2.756351430000000,0,1,0x00,0x00,0x00,#000000
2.756379120000000,0,2,0x00,0x00,0x00,#000000
2.756406820000000,0,3,0x00,0x00,0x00,#000000
2.756434510000000,0,4,0x00,0x00,0x00,#000000
2.756462200000000,0,5,0x00,0x00,0x00,#000000
2.756489900000000,0,6,0x00,0x00,0x00,#000000
2.756517590000000,0,7,0x00,0x00,0x00,#000000
2.756545280000000,0,8,0x00,0x00,0x00,#000000
2.756572980000000,0,9,0x00,0x00,0x00,#000000
2.756600670000000,0,10,0x00,0x00,0x00,#000000
2.756628360000000,0,11,0x00,0x00,0x00,#000000
2.756656050000000,0,12,0x00,0x00,0x00,#000000
2.756683750000000,0,13,0x00,0x00,0x00,#000000
2.756711440000000,0,14,0x00,0x00,0x00,#000000
2.756739130000000,0,15,0x00,0x00,0x00,#000000
2.767309170000000,0,0,0x7E,0x00,0x00,#7e0000
2.767336860000000,0,1,0x00,0x00,0x00,#000000
2.767364550000000,0,2,0x00,0x00,0x00,#000000
2.767392240000000,0,3,0x00,0x00,0x00,#000000
2.767419940000000,0,4,0x00,0x00,0x00,#000000
2.767447630000000,0,5,0x00,0x00,0x00,#000000
2.767475320000000,0,6,0x00,0x00,0x00,#000000
2.767503010000000,0,7,0x00,0x00,0x00,#000000
2.767530710000000,0,8,0x00,0x00,0x00,#000000
2.767558400000000,0,9,0x00,0x00,0x00,#000000
2.767586100000000,0,10,0x00,0x00,0x00,#000000
2.767613780000000,0,11,0x00,0x00,0x00,#000000
2.767641480000000,0,12,0x00,0x00,0x00,#000000
2.767669170000000,0,13,0x00,0x00,0x00,#000000
2.767696870000000,0,14,0x00,0x00,0x00,#000000
2.767724560000000,0,15,0x00,0x00,0x00,#000000
2.778217710000000,0,0,0x7E,0x00,0x00,#7e0000
2.778245410000000,0,1,0x00,0x00,0x00,#000000
2.778273100000000,0,2,0x00,0x00,0x00,#000000
2.778300790000000,0,3,0x00,0x00,0x00,#000000
2.778328480000000,0,4,0x00,0x00,0x00,#000000
2.778356180000000,0,5,0x00,0x00,0x00,#000000
2.778383870000000,0,6,0x00,0x00,0x00,#000000
2.778411560000000,0,7,0x00,0x00,0x00,#000000
2.778439260000000,0,8,0x00,0x00,0x00,#000000
2.778466950000000,0,9,0x00,0x00,0x00,#000000
2.778494640000000,0,10,0x00,0x00,0x00,#000000
2.778522340000000,0,11,0x00,0x00,0x00,#000000
2.778550030000000,0,12,0x00,0x00,0x00,#000000
2.778577720000000,0,13,0x00,0x00,0x00,#000000
2.778605420000000,0,14,0x00,0x00,0x00,#000000
2.778633110000000,0,15,0x00,0x00,0x00,#000000
2.789319340000000,0,0,0x7E,0x00,0x00,#7e0000
2.789347040000000,0,1,0x00,0x00,0x00,#000000
2.789374730000000,0,2,0x00,0x00,0x00,#000000
2.789402420000000,0,3,0x00,0x00,0x00,#000000
2.789430120000000,0,4,0x00,0x00,0x00,#000000
2.789457810000000,0,5,0x00,0x00,0x00,#000000
2.789485500000000,0,6,0x00,0x00,0x00,#000000
2.789513200000000,0,7,0x00,0x00,0x00,#000000
2.789540890000000,0,8,0x00,0x00,0x00,#000000
2.789568580000000,0,9,0x00,0x00,0x00,#000000
2.789596270000000,0,10,0x00,0x00,0x00,#000000
2.789623970000000,0,11,0x00,0x00,0x00,#000000
2.789651660000000,0,12,0x00,0x00,0x00,#000000
2.789679350000000,0,13,0x00,0x00,0x00,#000000
2.789707040000000,0,14,0x00,0x00,0x00,#000000
2.789734740000000,0,15,0x00,0x00,0x00,#000000
2.800380350000000,0,0,0x7E,0x00,0x00,#7e0000
2.800408040000000,0,1,0x00,0x00,0x00,#000000
2.800435730000000,0,2,0x00,0x00,0x00,#000000
2.800463430000000,0,3,0x00,0x00,0x00,#000000
2.800491120000000,0,4,0x00,0x00,0x00,#000000
2.800518820000000,0,5,0x00,0x00,0x00,#000000
2.800546500000000,0,6,0x00,0x00,0x00,#000000
2.800574200000000,0,7,0x00,0x00,0x00,#000000
2.800601890000000,0,8,0x00,0x00,0x00,#000000
2.800629590000000,0,9,0x00,0x00,0x00,#000000
2.800657280000000,0,10,0x00,0x00,0x00,#000000
2.800684970000000,0,11,0x00,0x00,0x00,#000000
2.800712660000000,0,12,0x00,0x00,0x00,#000000
2.800740360000000,0,13,0x00,0x00,0x00,#000000
2.800768050000000,0,14,0x00,0x00,0x00,#000000
2.800795740000000,0,15,0x00,0x00,0x00,#000000
2.811218560000000,0,0,0x7E,0x00,0x00,#7e0000
2.811246250000000,0,1,0x00,0x00,0x00,#000000
2.811273950000000,0,2,0x00,0x00,0x00,#000000
2.811301640000000,0,3,0x00,0x00,0x00,#000000
2.811329330000000,0,4,0x00,0x00,0x00,#000000
2.811357030000000,0,5,0x00,0x00,0x00,#000000
2.811384720000000,0,6,0x00,0x00,0x00,#000000
2.811412410000000,0,7,0x00,0x00,0x00,#000000
2.811440100000000,0,8,0x00,0x00,0x00,#000000
2.811467800000000,0,9,0x00,0x00,0x00,#000000
2.811495490000000,0,10,0x00,0x00,0x00,#000000
2.811523190000000,0,11,0x00,0x00,0x00,#000000
2.811550870000000,0,12,0x00,0x00,0x00,#000000
2.811578570000000,0,13,0x00,0x00,0x00,#000000
2.811606260000000,0,14,0x00,0x00,0x00,#000000
2.811633960000000,0,15,0x00,0x00,0x00,#000000
2.822485440000000,0,0,0x7E,0x00,0x00,#7e0000
2.822513130000000,0,1,0x00,0x00,0x00,#000000
2.822540820000000,0,2,0x00,0x00,0x00,#000000
2.822568510000000,0,3,0x00,0x00,0x00,#000000
2.822596210000000,0,4,0x00,0x00,0x00,#000000
2.822623900000000,0,5,0x00,0x00,0x00,#000000
2.822651600000000,0,6,0x00,0x00,0x00,#000000
2.822679280000000,0,7,0x00,0x00,0x00,#000000
2.822706980000000,0,8,0x00,0x00,0x00,#000000
2.822734670000000,0,9,0x00,0x00,0x00,#000000
2.822762370000000,0,10,0x00,0x00,0x00,#000000
2.822790060000000,0,11,0x00,0x00,0x00,#000000
2.822817750000000,0,12,0x00,0x00,0x00,#000000
2.822845440000000,0,13,0x00,0x00,0x00,#000000
2.822873140000000,0,14,0x00,0x00,0x00,#000000
2.822900830000000,0,15,0x00,0x00,0x00,#000000
2.833316390000000,0,0,0x7E,0x00,0x00,#7e0000
2.833344080000000,0,1,0x00,0x00,0x00,#000000
2.833371770000000,0,2,0x00,0x00,0x00,#000000
2.833399460000000,0,3,0x00,0x00,0x00,#000000
2.833427160000000,0,4,0x00,0x00,0x00,#000000
2.833454850000000,0,5,0x00,0x00,0x00,#000000
2.833482540000000,0,6,0x00,0x00,0x00,#000000
2.833510240000000,0,7,0x00,0x00,0x00,#000000
2.833537930000000,0,8,0x00,0x00,0x00,#000000
2.833565630000000,0,9,0x00,0x00,0x00,#000000
2.833593310000000,0,10,0x00,0x00,0x00,#000000
2.833621010000000,0,11,0x00,0x00,0x00,#000000
2.833648700000000,0,12,0x00,0x00,0x00,#000000
2.833676400000000,0,13,0x00,0x00,0x00,#000000
2.833704090000000,0,14,0x00,0x00,0x00,#000000
2.833731780000000,0,15,0x00,0x00,0x00,#000000
2.844219410000000,0,0,0x7E,0x00,0x00,#7e0000
2.844247100000000,0,1,0x00,0x00,0x00,#000000
2.844274790000000,0,2,0x00,0x00,0x00,#000000
2.844302480000000,0,3,0x00,0x00,0x00,#000000
2.844330180000000,0,4,0x00,0x00,0x00,#000000
2.844357870000000,0,5,0x00,0x00,0x00,#000000
2.844385570000000,0,6,0x00,0x00,0x00,#000000
2.844413250000000,0,7,0x00,0x00,0x00,#000000
2.844440950000000,0,8,0x00,0x00,0x00,#000000
2.844468640000000,0,9,0x00,0x00,0x00,#000000
2.844496340000000,0,10,0x00,0x00,0x00,#000000
2.844524030000000,0,11,0x00,0x00,0x00,#000000
2.844551720000000,0,12,0x00,0x00,0x00,#000000
2.844579410000000,0,13,0x00,0x00,0x00,#000000
2.844607110000000,0,14,0x00,0x00,0x00,#000000
2.844634800000000,0,15,0x00,0x00,0x00,#000000
2.855321080000000,0,0,0x7E,0x00,0x00,#7e0000
2.855348780000000,0,1,0x00,0x00,0x00,#000000
2.855376470000000,0,2,0x00,0x00,0x00,#000000
2.855404160000000,0,3,0x00,0x00,0x00,#000000
2.855431850000000,0,4,0x00,0x00,0x00,#000000
2.855459550000000,0,5,0x00,0x00,0x00,#000000
2.855487240000000,0,6,0x00,0x00,0x00,#000000
2.855514940000000,0,7,0x00,0x00,0x00,#000000
2.855542630000000,0,8,0x00,0x00,0x00,#000000
2.855570320000000,0,9,0x00,0x00,0x00,#000000
2.855598020000000,0,10,0x00,0x00,0x00,#000000
2.855625710000000,0,11,0x00,0x00,0x00,#000000
2.855653400000000,0,12,0x00,0x00,0x00,#000000
2.855681090000000,0,13,0x00,0x00,0x00,#000000
2.855708790000000,0,14,0x00,0x00,0x00,#000000
2.855736480000000,0,15,0x00,0x00,0x00,#000000
2.866313820000000,0,0,0x7E,0x00,0x00,#7e0000
2.866341510000000,0,1,0x00,0x00,0x00,#000000
2.866369200000000,0,2,0x00,0x00,0x00,#000000
2.866396900000000,0,3,0x00,0x00,0x00,#000000
2.866424590000000,0,4,0x00,0x00,0x00,#000000
2.866452280000000,0,5,0x00,0x00,0x00,#000000
2.866479980000000,0,6,0x00,0x00,0x00,#000000
2.866507670000000,0,7,0x00,0x00,0x00,#000000
2.866535360000000,0,8,0x00,0x00,0x00,#000000
2.866563050000000,0,9,0x00,0x00,0x00,#000000
2.866590750000000,0,10,0x00,0x00,0x00,#000000
2.866618440000000,0,11,0x00,0x00,0x00,#000000
2.866646140000000,0,12,0x00,0x00,0x00,#000000
2.866673820000000,0,13,0x00,0x00,0x00,#000000
2.866701520000000,0,14,0x00,0x00,0x00,#000000
2.866729210000000,0,15,0x00,0x00,0x00,#000000
2.877220400000000,0,0,0x7E,0x00,0x00,#7e0000
2.877248090000000,0,1,0x00,0x00,0x00,#000000
2.877275780000000,0,2,0x00,0x00,0x00,#000000
2.877303470000000,0,3,0x00,0x00,0x00,#000000
2.877331170000000,0,4,0x00,0x00,0x00,#000000
2.877358860000000,0,5,0x00,0x00,0x00,#000000
2.877386560000000,0,6,0x00,0x00,0x00,#000000
2.877414250000000,0,7,0x00,0x00,0x00,#000000
2.877441940000000,0,8,0x00,0x00,0x00,#000000
2.877469630000000,0,9,0x00,0x00,0x00,#000000
2.877497330000000,0,10,0x00,0x00,0x00,#000000
2.877525020000000,0,11,0x00,0x00,0x00,#000000
2.877552710000000,0,12,0x00,0x00,0x00,#000000
2.877580400000000,0,13,0x00,0x00,0x00,#000000
2.877608100000000,0,14,0x00,0x00,0x00,#000000
2.877635790000000,0,15,0x00,0x00,0x00,#000000
2.888309570000000,0,0,0x7E,0x00,0x00,#7e0000
2.888337270000000,0,1,0x00,0x00,0x00,#000000
2.888364960000000,0,2,0x00,0x00,0x00,#000000
2.888392660000000,0,3,0x00,0x00,0x00,#000000
2.888420340000000,0,4,0x00,0x00,0x00,#000000
2.888448040000000,0,5,0x00,0x00,0x00,#000000
2.888475730000000,0,6,0x00,0x00,0x00,#000000
2.888503430000000,0,7,0x00,0x00,0x00,#000000
2.888531120000000,0,8,0x00,0x00,0x00,#000000
2.888558810000000,0,9,0x00,0x00,0x00,#000000
2.888586510000000,0,10,0x00,0x00,0x00,#000000
2.888614200000000,0,11,0x00,0x00,0x00,#000000
2.888641890000000,0,12,0x00,0x00,0x00,#000000
2.888669580000000,0,13,0x00,0x00,0x00,#000000
2.888697280000000,0,14,0x00,0x00,0x00,#000000
2.888724970000000,0,15,0x00,0x00,0x00,#000000
2.899927420000000,0,0,0x7E,0x00,0x00,#7e0000
2.899955120000000,0,1,0x00,0x00,0x00,#000000
2.899982800000000,0,2,0x00,0x00,0x00,#000000
2.900010500000000,0,3,0x00,0x00,0x00,#000000
2.900038190000000,0,4,0x00,0x00,0x00,#000000
2.900065890000000,0,5,0x00,0x00,0x00,#000000
2.900093580000000,0,6,0x00,0x00,0x00,#000000
2.900121270000000,0,7,0x00,0x00,0x00,#000000
2.900148960000000,0,8,0x00,0x00,0x00,#000000
2.900176660000000,0,9,0x00,0x00,0x00,#000000
2.900204350000000,0,10,0x00,0x00,0x00,#000000
2.900232040000000,0,11,0x00,0x00,0x00,#000000
2.900259740000000,0,12,0x00,0x00,0x00,#000000
2.900287430000000,0,13,0x00,0x00,0x00,#000000
2.900315120000000,0,14,0x00,0x00,0x00,#000000
2.900342810000000,0,15,0x00,0x00,0x00,#000000
2.910291630000000,0,0,0x7E,0x00,0x00,#7e0000
2.910319320000000,0,1,0x00,0x00,0x00,#000000
2.910347010000000,0,2,0x00,0x00,0x00,#000000
2.910374710000000,0,3,0x00,0x00,0x00,#000000
2.910402400000000,0,4,0x00,0x00,0x00,#000000
2.910430100000000,0,5,0x00,0x00,0x00,#000000
2.910457790000000,0,6,0x00,0x00,0x00,#000000
2.910485480000000,0,7,0x00,0x00,0x00,#000000
2.910513170000000,0,8,0x00,0x00,0x00,#000000
2.910540870000000,0,9,0x00,0x00,0x00,#000000
2.910568560000000,0,10,0x00,0x00,0x00,#000000
2.910596250000000,0,11,0x00,0x00,0x00,#000000
2.910623950000000,0,12,0x00,0x00,0x00,#000000
2.910651640000000,0,13,0x00,0x00,0x00,#000000
2.910679330000000,0,14,0x00,0x00,0x00,#000000
2.910707020000000,0,15,0x00,0x00,0x00,#000000
2.921313740000000,0,0,0x7E,0x00,0x00,#7e0000
2.921341430000000,0,1,0x00,0x00,0x00,#000000
2.921369130000000,0,2,0x00,0x00,0x00,#000000
2.921396820000000,0,3,0x00,0x00,0x00,#000000
2.921424510000000,0,4,0x00,0x00,0x00,#000000
2.921452200000000,0,5,0x00,0x00,0x00,#000000
2.921479900000000,0,6,0x00,0x00,0x00,#000000
2.921507590000000,0,7,0x00,0x00,0x00,#000000
2.921535280000000,0,8,0x00,0x00,0x00,#000000
2.921562980000000,0,9,0x00,0x00,0x00,#000000
2.921590670000000,0,10,0x00,0x00,0x00,#000000
2.921618360000000,0,11,0x00,0x00,0x00,#000000
2.921646050000000,0,12,0x00,0x00,0x00,#000000
2.921673750000000,0,13,0x00,0x00,0x00,#000000
2.921701440000000,0,14,0x00,0x00,0x00,#000000
2.921729140000000,0,15,0x00,0x00,0x00,#000000
2.932243060000000,0,0,0x7E,0x00,0x00,#7e0000
2.932270750000000,0,1,0x00,0x00,0x00,#000000
2.932298450000000,0,2,0x00,0x00,0x00,#000000
2.932326130000000,0,3,0x00,0x00,0x00,#000000
2.932353830000000,0,4,0x00,0x00,0x00,#000000
2.932381520000000,0,5,0x00,0x00,0x00,#000000
2.932409220000000,0,6,0x00,0x00,0x00,#000000
2.932436910000000,0,7,0x00,0x00,0x00,#000000
2.932464600000000,0,8,0x00,0x00,0x00,#000000
2.932492290000000,0,9,0x00,0x00,0x00,#000000
2.932519990000000,0,10,0x00,0x00,0x00,#000000
2.932547680000000,0,11,0x00,0x00,0x00,#000000
2.932575370000000,0,12,0x00,0x00,0x00,#000000
2.932603070000000,0,13,0x00,0x00,0x00,#000000
2.932630760000000,0,14,0x00,0x00,0x00,#000000
2.932658450000000,0,15,0x00,0x00,0x00,#000000
2.943319880000000,0,0,0x7E,0x00,0x00,#7e0000
2.943347570000000,0,1,0x00,0x00,0x00,#000000
2.943375270000000,0,2,0x00,0x00,0x00,#000000
2.943402960000000,0,3,0x00,0x00,0x00,#000000
2.943430650000000,0,4,0x00,0x00,0x00,#000000
2.943458340000000,0,5,0x00,0x00,0x00,#000000
2.943486040000000,0,6,0x00,0x00,0x00,#000000
2.943513730000000,0,7,0x00,0x00,0x00,#000000
2.943541420000000,0,8,0x00,0x00,0x00,#000000
2.943569120000000,0,9,0x00,0x00,0x00,#000000
2.943596810000000,0,10,0x00,0x00,0x00,#000000
2.943624500000000,0,11,0x00,0x00,0x00,#000000
2.943652200000000,0,12,0x00,0x00,0x00,#000000
2.943679890000000,0,13,0x00,0x00,0x00,#000000
2.943707580000000,0,14,0x00,0x00,0x00,#000000
2.943735280000000,0,15,0x00,0x00,0x00,#000000
2.954330740000000,0,0,0x7E,0x00,0x00,#7e0000
2.954358430000000,0,1,0x00,0x00,0x00,#000000
2.954386120000000,0,2,0x00,0x00,0x00,#000000
2.954413820000000,0,3,0x00,0x00,0x00,#000000
2.954441510000000,0,4,0x00,0x00,0x00,#000000
2.954469200000000,0,5,0x00,0x00,0x00,#000000
2.954496900000000,0,6,0x00,0x00,0x00,#000000
2.954524590000000,0,7,0x00,0x00,0x00,#000000
2.954552280000000,0,8,0x00,0x00,0x00,#000000
2.954579980000000,0,9,0x00,0x00,0x00,#000000
2.954607670000000,0,10,0x00,0x00,0x00,#000000
2.954635360000000,0,11,0x00,0x00,0x00,#000000
2.954663060000000,0,12,0x00,0x00,0x00,#000000
2.954690750000000,0,13,0x00,0x00,0x00,#000000
2.954718440000000,0,14,0x00,0x00,0x00,#000000
2.954746130000000,0,15,0x00,0x00,0x00,#000000
2.965316210000000,0,0,0x7E,0x00,0x00,#7e0000
2.965343900000000,0,1,0x00,0x00,0x00,#000000
2.965371600000000,0,2,0x00,0x00,0x00,#000000
2.965399290000000,0,3,0x00,0x00,0x00,#000000
2.965426980000000,0,4,0x00,0x00,0x00,#000000
2.965454680000000,0,5,0x00,0x00,0x00,#000000
2.965482370000000,0,6,0x00,0x00,0x00,#000000
2.965510070000000,0,7,0x00,0x00,0x00,#000000
2.965537760000000,0,8,0x00,0x00,0x00,#000000
2.965565450000000,0,9,0x00,0x00,0x00,#000000
2.965593140000000,0,10,0x00,0x00,0x00,#000000
2.965620840000000,0,11,0x00,0x00,0x00,#000000
2.965648530000000,0,12,0x00,0x00,0x00,#000000
2.965676220000000,0,13,0x00,0x00,0x00,#000000
2.965703910000000,0,14,0x00,0x00,0x00,#000000
2.965731610000000,0,15,0x00,0x00,0x00,#000000
2.976222790000000,0,0,0x7E,0x00,0x00,#7e0000
2.976250480000000,0,1,0x00,0x00,0x00,#000000
2.976278180000000,0,2,0x00,0x00,0x00,#000000
2.976305870000000,0,3,0x00,0x00,0x00,#000000
2.976333560000000,0,4,0x00,0x00,0x00,#000000
2.976361260000000,0,5,0x00,0x00,0x00,#000000
2.976388950000000,0,6,0x00,0x00,0x00,#000000
2.976416640000000,0,7,0x00,0x00,0x00,#000000
2.976444330000000,0,8,0x00,0x00,0x00,#000000
2.976472030000000,0,9,0x00,0x00,0x00,#000000
2.976499720000000,0,10,0x00,0x00,0x00,#000000
2.976527420000000,0,11,0x00,0x00,0x00,#000000
2.976555110000000,0,12,0x00,0x00,0x00,#000000
2.976582800000000,0,13,0x00,0x00,0x00,#000000
2.976610490000000,0,14,0x00,0x00,0x00,#000000
2.976638190000000,0,15,0x00,0x00,0x00,#000000
2.987312930000000,0,0,0x7E,0x00,0x00,#7e0000
2.987340620000000,0,1,0x00,0x00,0x00,#000000
2.987368320000000,0,2,0x00,0x00,0x00,#000000
2.987396010000000,0,3,0x00,0x00,0x00,#000000
2.987423700000000,0,4,0x00,0x00,0x00,#000000
2.987451400000000,0,5,0x00,0x00,0x00,#000000
2.987479090000000,0,6,0x00,0x00,0x00,#000000
2.987506780000000,0,7,0x00,0x00,0x00,#000000
2.987534470000000,0,8,0x00,0x00,0x00,#000000
2.987562170000000,0,9,0x00,0x00,0x00,#000000
2.987589860000000,0,10,0x00,0x00,0x00,#000000
2.987617550000000,0,11,0x00,0x00,0x00,#000000
2.987645250000000,0,12,0x00,0x00,0x00,#000000
2.987672940000000,0,13,0x00,0x00,0x00,#000000
2.987700630000000,0,14,0x00,0x00,0x00,#000000
2.987728330000000,0,15,0x00,0x00,0x00,#000000
2.998242010000000,0,0,0x7E,0x00,0x00,#7e0000
2.998269700000000,0,1,0x00,0x00,0x00,#000000
2.998297390000000,0,2,0x00,0x00,0x00,#000000
2.998325090000000,0,3,0x00,0x00,0x00,#000000
2.998352780000000,0,4,0x00,0x00,0x00,#000000
2.998380480000000,0,5,0x00,0x00,0x00,#000000
2.998408170000000,0,6,0x00,0x00,0x00,#000000
2.998435860000000,0,7,0x00,0x00,0x00,#000000
2.998463550000000,0,8,0x00,0x00,0x00,#000000
2.998491250000000,0,9,0x00,0x00,0x00,#000000
2.998518940000000,0,10,0x00,0x00,0x00,#000000
2.998546630000000,0,11,0x00,0x00,0x00,#000000
2.998574330000000,0,12,0x00,0x00,0x00,#000000
2.998602020000000,0,13,0x00,0x00,0x00,#000000
2.998629710000000,0,14,0x00,0x00,0x00,#000000
2.998657400000000,0,15,0x00,0x00,0x00,#000000
3.009328730000000,0,0,0x7E,0x00,0x00,#7e0000
3.009356430000000,0,1,0x00,0x00,0x00,#000000
3.009384120000000,0,2,0x00,0x00,0x00,#000000
3.009411820000000,0,3,0x00,0x00,0x00,#000000
3.009439510000000,0,4,0x00,0x00,0x00,#000000
3.009467200000000,0,5,0x00,0x00,0x00,#000000
3.009494890000000,0,6,0x00,0x00,0x00,#000000
3.009522590000000,0,7,0x00,0x00,0x00,#000000
3.009550280000000,0,8,0x00,0x00,0x00,#000000
3.009577970000000,0,9,0x00,0x00,0x00,#000000
3.009605660000000,0,10,0x00,0x00,0x00,#000000
3.009633360000000,0,11,0x00,0x00,0x00,#000000
3.009661050000000,0,12,0x00,0x00,0x00,#000000
3.009688740000000,0,13,0x00,0x00,0x00,#000000
3.009716440000000,0,14,0x00,0x00,0x00,#000000
3.009744130000000,0,15,0x00,0x00,0x00,#000000
3.020322480000000,0,0,0x7E,0x00,0x00,#7e0000
3.020350170000000,0,1,0x00,0x00,0x00,#000000
3.020377870000000,0,2,0x00,0x00,0x00,#000000
3.020405560000000,0,3,0x00,0x00,0x00,#000000
3.020433250000000,0,4,0x00,0x00,0x00,#000000
3.020460940000000,0,5,0x00,0x00,0x00,#000000
3.020488640000000,0,6,0x00,0x00,0x00,#000000
3.020516330000000,0,7,0x00,0x00,0x00,#000000
3.020544020000000,0,8,0x00,0x00,0x00,#000000
3.020571710000000,0,9,0x00,0x00,0x00,#000000
3.020599410000000,0,10,0x00,0x00,0x00,#000000
3.020627100000000,0,11,0x00,0x00,0x00,#000000
3.020654800000000,0,12,0x00,0x00,0x00,#000000
3.020682490000000,0,13,0x00,0x00,0x00,#000000
3.020710180000000,0,14,0x00,0x00,0x00,#000000
3.020737870000000,0,15,0x00,0x00,0x00,#000000
3.031330840000000,0,0,0x7E,0x00,0x00,#7e0000
3.031358530000000,0,1,0x00,0x00,0x00,#000000
3.031386220000000,0,2,0x00,0x00,0x00,#000000
3.031413920000000,0,3,0x00,0x00,0x00,#000000
3.031441610000000,0,4,0x00,0x00,0x00,#000000
3.031469300000000,0,5,0x00,0x00,0x00,#000000
3.031496990000000,0,6,0x00,0x00,0x00,#000000
3.031524690000000,0,7,0x00,0x00,0x00,#000000
3.031552380000000,0,8,0x00,0x00,0x00,#000000
3.031580080000000,0,9,0x00,0x00,0x00,#000000
3.031607770000000,0,10,0x00,0x00,0x00,#000000
3.031635460000000,0,11,0x00,0x00,0x00,#000000
3.031663160000000,0,12,0x00,0x00,0x00,#000000
3.031690850000000,0,13,0x00,0x00,0x00,#000000
3.031718540000000,0,14,0x00,0x00,0x00,#000000
3.031746230000000,0,15,0x00,0x00,0x00,#000000
3.042226120000000,0,0,0x7E,0x00,0x00,#7e0000
3.042253810000000,0,1,0x00,0x00,0x00,#000000
3.042281500000000,0,2,0x00,0x00,0x00,#000000
3.042309200000000,0,3,0x00,0x00,0x00,#000000
3.042336890000000,0,4,0x00,0x00,0x00,#000000
3.042364580000000,0,5,0x00,0x00,0x00,#000000
3.042392270000000,0,6,0x00,0x00,0x00,#000000
3.042419970000000,0,7,0x00,0x00,0x00,#000000
3.042447660000000,0,8,0x00,0x00,0x00,#000000
3.042475360000000,0,9,0x00,0x00,0x00,#000000
3.042503050000000,0,10,0x00,0x00,0x00,#000000
3.042530740000000,0,11,0x00,0x00,0x00,#000000
3.042558440000000,0,12,0x00,0x00,0x00,#000000
3.042586130000000,0,13,0x00,0x00,0x00,#000000
3.042613820000000,0,14,0x00,0x00,0x00,#000000
3.042641510000000,0,15,0x00,0x00,0x00,#000000
3.053329820000000,0,0,0x7E,0x00,0x00,#7e0000
3.053357510000000,0,1,0x00,0x00,0x00,#000000
3.053385200000000,0,2,0x00,0x00,0x00,#000000
3.053412890000000,0,3,0x00,0x00,0x00,#000000
3.053440590000000,0,4,0x00,0x00,0x00,#000000
3.053468280000000,0,5,0x00,0x00,0x00,#000000
3.053495970000000,0,6,0x00,0x00,0x00,#000000
3.053523670000000,0,7,0x00,0x00,0x00,#000000
3.053551360000000,0,8,0x00,0x00,0x00,#000000
3.053579050000000,0,9,0x00,0x00,0x00,#000000
3.053606740000000,0,10,0x00,0x00,0x00,#000000
3.053634440000000,0,11,0x00,0x00,0x00,#000000
3.053662130000000,0,12,0x00,0x00,0x00,#000000
3.053689830000000,0,13,0x00,0x00,0x00,#000000
3.053717520000000,0,14,0x00,0x00,0x00,#000000
3.053745210000000,0,15,0x00,0x00,0x00,#000000
3.064323120000000,0,0,0x7E,0x00,0x00,#7e0000
3.064350820000000,0,1,0x00,0x00,0x00,#000000
3.064378510000000,0,2,0x00,0x00,0x00,#000000
3.064406210000000,0,3,0x00,0x00,0x00,#000000
3.064433900000000,0,4,0x00,0x00,0x00,#000000
3.064461590000000,0,5,0x00,0x00,0x00,#000000
3.064489280000000,0,6,0x00,0x00,0x00,#000000
3.064516980000000,0,7,0x00,0x00,0x00,#000000
3.064544670000000,0,8,0x00,0x00,0x00,#000000
3.064572360000000,0,9,0x00,0x00,0x00,#000000
3.064600060000000,0,10,0x00,0x00,0x00,#000000
3.064627750000000,0,11,0x00,0x00,0x00,#000000
3.064655440000000,0,12,0x00,0x00,0x00,#000000
3.064683130000000,0,13,0x00,0x00,0x00,#000000
3.064710830000000,0,14,0x00,0x00,0x00,#000000
3.064738520000000,0,15,0x00,0x00,0x00,#000000
3.075225330000000,0,0,0x7E,0x00,0x00,#7e0000
3.075253020000000,0,1,0x00,0x00,0x00,#000000
3.075280720000000,0,2,0x00,0x00,0x00,#000000
3.075308410000000,0,3,0x00,0x00,0x00,#000000
3.075336100000000,0,4,0x00,0x00,0x00,#000000
3.075363790000000,0,5,0x00,0x00,0x00,#000000
3.075391490000000,0,6,0x00,0x00,0x00,#000000
3.075419180000000,0,7,0x00,0x00,0x00,#000000
3.075446870000000,0,8,0x00,0x00,0x00,#000000
3.075474570000000,0,9,0x00,0x00,0x00,#000000
3.075502260000000,0,10,0x00,0x00,0x00,#000000
3.075529950000000,0,11,0x00,0x00,0x00,#000000
3.075557640000000,0,12,0x00,0x00,0x00,#000000
3.075585340000000,0,13,0x00,0x00,0x00,#000000
3.075613030000000,0,14,0x00,0x00,0x00,#000000
3.075640730000000,0,15,0x00,0x00,0x00,#000000
3.086334130000000,0,0,0x7E,0x00,0x00,#7e0000
3.086361810000000,0,1,0x00,0x00,0x00,#000000
3.086389510000000,0,2,0x00,0x00,0x00,#000000
3.086417200000000,0,3,0x00,0x00,0x00,#000000
3.086444900000000,0,4,0x00,0x00,0x00,#000000
3.086472590000000,0,5,0x00,0x00,0x00,#000000
3.086500280000000,0,6,0x00,0x00,0x00,#000000
3.086527970000000,0,7,0x00,0x00,0x00,#000000
3.086555670000000,0,8,0x00,0x00,0x00,#000000
3.086583360000000,0,9,0x00,0x00,0x00,#000000
3.086611050000000,0,10,0x00,0x00,0x00,#000000
3.086638750000000,0,11,0x00,0x00,0x00,#000000
3.086666440000000,0,12,0x00,0x00,0x00,#000000
3.086694130000000,0,13,0x00,0x00,0x00,#000000
3.086721820000000,0,14,0x00,0x00,0x00,#000000
3.086749520000000,0,15,0x00,0x00,0x00,#000000
3.097330360000000,0,0,0x7E,0x00,0x00,#7e0000
3.097358060000000,0,1,0x00,0x00,0x00,#000000
3.097385750000000,0,2,0x00,0x00,0x00,#000000
3.097413450000000,0,3,0x00,0x00,0x00,#000000
3.097441140000000,0,4,0x00,0x00,0x00,#000000
3.097468830000000,0,5,0x00,0x00,0x00,#000000
3.097496520000000,0,6,0x00,0x00,0x00,#000000
3.097524220000000,0,7,0x00,0x00,0x00,#000000
3.097551910000000,0,8,0x00,0x00,0x00,#000000
3.097579600000000,0,9,0x00,0x00,0x00,#000000
3.097607300000000,0,10,0x00,0x00,0x00,#000000
3.097634990000000,0,11,0x00,0x00,0x00,#000000
3.097662690000000,0,12,0x00,0x00,0x00,#000000
3.097690370000000,0,13,0x00,0x00,0x00,#000000
3.097718070000000,0,14,0x00,0x00,0x00,#000000
3.097745760000000,0,15,0x00,0x00,0x00,#000000
3.108267140000000,0,0,0x7E,0x00,0x00,#7e0000
3.108294830000000,0,1,0x00,0x00,0x00,#000000
3.108322520000000,0,2,0x00,0x00,0x00,#000000
3.108350220000000,0,3,0x00,0x00,0x00,#000000
3.108377910000000,0,4,0x00,0x00,0x00,#000000
3.108405600000000,0,5,0x00,0x00,0x00,#000000
3.108433300000000,0,6,0x00,0x00,0x00,#000000
3.108460990000000,0,7,0x00,0x00,0x00,#000000
3.108488680000000,0,8,0x00,0x00,0x00,#000000
3.108516370000000,0,9,0x00,0x00,0x00,#000000
3.108544070000000,0,10,0x00,0x00,0x00,#000000
3.108571760000000,0,11,0x00,0x00,0x00,#000000
3.108599450000000,0,12,0x00,0x00,0x00,#000000
3.108627150000000,0,13,0x00,0x00,0x00,#000000
3.108654840000000,0,14,0x00,0x00,0x00,#000000
3.108682530000000,0,15,0x00,0x00,0x00,#000000
3.119328720000000,0,0,0x7E,0x00,0x00,#7e0000
3.119356410000000,0,1,0x00,0x00,0x00,#000000
3.119384100000000,0,2,0x00,0x00,0x00,#000000
3.119411800000000,0,3,0x00,0x00,0x00,#000000
3.119439490000000,0,4,0x00,0x00,0x00,#000000
3.119467180000000,0,5,0x00,0x00,0x00,#000000
3.119494880000000,0,6,0x00,0x00,0x00,#000000
3.119522570000000,0,7,0x00,0x00,0x00,#000000
3.119550260000000,0,8,0x00,0x00,0x00,#000000
3.119577960000000,0,9,0x00,0x00,0x00,#000000
3.119605650000000,0,10,0x00,0x00,0x00,#000000
3.119633340000000,0,11,0x00,0x00,0x00,#000000
3.119661040000000,0,12,0x00,0x00,0x00,#000000
3.119688730000000,0,13,0x00,0x00,0x00,#000000
3.119716420000000,0,14,0x00,0x00,0x00,#000000
3.119744110000000,0,15,0x00,0x00,0x00,#000000
3.130337270000000,0,0,0x7E,0x00,0x00,#7e0000
3.130364960000000,0,1,0x00,0x00,0x00,#000000
3.130392650000000,0,2,0x00,0x00,0x00,#000000
3.130420350000000,0,3,0x00,0x00,0x00,#000000
3.130448040000000,0,4,0x00,0x00,0x00,#000000
3.130475740000000,0,5,0x00,0x00,0x00,#000000
3.130503430000000,0,6,0x00,0x00,0x00,#000000
3.130531120000000,0,7,0x00,0x00,0x00,#000000
3.130558820000000,0,8,0x00,0x00,0x00,#000000
3.130586510000000,0,9,0x00,0x00,0x00,#000000
3.130614200000000,0,10,0x00,0x00,0x00,#000000
3.130641890000000,0,11,0x00,0x00,0x00,#000000
3.130669590000000,0,12,0x00,0x00,0x00,#000000
3.130697280000000,0,13,0x00,0x00,0x00,#000000
3.130724970000000,0,14,0x00,0x00,0x00,#000000
3.130752660000000,0,15,0x00,0x00,0x00,#000000
3.141227020000000,0,0,0x7E,0x00,0x00,#7e0000
3.141254710000000,0,1,0x00,0x00,0x00,#000000
3.141282410000000,0,2,0x00,0x00,0x00,#000000
3.141310100000000,0,3,0x00,0x00,0x00,#000000
3.141337790000000,0,4,0x00,0x00,0x00,#000000
3.141365490000000,0,5,0x00,0x00,0x00,#000000
3.141393180000000,0,6,0x00,0x00,0x00,#000000
3.141420870000000,0,7,0x00,0x00,0x00,#000000
3.141448560000000,0,8,0x00,0x00,0x00,#000000
3.141476260000000,0,9,0x00,0x00,0x00,#000000
3.141503950000000,0,10,0x00,0x00,0x00,#000000
3.141531650000000,0,11,0x00,0x00,0x00,#000000
3.141559340000000,0,12,0x00,0x00,0x00,#000000
3.141587030000000,0,13,0x00,0x00,0x00,#000000
3.141614720000000,0,14,0x00,0x00,0x00,#000000
3.141642420000000,0,15,0x00,0x00,0x00,#000000
3.152317360000000,0,0,0x7E,0x00,0x00,#7e0000
3.152345050000000,0,1,0x00,0x00,0x00,#000000
3.152372740000000,0,2,0x00,0x00,0x00,#000000
3.152400430000000,0,3,0x00,0x00,0x00,#000000
3.152428130000000,0,4,0x00,0x00,0x00,#000000
3.152455820000000,0,5,0x00,0x00,0x00,#000000
3.152483510000000,0,6,0x00,0x00,0x00,#000000
3.152511200000000,0,7,0x00,0x00,0x00,#000000
3.152538900000000,0,8,0x00,0x00,0x00,#000000
3.152566590000000,0,9,0x00,0x00,0x00,#000000
3.152594280000000,0,10,0x00,0x00,0x00,#000000
3.152621970000000,0,11,0x00,0x00,0x00,#000000
3.152649670000000,0,12,0x00,0x00,0x00,#000000
3.152677360000000,0,13,0x00,0x00,0x00,#000000
3.152705060000000,0,14,0x00,0x00,0x00,#000000
3.152732750000000,0,15,0x00,0x00,0x00,#000000
3.163242920000000,0,0,0x7E,0x00,0x00,#7e0000
3.163270620000000,0,1,0x00,0x00,0x00,#000000
3.163298300000000,0,2,0x00,0x00,0x00,#000000
3.163326000000000,0,3,0x00,0x00,0x00,#000000
3.163353690000000,0,4,0x00,0x00,0x00,#000000
3.163381390000000,0,5,0x00,0x00,0x00,#000000
3.163409080000000,0,6,0x00,0x00,0x00,#000000
3.163436770000000,0,7,0x00,0x00,0x00,#000000
3.163464470000000,0,8,0x00,0x00,0x00,#000000
3.163492160000000,0,9,0x00,0x00,0x00,#000000
3.163519850000000,0,10,0x00,0x00,0x00,#000000
3.163547540000000,0,11,0x00,0x00,0x00,#000000
3.163575240000000,0,12,0x00,0x00,0x00,#000000
3.163602930000000,0,13,0x00,0x00,0x00,#000000
3.163630630000000,0,14,0x00,0x00,0x00,#000000
3.163658310000000,0,15,0x00,0x00,0x00,#000000
3.174329990000000,0,0,0x7E,0x00,0x00,#7e0000
3.174357680000000,0,1,0x00,0x00,0x00,#000000
3.174385370000000,0,2,0x00,0x00,0x00,#000000
3.174413060000000,0,3,0x00,0x00,0x00,#000000
3.174440760000000,0,4,0x00,0x00,0x00,#000000
3.174468450000000,0,5,0x00,0x00,0x00,#000000
3.174496140000000,0,6,0x00,0x00,0x00,#000000
3.174523840000000,0,7,0x00,0x00,0x00,#000000
3.174551530000000,0,8,0x00,0x00,0x00,#000000
3.174579220000000,0,9,0x00,0x00,0x00,#000000
3.174606910000000,0,10,0x00,0x00,0x00,#000000
3.174634610000000,0,11,0x00,0x00,0x00,#000000
3.174662300000000,0,12,0x00,0x00,0x00,#000000
3.174690000000000,0,13,0x00,0x00,0x00,#000000
3.174717680000000,0,14,0x00,0x00,0x00,#000000
3.174745380000000,0,15,0x00,0x00,0x00,#000000
3.185487960000000,0,0,0x7E,0x00,0x00,#7e0000
3.185515660000000,0,1,0x00,0x00,0x00,#000000
3.185543350000000,0,2,0x00,0x00,0x00,#000000
3.185571040000000,0,3,0x00,0x00,0x00,#000000
3.185598730000000,0,4,0x00,0x00,0x00,#000000
3.185626430000000,0,5,0x00,0x00,0x00,#000000
3.185654120000000,0,6,0x00,0x00,0x00,#000000
3.185681820000000,0,7,0x00,0x00,0x00,#000000
3.185709500000000,0,8,0x00,0x00,0x00,#000000
3.185737200000000,0,9,0x00,0x00,0x00,#000000
3.185764890000000,0,10,0x00,0x00,0x00,#000000
3.185792590000000,0,11,0x00,0x00,0x00,#000000
3.185820280000000,0,12,0x00,0x00,0x00,#000000
3.185847970000000,0,13,0x00,0x00,0x00,#000000
3.185875660000000,0,14,0x00,0x00,0x00,#000000
3.185903360000000,0,15,0x00,0x00,0x00,#000000
3.196345360000000,0,0,0x7E,0x00,0x00,#7e0000
3.196373050000000,0,1,0x00,0x00,0x00,#000000
3.196400740000000,0,2,0x00,0x00,0x00,#000000
3.196428430000000,0,3,0x00,0x00,0x00,#000000
3.196456130000000,0,4,0x00,0x00,0x00,#000000
3.196483820000000,0,5,0x00,0x00,0x00,#000000
3.196511510000000,0,6,0x00,0x00,0x00,#000000
3.196539210000000,0,7,0x00,0x00,0x00,#000000
3.196566900000000,0,8,0x00,0x00,0x00,#000000
3.196594600000000,0,9,0x00,0x00,0x00,#000000
3.196622280000000,0,10,0x00,0x00,0x00,#000000
3.196649980000000,0,11,0x00,0x00,0x00,#000000
3.196677670000000,0,12,0x00,0x00,0x00,#000000
3.196705370000000,0,13,0x00,0x00,0x00,#000000
3.196733060000000,0,14,0x00,0x00,0x00,#000000
3.196760750000000,0,15,0x00,0x00,0x00,#000000
3.207228660000000,0,0,0x7E,0x00,0x00,#7e0000
3.207256360000000,0,1,0x00,0x00,0x00,#000000
3.207284050000000,0,2,0x00,0x00,0x00,#000000
3.207311750000000,0,3,0x00,0x00,0x00,#000000
3.207339430000000,0,4,0x00,0x00,0x00,#000000
3.207367130000000,0,5,0x00,0x00,0x00,#000000
3.207394820000000,0,6,0x00,0x00,0x00,#000000
3.207422520000000,0,7,0x00,0x00,0x00,#000000
3.207450210000000,0,8,0x00,0x00,0x00,#000000
3.207477900000000,0,9,0x00,0x00,0x00,#000000
3.207505590000000,0,10,0x00,0x00,0x00,#000000
3.207533290000000,0,11,0x00,0x00,0x00,#000000
3.207560980000000,0,12,0x00,0x00,0x00,#000000
3.207588670000000,0,13,0x00,0x00,0x00,#000000
3.207616370000000,0,14,0x00,0x00,0x00,#000000
3.207644060000000,0,15,0x00,0x00,0x00,#000000
3.218334430000000,0,0,0x7E,0x00,0x00,#7e0000
3.218362120000000,0,1,0x00,0x00,0x00,#000000
3.218389820000000,0,2,0x00,0x00,0x00,#000000
3.218417510000000,0,3,0x00,0x00,0x00,#000000
3.218445200000000,0,4,0x00,0x00,0x00,#000000
3.218472890000000,0,5,0x00,0x00,0x00,#000000
3.218500590000000,0,6,0x00,0x00,0x00,#000000
3.218528280000000,0,7,0x00,0x00,0x00,#000000
3.218555970000000,0,8,0x00,0x00,0x00,#000000
3.218583670000000,0,9,0x00,0x00,0x00,#000000
3.218611360000000,0,10,0x00,0x00,0x00,#000000
3.218639050000000,0,11,0x00,0x00,0x00,#000000
3.218666750000000,0,12,0x00,0x00,0x00,#000000
3.218694440000000,0,13,0x00,0x00,0x00,#000000
3.218722130000000,0,14,0x00,0x00,0x00,#000000
3.218749830000000,0,15,0x00,0x00,0x00,#000000
3.229335920000000,0,0,0x7E,0x00,0x00,#7e0000
3.229363600000000,0,1,0x00,0x00,0x00,#000000
3.229391300000000,0,2,0x00,0x00,0x00,#000000
3.229418990000000,0,3,0x00,0x00,0x00,#000000
3.229446690000000,0,4,0x00,0x00,0x00,#000000
3.229474380000000,0,5,0x00,0x00,0x00,#000000
3.229502070000000,0,6,0x00,0x00,0x00,#000000
3.229529760000000,0,7,0x00,0x00,0x00,#000000
3.229557460000000,0,8,0x00,0x00,0x00,#000000
3.229585150000000,0,9,0x00,0x00,0x00,#000000
3.229612840000000,0,10,0x00,0x00,0x00,#000000
3.229640540000000,0,11,0x00,0x00,0x00,#000000
3.229668230000000,0,12,0x00,0x00,0x00,#000000
3.229695930000000,0,13,0x00,0x00,0x00,#000000
3.229723610000000,0,14,0x00,0x00,0x00,#000000
3.229751310000000,0,15,0x00,0x00,0x00,#000000
3.240229560000000,0,0,0x7E,0x00,0x00,#7e0000
3.240257250000000,0,1,0x00,0x00,0x00,#000000
3.240284950000000,0,2,0x00,0x00,0x00,#000000
3.240312640000000,0,3,0x00,0x00,0x00,#000000
3.240340330000000,0,4,0x00,0x00,0x00,#000000
3.240368020000000,0,5,0x00,0x00,0x00,#000000
3.240395720000000,0,6,0x00,0x00,0x00,#000000
3.240423410000000,0,7,0x00,0x00,0x00,#000000
3.240451100000000,0,8,0x00,0x00,0x00,#000000
3.240478800000000,0,9,0x00,0x00,0x00,#000000
3.240506490000000,0,10,0x00,0x00,0x00,#000000
3.240534180000000,0,11,0x00,0x00,0x00,#000000
3.240561870000000,0,12,0x00,0x00,0x00,#000000
3.240589570000000,0,13,0x00,0x00,0x00,#000000
3.240617260000000,0,14,0x00,0x00,0x00,#000000
3.240644960000000,0,15,0x00,0x00,0x00,#000000
3.251326380000000,0,0,0x7E,0x00,0x00,#7e0000
3.251354070000000,0,1,0x00,0x00,0x00,#000000
3.251381770000000,0,2,0x00,0x00,0x00,#000000
3.251409460000000,0,3,0x00,0x00,0x00,#000000
3.251437150000000,0,4,0x00,0x00,0x00,#000000
3.251464850000000,0,5,0x00,0x00,0x00,#000000
3.251492540000000,0,6,0x00,0x00,0x00,#000000
3.251520230000000,0,7,0x00,0x00,0x00,#000000
3.251547920000000,0,8,0x00,0x00,0x00,#000000
3.251575620000000,0,9,0x00,0x00,0x00,#000000
3.251603310000000,0,10,0x00,0x00,0x00,#000000
3.251631010000000,0,11,0x00,0x00,0x00,#000000
3.251658690000000,0,12,0x00,0x00,0x00,#000000
3.251686390000000,0,13,0x00,0x00,0x00,#000000
3.251714080000000,0,14,0x00,0x00,0x00,#000000
3.251741780000000,0,15,0x00,0x00,0x00,#000000
3.262333490000000,0,0,0x7E,0x00,0x00,#7e0000
3.262361180000000,0,1,0x00,0x00,0x00,#000000
3.262388880000000,0,2,0x00,0x00,0x00,#000000
3.262416570000000,0,3,0x00,0x00,0x00,#000000
3.262444260000000,0,4,0x00,0x00,0x00,#000000
3.262471950000000,0,5,0x00,0x00,0x00,#000000
3.262499650000000,0,6,0x00,0x00,0x00,#000000
3.262527340000000,0,7,0x00,0x00,0x00,#000000
3.262555040000000,0,8,0x00,0x00,0x00,#000000
3.262582720000000,0,9,0x00,0x00,0x00,#000000
3.262610420000000,0,10,0x00,0x00,0x00,#000000
3.262638110000000,0,11,0x00,0x00,0x00,#000000
3.262665810000000,0,12,0x00,0x00,0x00,#000000
3.262693500000000,0,13,0x00,0x00,0x00,#000000
3.262721190000000,0,14,0x00,0x00,0x00,#000000
3.262748880000000,0,15,0x00,0x00,0x00,#000000
3.273230400000000,0,0,0x7E,0x00,0x00,#7e0000
3.273258100000000,0,1,0x00,0x00,0x00,#000000
3.273285790000000,0,2,0x00,0x00,0x00,#000000
3.273313480000000,0,3,0x00,0x00,0x00,#000000
3.273341170000000,0,4,0x00,0x00,0x00,#000000
3.273368870000000,0,5,0x00,0x00,0x00,#000000
3.273396560000000,0,6,0x00,0x00,0x00,#000000
3.273424250000000,0,7,0x00,0x00,0x00,#000000
3.273451950000000,0,8,0x00,0x00,0x00,#000000
3.273479640000000,0,9,0x00,0x00,0x00,#000000
3.273507340000000,0,10,0x00,0x00,0x00,#000000
3.273535030000000,0,11,0x00,0x00,0x00,#000000
3.273562720000000,0,12,0x00,0x00,0x00,#000000
3.273590410000000,0,13,0x00,0x00,0x00,#000000
3.273618110000000,0,14,0x00,0x00,0x00,#000000
3.273645800000000,0,15,0x00,0x00,0x00,#000000
3.284341460000000,0,0,0x7E,0x00,0x00,#7e0000
3.284369150000000,0,1,0x00,0x00,0x00,#000000
3.284396850000000,0,2,0x00,0x00,0x00,#000000
3.284424530000000,0,3,0x00,0x00,0x00,#000000
3.284452230000000,0,4,0x00,0x00,0x00,#000000
3.284479920000000,0,5,0x00,0x00,0x00,#000000
3.284507620000000,0,6,0x00,0x00,0x00,#000000
3.284535310000000,0,7,0x00,0x00,0x00,#000000
3.284563000000000,0,8,0x00,0x00,0x00,#000000
3.284590690000000,0,9,0x00,0x00,0x00,#000000
3.284618390000000,0,10,0x00,0x00,0x00,#000000
3.284646080000000,0,11,0x00,0x00,0x00,#000000
3.284673770000000,0,12,0x00,0x00,0x00,#000000
3.284701470000000,0,13,0x00,0x00,0x00,#000000
3.284729160000000,0,14,0x00,0x00,0x00,#000000
3.284756860000000,0,15,0x00,0x00,0x00,#000000
3.295327080000000,0,0,0x7E,0x00,0x00,#7e0000
3.295354770000000,0,1,0x00,0x00,0x00,#000000
3.295382470000000,0,2,0x00,0x00,0x00,#000000
3.295410150000000,0,3,0x00,0x00,0x00,#000000
3.295437850000000,0,4,0x00,0x00,0x00,#000000
3.295465540000000,0,5,0x00,0x00,0x00,#000000
3.295493240000000,0,6,0x00,0x00,0x00,#000000
3.295520920000000,0,7,0x00,0x00,0x00,#000000
3.295548620000000,0,8,0x00,0x00,0x00,#000000
3.295576310000000,0,9,0x00,0x00,0x00,#000000
3.295604010000000,0,10,0x00,0x00,0x00,#000000
3.295631700000000,0,11,0x00,0x00,0x00,#000000
3.295659390000000,0,12,0x00,0x00,0x00,#000000
3.295687090000000,0,13,0x00,0x00,0x00,#000000
3.295714780000000,0,14,0x00,0x00,0x00,#000000
3.295742470000000,0,15,0x00,0x00,0x00,#000000
3.306247160000000,0,0,0x7E,0x00,0x00,#7e0000
3.306274860000000,0,1,0x00,0x00,0x00,#000000
3.306302550000000,0,2,0x00,0x00,0x00,#000000
3.306330250000000,0,3,0x00,0x00,0x00,#000000
3.306357930000000,0,4,0x00,0x00,0x00,#000000
3.306385630000000,0,5,0x00,0x00,0x00,#000000
3.306413320000000,0,6,0x00,0x00,0x00,#000000
3.306441020000000,0,7,0x00,0x00,0x00,#000000
3.306468710000000,0,8,0x00,0x00,0x00,#000000
3.306496400000000,0,9,0x00,0x00,0x00,#000000
3.306524090000000,0,10,0x00,0x00,0x00,#000000
3.306551790000000,0,11,0x00,0x00,0x00,#000000
3.306579480000000,0,12,0x00,0x00,0x00,#000000
3.306607170000000,0,13,0x00,0x00,0x00,#000000
3.306634870000000,0,14,0x00,0x00,0x00,#000000
3.306662560000000,0,15,0x00,0x00,0x00,#000000
3.317338500000000,0,0,0x7E,0x00,0x00,#7e0000
3.317366200000000,0,1,0x00,0x00,0x00,#000000
3.317393890000000,0,2,0x00,0x00,0x00,#000000
3.317421590000000,0,3,0x00,0x00,0x00,#000000
3.317449280000000,0,4,0x00,0x00,0x00,#000000
3.317476970000000,0,5,0x00,0x00,0x00,#000000
3.317504660000000,0,6,0x00,0x00,0x00,#000000
3.317532360000000,0,7,0x00,0x00,0x00,#000000
3.317560050000000,0,8,0x00,0x00,0x00,#000000
3.317587740000000,0,9,0x00,0x00,0x00,#000000
3.317615430000000,0,10,0x00,0x00,0x00,#000000
3.317643130000000,0,11,0x00,0x00,0x00,#000000
3.317670820000000,0,12,0x00,0x00,0x00,#000000
3.317698510000000,0,13,0x00,0x00,0x00,#000000
3.317726210000000,0,14,0x00,0x00,0x00,#000000
3.317753900000000,0,15,0x00,0x00,0x00,#000000
3.328322100000000,0,0,0x7E,0x00,0x00,#7e0000
3.328349800000000,0,1,0x00,0x00,0x00,#000000
3.328377490000000,0,2,0x00,0x00,0x00,#000000
3.328405190000000,0,3,0x00,0x00,0x00,#000000
3.328432870000000,0,4,0x00,0x00,0x00,#000000
3.328460570000000,0,5,0x00,0x00,0x00,#000000
3.328488260000000,0,6,0x00,0x00,0x00,#000000
3.328515960000000,0,7,0x00,0x00,0x00,#000000
3.328543650000000,0,8,0x00,0x00,0x00,#000000
3.328571340000000,0,9,0x00,0x00,0x00,#000000
3.328599040000000,0,10,0x00,0x00,0x00,#000000
3.328626730000000,0,11,0x00,0x00,0x00,#000000
3.328654420000000,0,12,0x00,0x00,0x00,#000000
3.328682110000000,0,13,0x00,0x00,0x00,#000000
3.328709810000000,0,14,0x00,0x00,0x00,#000000
3.328737500000000,0,15,0x00,0x00,0x00,#000000
3.339232100000000,0,0,0x7E,0x00,0x00,#7e0000
3.339259790000000,0,1,0x00,0x00,0x00,#000000
3.339287480000000,0,2,0x00,0x00,0x00,#000000
3.339315170000000,0,3,0x00,0x00,0x00,#000000
3.339342870000000,0,4,0x00,0x00,0x00,#000000
3.339370560000000,0,5,0x00,0x00,0x00,#000000
3.339398260000000,0,6,0x00,0x00,0x00,#000000
3.339425940000000,0,7,0x00,0x00,0x00,#000000
3.339453640000000,0,8,0x00,0x00,0x00,#000000
3.339481330000000,0,9,0x00,0x00,0x00,#000000
3.339509030000000,0,10,0x00,0x00,0x00,#000000
3.339536720000000,0,11,0x00,0x00,0x00,#000000
3.339564410000000,0,12,0x00,0x00,0x00,#000000
3.339592100000000,0,13,0x00,0x00,0x00,#000000
3.339619800000000,0,14,0x00,0x00,0x00,#000000
3.339647490000000,0,15,0x00,0x00,0x00,#000000
3.350333720000000,0,0,0x7E,0x00,0x00,#7e0000
3.350361420000000,0,1,0x00,0x00,0x00,#000000
3.350389110000000,0,2,0x00,0x00,0x00,#000000
3.350416810000000,0,3,0x00,0x00,0x00,#000000
3.350444500000000,0,4,0x00,0x00,0x00,#000000
3.350472190000000,0,5,0x00,0x00,0x00,#000000
3.350499880000000,0,6,0x00,0x00,0x00,#000000
3.350527580000000,0,7,0x00,0x00,0x00,#000000
3.350555270000000,0,8,0x00,0x00,0x00,#000000
3.350582960000000,0,9,0x00,0x00,0x00,#000000
3.350610660000000,0,10,0x00,0x00,0x00,#000000
3.350638350000000,0,11,0x00,0x00,0x00,#000000
3.350666040000000,0,12,0x00,0x00,0x00,#000000
3.350693730000000,0,13,0x00,0x00,0x00,#000000
3.350721430000000,0,14,0x00,0x00,0x00,#000000
3.350749120000000,0,15,0x00,0x00,0x00,#000000
3.361475650000000,0,0,0x7E,0x00,0x00,#7e0000
3.361503340000000,0,1,0x00,0x00,0x00,#000000
3.361531030000000,0,2,0x00,0x00,0x00,#000000
3.361558720000000,0,3,0x00,0x00,0x00,#000000
3.361586420000000,0,4,0x00,0x00,0x00,#000000
3.361614110000000,0,5,0x00,0x00,0x00,#000000
3.361641810000000,0,6,0x00,0x00,0x00,#000000
3.361669500000000,0,7,0x00,0x00,0x00,#000000
3.361697190000000,0,8,0x00,0x00,0x00,#000000
3.361724880000000,0,9,0x00,0x00,0x00,#000000
3.361752580000000,0,10,0x00,0x00,0x00,#000000
3.361780270000000,0,11,0x00,0x00,0x00,#000000
3.361807960000000,0,12,0x00,0x00,0x00,#000000
3.361835660000000,0,13,0x00,0x00,0x00,#000000
3.361863350000000,0,14,0x00,0x00,0x00,#000000
3.361891040000000,0,15,0x00,0x00,0x00,#000000
3.372232940000000,0,0,0x7E,0x00,0x00,#7e0000
3.372260630000000,0,1,0x00,0x00,0x00,#000000
3.372288330000000,0,2,0x00,0x00,0x00,#000000
3.372316020000000,0,3,0x00,0x00,0x00,#000000
3.372343710000000,0,4,0x00,0x00,0x00,#000000
3.372371410000000,0,5,0x00,0x00,0x00,#000000
3.372399100000000,0,6,0x00,0x00,0x00,#000000
3.372426790000000,0,7,0x00,0x00,0x00,#000000
3.372454480000000,0,8,0x00,0x00,0x00,#000000
3.372482180000000,0,9,0x00,0x00,0x00,#000000
3.372509870000000,0,10,0x00,0x00,0x00,#000000
3.372537570000000,0,11,0x00,0x00,0x00,#000000
3.372565260000000,0,12,0x00,0x00,0x00,#000000
3.372592950000000,0,13,0x00,0x00,0x00,#000000
3.372620640000000,0,14,0x00,0x00,0x00,#000000
3.372648340000000,0,15,0x00,0x00,0x00,#000000
3.383332460000000,0,0,0x7E,0x00,0x00,#7e0000
3.383360150000000,0,1,0x00,0x00,0x00,#000000
3.383387850000000,0,2,0x00,0x00,0x00,#000000
3.383415530000000,0,3,0x00,0x00,0x00,#000000
3.383443230000000,0,4,0x00,0x00,0x00,#000000
3.383470920000000,0,5,0x00,0x00,0x00,#000000
3.383498620000000,0,6,0x00,0x00,0x00,#000000
3.383526300000000,0,7,0x00,0x00,0x00,#000000
3.383554000000000,0,8,0x00,0x00,0x00,#000000
3.383581690000000,0,9,0x00,0x00,0x00,#000000
3.383609390000000,0,10,0x00,0x00,0x00,#000000
3.383637080000000,0,11,0x00,0x00,0x00,#000000
3.383664770000000,0,12,0x00,0x00,0x00,#000000
3.383692470000000,0,13,0x00,0x00,0x00,#000000
3.383720160000000,0,14,0x00,0x00,0x00,#000000
3.383747850000000,0,15,0x00,0x00,0x00,#000000
3.394334040000000,0,0,0x7E,0x00,0x00,#7e0000
3.394361730000000,0,1,0x00,0x00,0x00,#000000
3.394389420000000,0,2,0x00,0x00,0x00,#000000
3.394417120000000,0,3,0x00,0x00,0x00,#000000
3.394444810000000,0,4,0x00,0x00,0x00,#000000
3.394472500000000,0,5,0x00,0x00,0x00,#000000
3.394500190000000,0,6,0x00,0x00,0x00,#000000
3.394527890000000,0,7,0x00,0x00,0x00,#000000
3.394555580000000,0,8,0x00,0x00,0x00,#000000
3.394583270000000,0,9,0x00,0x00,0x00,#000000
3.394610960000000,0,10,0x00,0x00,0x00,#000000
3.394638660000000,0,11,0x00,0x00,0x00,#000000
3.394666350000000,0,12,0x00,0x00,0x00,#000000
3.394694050000000,0,13,0x00,0x00,0x00,#000000
3.394721740000000,0,14,0x00,0x00,0x00,#000000
3.394749430000000,0,15,0x00,0x00,0x00,#000000
3.405234460000000,0,0,0x7E,0x00,0x00,#7e0000
3.405262160000000,0,1,0x00,0x00,0x00,#000000
3.405289840000000,0,2,0x00,0x00,0x00,#000000
3.405317540000000,0,3,0x00,0x00,0x00,#000000
3.405345230000000,0,4,0x00,0x00,0x00,#000000
3.405372930000000,0,5,0x00,0x00,0x00,#000000
3.405400620000000,0,6,0x00,0x00,0x00,#000000
3.405428310000000,0,7,0x00,0x00,0x00,#000000
3.405456000000000,0,8,0x00,0x00,0x00,#000000
3.405483700000000,0,9,0x00,0x00,0x00,#000000
3.405511390000000,0,10,0x00,0x00,0x00,#000000
3.405539080000000,0,11,0x00,0x00,0x00,#000000
3.405566780000000,0,12,0x00,0x00,0x00,#000000
3.405594470000000,0,13,0x00,0x00,0x00,#000000
3.405622160000000,0,14,0x00,0x00,0x00,#000000
3.405649850000000,0,15,0x00,0x00,0x00,#000000
3.416413400000000,0,0,0x7E,0x00,0x00,#7e0000
3.416441090000000,0,1,0x00,0x00,0x00,#000000
3.416468790000000,0,2,0x00,0x00,0x00,#000000
3.416496480000000,0,3,0x00,0x00,0x00,#000000
3.416524170000000,0,4,0x00,0x00,0x00,#000000
3.416551860000000,0,5,0x00,0x00,0x00,#000000
3.416579560000000,0,6,0x00,0x00,0x00,#000000
3.416607250000000,0,7,0x00,0x00,0x00,#000000
3.416634950000000,0,8,0x00,0x00,0x00,#000000
3.416662630000000,0,9,0x00,0x00,0x00,#000000
3.416690330000000,0,10,0x00,0x00,0x00,#000000
3.416718020000000,0,11,0x00,0x00,0x00,#000000
3.416745720000000,0,12,0x00,0x00,0x00,#000000
3.416773410000000,0,13,0x00,0x00,0x00,#000000
3.416801100000000,0,14,0x00,0x00,0x00,#000000
3.416828800000000,0,15,0x00,0x00,0x00,#000000
3.427542680000000,0,0,0x7E,0x00,0x00,#7e0000
3.427570370000000,0,1,0x00,0x00,0x00,#000000
3.427598060000000,0,2,0x00,0x00,0x00,#000000
3.427625750000000,0,3,0x00,0x00,0x00,#000000
3.427653450000000,0,4,0x00,0x00,0x00,#000000
3.427681140000000,0,5,0x00,0x00,0x00,#000000
3.427708830000000,0,6,0x00,0x00,0x00,#000000
3.427736530000000,0,7,0x00,0x00,0x00,#000000
3.427764220000000,0,8,0x00,0x00,0x00,#000000
3.427791910000000,0,9,0x00,0x00,0x00,#000000
3.427819610000000,0,10,0x00,0x00,0x00,#000000
3.427847300000000,0,11,0x00,0x00,0x00,#000000
3.427874990000000,0,12,0x00,0x00,0x00,#000000
3.427902690000000,0,13,0x00,0x00,0x00,#000000
3.427930380000000,0,14,0x00,0x00,0x00,#000000
3.427958070000000,0,15,0x00,0x00,0x00,#000000
3.438234630000000,0,0,0x7E,0x00,0x00,#7e0000
3.438262330000000,0,1,0x00,0x00,0x00,#000000
3.438290020000000,0,2,0x00,0x00,0x00,#000000
3.438317710000000,0,3,0x00,0x00,0x00,#000000
3.438345400000000,0,4,0x00,0x00,0x00,#000000
3.438373100000000,0,5,0x00,0x00,0x00,#000000
3.438400790000000,0,6,0x00,0x00,0x00,#000000
3.438428480000000,0,7,0x00,0x00,0x00,#000000
3.438456180000000,0,8,0x00,0x00,0x00,#000000
3.438483870000000,0,9,0x00,0x00,0x00,#000000
3.438511560000000,0,10,0x00,0x00,0x00,#000000
3.438539260000000,0,11,0x00,0x00,0x00,#000000
3.438566950000000,0,12,0x00,0x00,0x00,#000000
3.438594640000000,0,13,0x00,0x00,0x00,#000000
3.438622340000000,0,14,0x00,0x00,0x00,#000000
3.438650030000000,0,15,0x00,0x00,0x00,#000000
3.449344390000000,0,0,0x7E,0x00,0x00,#7e0000
3.449372080000000,0,1,0x00,0x00,0x00,#000000
3.449399770000000,0,2,0x00,0x00,0x00,#000000
3.449427470000000,0,3,0x00,0x00,0x00,#000000
3.449455160000000,0,4,0x00,0x00,0x00,#000000
3.449482850000000,0,5,0x00,0x00,0x00,#000000
3.449510550000000,0,6,0x00,0x00,0x00,#000000
3.449538240000000,0,7,0x00,0x00,0x00,#000000
3.449565930000000,0,8,0x00,0x00,0x00,#000000
3.449593620000000,0,9,0x00,0x00,0x00,#000000
3.449621320000000,0,10,0x00,0x00,0x00,#000000
3.449649010000000,0,11,0x00,0x00,0x00,#000000
3.449676710000000,0,12,0x00,0x00,0x00,#000000
3.449704390000000,0,13,0x00,0x00,0x00,#000000
3.449732090000000,0,14,0x00,0x00,0x00,#000000
3.449759780000000,0,15,0x00,0x00,0x00,#000000
3.460335730000000,0,0,0x7E,0x00,0x00,#7e0000
3.460363420000000,0,1,0x00,0x00,0x00,#000000
3.460391110000000,0,2,0x00,0x00,0x00,#000000
3.460418810000000,0,3,0x00,0x00,0x00,#000000
3.460446500000000,0,4,0x00,0x00,0x00,#000000
3.460474200000000,0,5,0x00,0x00,0x00,#000000
3.460501880000000,0,6,0x00,0x00,0x00,#000000
3.460529580000000,0,7,0x00,0x00,0x00,#000000
3.460557270000000,0,8,0x00,0x00,0x00,#000000
3.460584970000000,0,9,0x00,0x00,0x00,#000000
3.460612660000000,0,10,0x00,0x00,0x00,#000000
3.460640350000000,0,11,0x00,0x00,0x00,#000000
3.460668040000000,0,12,0x00,0x00,0x00,#000000
3.460695740000000,0,13,0x00,0x00,0x00,#000000
3.460723430000000,0,14,0x00,0x00,0x00,#000000
3.460751120000000,0,15,0x00,0x00,0x00,#000000
3.471277160000000,0,0,0x7E,0x00,0x00,#7e0000
3.471304850000000,0,1,0x00,0x00,0x00,#000000
3.471332550000000,0,2,0x00,0x00,0x00,#000000
3.471360240000000,0,3,0x00,0x00,0x00,#000000
3.471387930000000,0,4,0x00,0x00,0x00,#000000
3.471415630000000,0,5,0x00,0x00,0x00,#000000
3.471443320000000,0,6,0x00,0x00,0x00,#000000
3.471471010000000,0,7,0x00,0x00,0x00,#000000
3.471498700000000,0,8,0x00,0x00,0x00,#000000
3.471526400000000,0,9,0x00,0x00,0x00,#000000
3.471554090000000,0,10,0x00,0x00,0x00,#000000
3.471581790000000,0,11,0x00,0x00,0x00,#000000
3.471609480000000,0,12,0x00,0x00,0x00,#000000
3.471637170000000,0,13,0x00,0x00,0x00,#000000
3.471664860000000,0,14,0x00,0x00,0x00,#000000
3.471692560000000,0,15,0x00,0x00,0x00,#000000
3.482344170000000,0,0,0x7E,0x00,0x00,#7e0000
3.482371870000000,0,1,0x00,0x00,0x00,#000000
3.482399560000000,0,2,0x00,0x00,0x00,#000000
3.482427260000000,0,3,0x00,0x00,0x00,#000000
3.482454950000000,0,4,0x00,0x00,0x00,#000000
3.482482640000000,0,5,0x00,0x00,0x00,#000000
3.482510330000000,0,6,0x00,0x00,0x00,#000000
3.482538030000000,0,7,0x00,0x00,0x00,#000000
3.482565720000000,0,8,0x00,0x00,0x00,#000000
3.482593410000000,0,9,0x00,0x00,0x00,#000000
3.482621110000000,0,10,0x00,0x00,0x00,#000000
3.482648800000000,0,11,0x00,0x00,0x00,#000000
3.482676490000000,0,12,0x00,0x00,0x00,#000000
3.482704180000000,0,13,0x00,0x00,0x00,#000000
3.482731880000000,0,14,0x00,0x00,0x00,#000000
3.482759570000000,0,15,0x00,0x00,0x00,#000000
3.493333880000000,0,0,0x7E,0x00,0x00,#7e0000
3.493361580000000,0,1,0x00,0x00,0x00,#000000
3.493389260000000,0,2,0x00,0x00,0x00,#000000
3.493416960000000,0,3,0x00,0x00,0x00,#000000
3.493444650000000,0,4,0x00,0x00,0x00,#000000
3.493472350000000,0,5,0x00,0x00,0x00,#000000
3.493500040000000,0,6,0x00,0x00,0x00,#000000
3.493527730000000,0,7,0x00,0x00,0x00,#000000
3.493555420000000,0,8,0x00,0x00,0x00,#000000
3.493583120000000,0,9,0x00,0x00,0x00,#000000
3.493610810000000,0,10,0x00,0x00,0x00,#000000
3.493638500000000,0,11,0x00,0x00,0x00,#000000
3.493666200000000,0,12,0x00,0x00,0x00,#000000
3.493693890000000,0,13,0x00,0x00,0x00,#000000
3.493721580000000,0,14,0x00,0x00,0x00,#000000
3.493749270000000,0,15,0x00,0x00,0x00,#000000
3.504238440000000,0,0,0x7E,0x00,0x00,#7e0000
3.504266130000000,0,1,0x00,0x00,0x00,#000000
3.504293820000000,0,2,0x00,0x00,0x00,#000000
3.504321520000000,0,3,0x00,0x00,0x00,#000000
3.504349210000000,0,4,0x00,0x00,0x00,#000000
3.504376900000000,0,5,0x00,0x00,0x00,#000000
3.504404600000000,0,6,0x00,0x00,0x00,#000000
3.504432290000000,0,7,0x00,0x00,0x00,#000000
3.504459980000000,0,8,0x00,0x00,0x00,#000000
3.504487670000000,0,9,0x00,0x00,0x00,#000000
3.504515370000000,0,10,0x00,0x00,0x00,#000000
3.504543060000000,0,11,0x00,0x00,0x00,#000000
3.504570760000000,0,12,0x00,0x00,0x00,#000000
3.504598450000000,0,13,0x00,0x00,0x00,#000000
3.504626140000000,0,14,0x00,0x00,0x00,#000000
3.504653830000000,0,15,0x00,0x00,0x00,#000000
3.515347280000000,0,0,0x7E,0x00,0x00,#7e0000
3.515374980000000,0,1,0x00,0x00,0x00,#000000
3.515402670000000,0,2,0x00,0x00,0x00,#000000
3.515430360000000,0,3,0x00,0x00,0x00,#000000
3.515458050000000,0,4,0x00,0x00,0x00,#000000
3.515485750000000,0,5,0x00,0x00,0x00,#000000
3.515513440000000,0,6,0x00,0x00,0x00,#000000
3.515541130000000,0,7,0x00,0x00,0x00,#000000
3.515568830000000,0,8,0x00,0x00,0x00,#000000
3.515596520000000,0,9,0x00,0x00,0x00,#000000
3.515624210000000,0,10,0x00,0x00,0x00,#000000
3.515651900000000,0,11,0x00,0x00,0x00,#000000
3.515679600000000,0,12,0x00,0x00,0x00,#000000
3.515707290000000,0,13,0x00,0x00,0x00,#000000
3.515734990000000,0,14,0x00,0x00,0x00,#000000
3.515762670000000,0,15,0x00,0x00,0x00,#000000
3.526332950000000,0,0,0x7E,0x00,0x00,#7e0000
3.526360640000000,0,1,0x00,0x00,0x00,#000000
3.526388330000000,0,2,0x00,0x00,0x00,#000000
3.526416030000000,0,3,0x00,0x00,0x00,#000000
3.526443720000000,0,4,0x00,0x00,0x00,#000000
3.526471410000000,0,5,0x00,0x00,0x00,#000000
3.526499110000000,0,6,0x00,0x00,0x00,#000000
3.526526800000000,0,7,0x00,0x00,0x00,#000000
3.526554490000000,0,8,0x00,0x00,0x00,#000000
3.526582180000000,0,9,0x00,0x00,0x00,#000000
3.526609880000000,0,10,0x00,0x00,0x00,#000000
3.526637570000000,0,11,0x00,0x00,0x00,#000000
3.526665270000000,0,12,0x00,0x00,0x00,#000000
3.526692950000000,0,13,0x00,0x00,0x00,#000000
3.526720650000000,0,14,0x00,0x00,0x00,#000000
3.526748340000000,0,15,0x00,0x00,0x00,#000000
3.537237310000000,0,0,0x7E,0x00,0x00,#7e0000
3.537265010000000,0,1,0x00,0x00,0x00,#000000
3.537292700000000,0,2,0x00,0x00,0x00,#000000
3.537320390000000,0,3,0x00,0x00,0x00,#000000
3.537348080000000,0,4,0x00,0x00,0x00,#000000
3.537375780000000,0,5,0x00,0x00,0x00,#000000
3.537403470000000,0,6,0x00,0x00,0x00,#000000
3.537431170000000,0,7,0x00,0x00,0x00,#000000
3.537458850000000,0,8,0x00,0x00,0x00,#000000
3.537486550000000,0,9,0x00,0x00,0x00,#000000
3.537514240000000,0,10,0x00,0x00,0x00,#000000
3.537541940000000,0,11,0x00,0x00,0x00,#000000
3.537569630000000,0,12,0x00,0x00,0x00,#000000
3.537597320000000,0,13,0x00,0x00,0x00,#000000
3.537625020000000,0,14,0x00,0x00,0x00,#000000
3.537652710000000,0,15,0x00,0x00,0x00,#000000
3.548346060000000,0,0,0x7E,0x00,0x00,#7e0000
3.548373750000000,0,1,0x00,0x00,0x00,#000000
3.548401450000000,0,2,0x00,0x00,0x00,#000000
3.548429140000000,0,3,0x00,0x00,0x00,#000000
3.548456830000000,0,4,0x00,0x00,0x00,#000000
3.548484520000000,0,5,0x00,0x00,0x00,#000000
3.548512220000000,0,6,0x00,0x00,0x00,#000000
3.548539910000000,0,7,0x00,0x00,0x00,#000000
3.548567600000000,0,8,0x00,0x00,0x00,#000000
3.548595300000000,0,9,0x00,0x00,0x00,#000000
3.548622990000000,0,10,0x00,0x00,0x00,#000000
3.548650680000000,0,11,0x00,0x00,0x00,#000000
3.548678370000000,0,12,0x00,0x00,0x00,#000000
3.548706070000000,0,13,0x00,0x00,0x00,#000000
3.548733760000000,0,14,0x00,0x00,0x00,#000000
3.548761460000000,0,15,0x00,0x00,0x00,#000000
3.559339130000000,0,0,0x7E,0x00,0x00,#7e0000
3.559366820000000,0,1,0x00,0x00,0x00,#000000
3.559394520000000,0,2,0x00,0x00,0x00,#000000
3.559422210000000,0,3,0x00,0x00,0x00,#000000
3.559449900000000,0,4,0x00,0x00,0x00,#000000
3.559477590000000,0,5,0x00,0x00,0x00,#000000
3.559505290000000,0,6,0x00,0x00,0x00,#000000
3.559532980000000,0,7,0x00,0x00,0x00,#000000
3.559560670000000,0,8,0x00,0x00,0x00,#000000
3.559588370000000,0,9,0x00,0x00,0x00,#000000
3.559616060000000,0,10,0x00,0x00,0x00,#000000
3.559643750000000,0,11,0x00,0x00,0x00,#000000
3.559671440000000,0,12,0x00,0x00,0x00,#000000
3.559699140000000,0,13,0x00,0x00,0x00,#000000
3.559726830000000,0,14,0x00,0x00,0x00,#000000
3.559754520000000,0,15,0x00,0x00,0x00,#000000
3.570238010000000,0,0,0x7E,0x00,0x00,#7e0000
3.570265710000000,0,1,0x00,0x00,0x00,#000000
3.570293400000000,0,2,0x00,0x00,0x00,#000000
3.570321090000000,0,3,0x00,0x00,0x00,#000000
3.570348780000000,0,4,0x00,0x00,0x00,#000000
3.570376480000000,0,5,0x00,0x00,0x00,#000000
3.570404170000000,0,6,0x00,0x00,0x00,#000000
3.570431860000000,0,7,0x00,0x00,0x00,#000000
3.570459560000000,0,8,0x00,0x00,0x00,#000000
3.570487250000000,0,9,0x00,0x00,0x00,#000000
3.570514950000000,0,10,0x00,0x00,0x00,#000000
3.570542640000000,0,11,0x00,0x00,0x00,#000000
3.570570330000000,0,12,0x00,0x00,0x00,#000000
3.570598020000000,0,13,0x00,0x00,0x00,#000000
3.570625720000000,0,14,0x00,0x00,0x00,#000000
3.570653410000000,0,15,0x00,0x00,0x00,#000000
3.581342050000000,0,0,0x7E,0x00,0x00,#7e0000
3.581369740000000,0,1,0x00,0x00,0x00,#000000
3.581397440000000,0,2,0x00,0x00,0x00,#000000
3.581425130000000,0,3,0x00,0x00,0x00,#000000
3.581452820000000,0,4,0x00,0x00,0x00,#000000
3.581480510000000,0,5,0x00,0x00,0x00,#000000
3.581508210000000,0,6,0x00,0x00,0x00,#000000
3.581535900000000,0,7,0x00,0x00,0x00,#000000
3.581563590000000,0,8,0x00,0x00,0x00,#000000
3.581591290000000,0,9,0x00,0x00,0x00,#000000
3.581618980000000,0,10,0x00,0x00,0x00,#000000
3.581646670000000,0,11,0x00,0x00,0x00,#000000
3.581674360000000,0,12,0x00,0x00,0x00,#000000
3.581702060000000,0,13,0x00,0x00,0x00,#000000
3.581729750000000,0,14,0x00,0x00,0x00,#000000
3.581757450000000,0,15,0x00,0x00,0x00,#000000
3.592331130000000,0,0,0x7E,0x00,0x00,#7e0000
3.592358820000000,0,1,0x00,0x00,0x00,#000000
3.592386510000000,0,2,0x00,0x00,0x00,#000000
3.592414210000000,0,3,0x00,0x00,0x00,#000000
3.592441900000000,0,4,0x00,0x00,0x00,#000000
3.592469600000000,0,5,0x00,0x00,0x00,#000000
3.592497280000000,0,6,0x00,0x00,0x00,#000000
3.592524980000000,0,7,0x00,0x00,0x00,#000000
3.592552670000000,0,8,0x00,0x00,0x00,#000000
3.592580370000000,0,9,0x00,0x00,0x00,#000000
3.592608060000000,0,10,0x00,0x00,0x00,#000000
3.592635750000000,0,11,0x00,0x00,0x00,#000000
3.592663440000000,0,12,0x00,0x00,0x00,#000000
3.592691140000000,0,13,0x00,0x00,0x00,#000000
3.592718830000000,0,14,0x00,0x00,0x00,#000000
3.592746520000000,0,15,0x00,0x00,0x00,#000000
3.603238860000000,0,0,0x7E,0x00,0x00,#7e0000
3.603266550000000,0,1,0x00,0x00,0x00,#000000
3.603294250000000,0,2,0x00,0x00,0x00,#000000
3.603321940000000,0,3,0x00,0x00,0x00,#000000
3.603349630000000,0,4,0x00,0x00,0x00,#000000
3.603377320000000,0,5,0x00,0x00,0x00,#000000
3.603405020000000,0,6,0x00,0x00,0x00,#000000
3.603432710000000,0,7,0x00,0x00,0x00,#000000
3.603460400000000,0,8,0x00,0x00,0x00,#000000
3.603488100000000,0,9,0x00,0x00,0x00,#000000
3.603515790000000,0,10,0x00,0x00,0x00,#000000
3.603543490000000,0,11,0x00,0x00,0x00,#000000
3.603571170000000,0,12,0x00,0x00,0x00,#000000
3.603598870000000,0,13,0x00,0x00,0x00,#000000
3.603626560000000,0,14,0x00,0x00,0x00,#000000
3.603654260000000,0,15,0x00,0x00,0x00,#000000
3.614347220000000,0,0,0x7E,0x00,0x00,#7e0000
3.614374910000000,0,1,0x00,0x00,0x00,#000000
3.614402610000000,0,2,0x00,0x00,0x00,#000000
3.614430300000000,0,3,0x00,0x00,0x00,#000000
3.614457990000000,0,4,0x00,0x00,0x00,#000000
3.614485680000000,0,5,0x00,0x00,0x00,#000000
3.614513380000000,0,6,0x00,0x00,0x00,#000000
3.614541070000000,0,7,0x00,0x00,0x00,#000000
3.614568770000000,0,8,0x00,0x00,0x00,#000000
3.614596460000000,0,9,0x00,0x00,0x00,#000000
3.614624150000000,0,10,0x00,0x00,0x00,#000000
3.614651840000000,0,11,0x00,0x00,0x00,#000000
3.614679540000000,0,12,0x00,0x00,0x00,#000000
3.614707230000000,0,13,0x00,0x00,0x00,#000000
3.614734920000000,0,14,0x00,0x00,0x00,#000000
3.614762620000000,0,15,0x00,0x00,0x00,#000000
3.625343890000000,0,0,0x7E,0x00,0x00,#7e0000
3.625371590000000,0,1,0x00,0x00,0x00,#000000
3.625399280000000,0,2,0x00,0x00,0x00,#000000
3.625426980000000,0,3,0x00,0x00,0x00,#000000
3.625454670000000,0,4,0x00,0x00,0x00,#000000
3.625482360000000,0,5,0x00,0x00,0x00,#000000
3.625510050000000,0,6,0x00,0x00,0x00,#000000
3.625537750000000,0,7,0x00,0x00,0x00,#000000
3.625565440000000,0,8,0x00,0x00,0x00,#000000
3.625593130000000,0,9,0x00,0x00,0x00,#000000
3.625620830000000,0,10,0x00,0x00,0x00,#000000
3.625648520000000,0,11,0x00,0x00,0x00,#000000
3.625676210000000,0,12,0x00,0x00,0x00,#000000
3.625703900000000,0,13,0x00,0x00,0x00,#000000
3.625731600000000,0,14,0x00,0x00,0x00,#000000
3.625759290000000,0,15,0x00,0x00,0x00,#000000
3.636239700000000,0,0,0x7E,0x00,0x00,#7e0000
3.636267400000000,0,1,0x00,0x00,0x00,#000000
3.636295090000000,0,2,0x00,0x00,0x00,#000000
3.636322780000000,0,3,0x00,0x00,0x00,#000000
3.636350480000000,0,4,0x00,0x00,0x00,#000000
3.636378170000000,0,5,0x00,0x00,0x00,#000000
3.636405860000000,0,6,0x00,0x00,0x00,#000000
3.636433550000000,0,7,0x00,0x00,0x00,#000000
3.636461250000000,0,8,0x00,0x00,0x00,#000000
3.636488940000000,0,9,0x00,0x00,0x00,#000000
3.636516640000000,0,10,0x00,0x00,0x00,#000000
3.636544330000000,0,11,0x00,0x00,0x00,#000000
3.636572020000000,0,12,0x00,0x00,0x00,#000000
3.636599710000000,0,13,0x00,0x00,0x00,#000000
3.636627410000000,0,14,0x00,0x00,0x00,#000000
3.636655100000000,0,15,0x00,0x00,0x00,#000000
3.647340420000000,0,0,0x7E,0x00,0x00,#7e0000
3.647368110000000,0,1,0x00,0x00,0x00,#000000
3.647395810000000,0,2,0x00,0x00,0x00,#000000
3.647423500000000,0,3,0x00,0x00,0x00,#000000
3.647451190000000,0,4,0x00,0x00,0x00,#000000
3.647478890000000,0,5,0x00,0x00,0x00,#000000
3.647506580000000,0,6,0x00,0x00,0x00,#000000
3.647534270000000,0,7,0x00,0x00,0x00,#000000
3.647561960000000,0,8,0x00,0x00,0x00,#000000
3.647589660000000,0,9,0x00,0x00,0x00,#000000
3.647617350000000,0,10,0x00,0x00,0x00,#000000
3.647645050000000,0,11,0x00,0x00,0x00,#000000
3.647672740000000,0,12,0x00,0x00,0x00,#000000
3.647700430000000,0,13,0x00,0x00,0x00,#000000
3.647728120000000,0,14,0x00,0x00,0x00,#000000
3.647755820000000,0,15,0x00,0x00,0x00,#000000
3.658340900000000,0,0,0x7E,0x00,0x00,#7e0000
3.658368590000000,0,1,0x00,0x00,0x00,#000000
3.658396280000000,0,2,0x00,0x00,0x00,#000000
3.658423970000000,0,3,0x00,0x00,0x00,#000000
3.658451670000000,0,4,0x00,0x00,0x00,#000000
3.658479360000000,0,5,0x00,0x00,0x00,#000000
3.658507060000000,0,6,0x00,0x00,0x00,#000000
3.658534740000000,0,7,0x00,0x00,0x00,#000000
3.658562440000000,0,8,0x00,0x00,0x00,#000000
3.658590130000000,0,9,0x00,0x00,0x00,#000000
3.658617830000000,0,10,0x00,0x00,0x00,#000000
3.658645520000000,0,11,0x00,0x00,0x00,#000000
3.658673210000000,0,12,0x00,0x00,0x00,#000000
3.658700900000000,0,13,0x00,0x00,0x00,#000000
3.658728600000000,0,14,0x00,0x00,0x00,#000000
3.658756290000000,0,15,0x00,0x00,0x00,#000000
3.669240550000000,0,0,0x7E,0x00,0x00,#7e0000
3.669268240000000,0,1,0x00,0x00,0x00,#000000
3.669295940000000,0,2,0x00,0x00,0x00,#000000
3.669323630000000,0,3,0x00,0x00,0x00,#000000
3.669351320000000,0,4,0x00,0x00,0x00,#000000
3.669379020000000,0,5,0x00,0x00,0x00,#000000
3.669406710000000,0,6,0x00,0x00,0x00,#000000
3.669434400000000,0,7,0x00,0x00,0x00,#000000
3.669462090000000,0,8,0x00,0x00,0x00,#000000
3.669489790000000,0,9,0x00,0x00,0x00,#000000
3.669517480000000,0,10,0x00,0x00,0x00,#000000
3.669545180000000,0,11,0x00,0x00,0x00,#000000
3.669572860000000,0,12,0x00,0x00,0x00,#000000
3.669600560000000,0,13,0x00,0x00,0x00,#000000
3.669628250000000,0,14,0x00,0x00,0x00,#000000
3.669655950000000,0,15,0x00,0x00,0x00,#000000
3.680339870000000,0,0,0x7E,0x00,0x00,#7e0000
3.680367570000000,0,1,0x00,0x00,0x00,#000000
3.680395260000000,0,2,0x00,0x00,0x00,#000000
3.680422950000000,0,3,0x00,0x00,0x00,#000000
3.680450640000000,0,4,0x00,0x00,0x00,#000000
3.680478340000000,0,5,0x00,0x00,0x00,#000000
3.680506030000000,0,6,0x00,0x00,0x00,#000000
3.680533730000000,0,7,0x00,0x00,0x00,#000000
3.680561410000000,0,8,0x00,0x00,0x00,#000000
3.680589110000000,0,9,0x00,0x00,0x00,#000000
3.680616800000000,0,10,0x00,0x00,0x00,#000000
3.680644500000000,0,11,0x00,0x00,0x00,#000000
3.680672190000000,0,12,0x00,0x00,0x00,#000000
3.680699880000000,0,13,0x00,0x00,0x00,#000000
3.680727570000000,0,14,0x00,0x00,0x00,#000000
3.680755270000000,0,15,0x00,0x00,0x00,#000000
3.691341790000000,0,0,0x7E,0x00,0x00,#7e0000
3.691369480000000,0,1,0x00,0x00,0x00,#000000
3.691397170000000,0,2,0x00,0x00,0x00,#000000
3.691424870000000,0,3,0x00,0x00,0x00,#000000
3.691452560000000,0,4,0x00,0x00,0x00,#000000
3.691480260000000,0,5,0x00,0x00,0x00,#000000
3.691507940000000,0,6,0x00,0x00,0x00,#000000
3.691535640000000,0,7,0x00,0x00,0x00,#000000
3.691563330000000,0,8,0x00,0x00,0x00,#000000
3.691591030000000,0,9,0x00,0x00,0x00,#000000
3.691618720000000,0,10,0x00,0x00,0x00,#000000
3.691646410000000,0,11,0x00,0x00,0x00,#000000
3.691674110000000,0,12,0x00,0x00,0x00,#000000
3.691701800000000,0,13,0x00,0x00,0x00,#000000
3.691729490000000,0,14,0x00,0x00,0x00,#000000
3.691757180000000,0,15,0x00,0x00,0x00,#000000
3.702241400000000,0,0,0x7E,0x00,0x00,#7e0000
3.702269090000000,0,1,0x00,0x00,0x00,#000000
3.702296780000000,0,2,0x00,0x00,0x00,#000000
3.702324470000000,0,3,0x00,0x00,0x00,#000000
3.702352170000000,0,4,0x00,0x00,0x00,#000000
3.702379860000000,0,5,0x00,0x00,0x00,#000000
3.702407550000000,0,6,0x00,0x00,0x00,#000000
3.702435240000000,0,7,0x00,0x00,0x00,#000000
3.702462940000000,0,8,0x00,0x00,0x00,#000000
3.702490630000000,0,9,0x00,0x00,0x00,#000000
3.702518330000000,0,10,0x00,0x00,0x00,#000000
3.702546020000000,0,11,0x00,0x00,0x00,#000000
3.702573710000000,0,12,0x00,0x00,0x00,#000000
3.702601400000000,0,13,0x00,0x00,0x00,#000000
3.702629100000000,0,14,0x00,0x00,0x00,#000000
3.702656790000000,0,15,0x00,0x00,0x00,#000000
3.713350340000000,0,0,0x7E,0x00,0x00,#7e0000
3.713378020000000,0,1,0x00,0x00,0x00,#000000
3.713405720000000,0,2,0x00,0x00,0x00,#000000
3.713433410000000,0,3,0x00,0x00,0x00,#000000
3.713461110000000,0,4,0x00,0x00,0x00,#000000
3.713488800000000,0,5,0x00,0x00,0x00,#000000
3.713516490000000,0,6,0x00,0x00,0x00,#000000
3.713544180000000,0,7,0x00,0x00,0x00,#000000
3.713571880000000,0,8,0x00,0x00,0x00,#000000
3.713599570000000,0,9,0x00,0x00,0x00,#000000
3.713627260000000,0,10,0x00,0x00,0x00,#000000
3.713654960000000,0,11,0x00,0x00,0x00,#000000
3.713682650000000,0,12,0x00,0x00,0x00,#000000
3.713710340000000,0,13,0x00,0x00,0x00,#000000
3.713738030000000,0,14,0x00,0x00,0x00,#000000
3.713765730000000,0,15,0x00,0x00,0x00,#000000
3.724345090000000,0,0,0x7E,0x00,0x00,#7e0000
3.724372780000000,0,1,0x00,0x00,0x00,#000000
3.724400470000000,0,2,0x00,0x00,0x00,#000000
3.724428160000000,0,3,0x00,0x00,0x00,#000000
3.724455860000000,0,4,0x00,0x00,0x00,#000000
3.724483550000000,0,5,0x00,0x00,0x00,#000000
3.724511250000000,0,6,0x00,0x00,0x00,#000000
3.724538930000000,0,7,0x00,0x00,0x00,#000000
3.724566630000000,0,8,0x00,0x00,0x00,#000000
3.724594320000000,0,9,0x00,0x00,0x00,#000000
3.724622020000000,0,10,0x00,0x00,0x00,#000000
3.724649710000000,0,11,0x00,0x00,0x00,#000000
3.724677400000000,0,12,0x00,0x00,0x00,#000000
3.724705090000000,0,13,0x00,0x00,0x00,#000000
3.724732790000000,0,14,0x00,0x00,0x00,#000000
3.724760480000000,0,15,0x00,0x00,0x00,#000000
3.735315850000000,0,0,0x7E,0x00,0x00,#7e0000
3.735343540000000,0,1,0x00,0x00,0x00,#000000
3.735371240000000,0,2,0x00,0x00,0x00,#000000
3.735398920000000,0,3,0x00,0x00,0x00,#000000
3.735426620000000,0,4,0x00,0x00,0x00,#000000
3.735454310000000,0,5,0x00,0x00,0x00,#000000
3.735482010000000,0,6,0x00,0x00,0x00,#000000
3.735509700000000,0,7,0x00,0x00,0x00,#000000
3.735537390000000,0,8,0x00,0x00,0x00,#000000
3.735565090000000,0,9,0x00,0x00,0x00,#000000
3.735592780000000,0,10,0x00,0x00,0x00,#000000
3.735620470000000,0,11,0x00,0x00,0x00,#000000
3.735648160000000,0,12,0x00,0x00,0x00,#000000
3.735675860000000,0,13,0x00,0x00,0x00,#000000
3.735703550000000,0,14,0x00,0x00,0x00,#000000
3.735731250000000,0,15,0x00,0x00,0x00,#000000
3.746342960000000,0,0,0x7E,0x00,0x00,#7e0000
3.746370650000000,0,1,0x00,0x00,0x00,#000000
3.746398340000000,0,2,0x00,0x00,0x00,#000000
3.746426040000000,0,3,0x00,0x00,0x00,#000000
3.746453730000000,0,4,0x00,0x00,0x00,#000000
3.746481420000000,0,5,0x00,0x00,0x00,#000000
3.746509120000000,0,6,0x00,0x00,0x00,#000000
3.746536810000000,0,7,0x00,0x00,0x00,#000000
3.746564500000000,0,8,0x00,0x00,0x00,#000000
3.746592190000000,0,9,0x00,0x00,0x00,#000000
3.746619890000000,0,10,0x00,0x00,0x00,#000000
3.746647580000000,0,11,0x00,0x00,0x00,#000000
3.746675280000000,0,12,0x00,0x00,0x00,#000000
3.746702960000000,0,13,0x00,0x00,0x00,#000000
3.746730660000000,0,14,0x00,0x00,0x00,#000000
3.746758350000000,0,15,0x00,0x00,0x00,#000000
3.757341130000000,0,0,0x7E,0x00,0x00,#7e0000
3.757368820000000,0,1,0x00,0x00,0x00,#000000
3.757396510000000,0,2,0x00,0x00,0x00,#000000
3.757424200000000,0,3,0x00,0x00,0x00,#000000
3.757451900000000,0,4,0x00,0x00,0x00,#000000
3.757479590000000,0,5,0x00,0x00,0x00,#000000
3.757507280000000,0,6,0x00,0x00,0x00,#000000
3.757534970000000,0,7,0x00,0x00,0x00,#000000
3.757562670000000,0,8,0x00,0x00,0x00,#000000
3.757590360000000,0,9,0x00,0x00,0x00,#000000
3.757618060000000,0,10,0x00,0x00,0x00,#000000
3.757645740000000,0,11,0x00,0x00,0x00,#000000
3.757673440000000,0,12,0x00,0x00,0x00,#000000
3.757701130000000,0,13,0x00,0x00,0x00,#000000
3.757728830000000,0,14,0x00,0x00,0x00,#000000
3.757756520000000,0,15,0x00,0x00,0x00,#000000
3.768243090000000,0,0,0x7E,0x00,0x00,#7e0000
3.768270780000000,0,1,0x00,0x00,0x00,#000000
3.768298470000000,0,2,0x00,0x00,0x00,#000000
3.768326160000000,0,3,0x00,0x00,0x00,#000000
3.768353860000000,0,4,0x00,0x00,0x00,#000000
3.768381550000000,0,5,0x00,0x00,0x00,#000000
3.768409250000000,0,6,0x00,0x00,0x00,#000000
3.768436930000000,0,7,0x00,0x00,0x00,#000000
3.768464630000000,0,8,0x00,0x00,0x00,#000000
3.768492320000000,0,9,0x00,0x00,0x00,#000000
3.768520020000000,0,10,0x00,0x00,0x00,#000000
3.768547710000000,0,11,0x00,0x00,0x00,#000000
3.768575400000000,0,12,0x00,0x00,0x00,#000000
3.768603090000000,0,13,0x00,0x00,0x00,#000000
3.768630790000000,0,14,0x00,0x00,0x00,#000000
3.768658480000000,0,15,0x00,0x00,0x00,#000000
3.779344330000000,0,0,0x7E,0x00,0x00,#7e0000
3.779372030000000,0,1,0x00,0x00,0x00,#000000
3.779399710000000,0,2,0x00,0x00,0x00,#000000
3.779427410000000,0,3,0x00,0x00,0x00,#000000
3.779455100000000,0,4,0x00,0x00,0x00,#000000
3.779482800000000,0,5,0x00,0x00,0x00,#000000
3.779510490000000,0,6,0x00,0x00,0x00,#000000
3.779538180000000,0,7,0x00,0x00,0x00,#000000
3.779565870000000,0,8,0x00,0x00,0x00,#000000
3.779593570000000,0,9,0x00,0x00,0x00,#000000
3.779621260000000,0,10,0x00,0x00,0x00,#000000
3.779648950000000,0,11,0x00,0x00,0x00,#000000
3.779676650000000,0,12,0x00,0x00,0x00,#000000
3.779704340000000,0,13,0x00,0x00,0x00,#000000
3.779732030000000,0,14,0x00,0x00,0x00,#000000
3.779759720000000,0,15,0x00,0x00,0x00,#000000
3.790343650000000,0,0,0x7E,0x00,0x00,#7e0000
3.790371340000000,0,1,0x00,0x00,0x00,#000000
3.790399040000000,0,2,0x00,0x00,0x00,#000000
3.790426730000000,0,3,0x00,0x00,0x00,#000000
3.790454420000000,0,4,0x00,0x00,0x00,#000000
3.790482120000000,0,5,0x00,0x00,0x00,#000000
3.790509810000000,0,6,0x00,0x00,0x00,#000000
3.790537500000000,0,7,0x00,0x00,0x00,#000000
3.790565190000000,0,8,0x00,0x00,0x00,#000000
3.790592890000000,0,9,0x00,0x00,0x00,#000000
3.790620580000000,0,10,0x00,0x00,0x00,#000000
3.790648280000000,0,11,0x00,0x00,0x00,#000000
3.790675970000000,0,12,0x00,0x00,0x00,#000000
3.790703660000000,0,13,0x00,0x00,0x00,#000000
3.790731350000000,0,14,0x00,0x00,0x00,#000000
3.790759050000000,0,15,0x00,0x00,0x00,#000000
3.801252110000000,0,0,0x7E,0x00,0x00,#7e0000
3.801279800000000,0,1,0x00,0x00,0x00,#000000
3.801307490000000,0,2,0x00,0x00,0x00,#000000
3.801335180000000,0,3,0x00,0x00,0x00,#000000
3.801362880000000,0,4,0x00,0x00,0x00,#000000
3.801390570000000,0,5,0x00,0x00,0x00,#000000
3.801418260000000,0,6,0x00,0x00,0x00,#000000
3.801445950000000,0,7,0x00,0x00,0x00,#000000
3.801473650000000,0,8,0x00,0x00,0x00,#000000
3.801501340000000,0,9,0x00,0x00,0x00,#000000
3.801529030000000,0,10,0x00,0x00,0x00,#000000
3.801556730000000,0,11,0x00,0x00,0x00,#000000
3.801584420000000,0,12,0x00,0x00,0x00,#000000
3.801612110000000,0,13,0x00,0x00,0x00,#000000
3.801639810000000,0,14,0x00,0x00,0x00,#000000
3.801667500000000,0,15,0x00,0x00,0x00,#000000
3.812357250000000,0,0,0x7E,0x00,0x00,#7e0000
3.812384930000000,0,1,0x00,0x00,0x00,#000000
3.812412630000000,0,2,0x00,0x00,0x00,#000000
3.812440320000000,0,3,0x00,0x00,0x00,#000000
3.812468020000000,0,4,0x00,0x00,0x00,#000000
3.812495710000000,0,5,0x00,0x00,0x00,#000000
3.812523400000000,0,6,0x00,0x00,0x00,#000000
3.812551090000000,0,7,0x00,0x00,0x00,#000000
3.812578790000000,0,8,0x00,0x00,0x00,#000000
3.812606480000000,0,9,0x00,0x00,0x00,#000000
3.812634170000000,0,10,0x00,0x00,0x00,#000000
3.812661870000000,0,11,0x00,0x00,0x00,#000000
3.812689560000000,0,12,0x00,0x00,0x00,#000000
3.812717250000000,0,13,0x00,0x00,0x00,#000000
3.812744940000000,0,14,0x00,0x00,0x00,#000000
3.812772640000000,0,15,0x00,0x00,0x00,#000000
3.823346570000000,0,0,0x7E,0x00,0x00,#7e0000
3.823374260000000,0,1,0x00,0x00,0x00,#000000
3.823401950000000,0,2,0x00,0x00,0x00,#000000
3.823429640000000,0,3,0x00,0x00,0x00,#000000
3.823457340000000,0,4,0x00,0x00,0x00,#000000
3.823485030000000,0,5,0x00,0x00,0x00,#000000
3.823512720000000,0,6,0x00,0x00,0x00,#000000
3.823540410000000,0,7,0x00,0x00,0x00,#000000
3.823568110000000,0,8,0x00,0x00,0x00,#000000
3.823595800000000,0,9,0x00,0x00,0x00,#000000
3.823623500000000,0,10,0x00,0x00,0x00,#000000
3.823651180000000,0,11,0x00,0x00,0x00,#000000
3.823678880000000,0,12,0x00,0x00,0x00,#000000
3.823706570000000,0,13,0x00,0x00,0x00,#000000
3.823734270000000,0,14,0x00,0x00,0x00,#000000
3.823761960000000,0,15,0x00,0x00,0x00,#000000
3.834244780000000,0,0,0x7E,0x00,0x00,#7e0000
3.834272470000000,0,1,0x00,0x00,0x00,#000000
3.834300160000000,0,2,0x00,0x00,0x00,#000000
3.834327850000000,0,3,0x00,0x00,0x00,#000000
3.834355550000000,0,4,0x00,0x00,0x00,#000000
3.834383240000000,0,5,0x00,0x00,0x00,#000000
3.834410940000000,0,6,0x00,0x00,0x00,#000000
3.834438620000000,0,7,0x00,0x00,0x00,#000000
3.834466320000000,0,8,0x00,0x00,0x00,#000000
3.834494010000000,0,9,0x00,0x00,0x00,#000000
3.834521710000000,0,10,0x00,0x00,0x00,#000000
3.834549400000000,0,11,0x00,0x00,0x00,#000000
3.834577090000000,0,12,0x00,0x00,0x00,#000000
3.834604780000000,0,13,0x00,0x00,0x00,#000000
3.834632480000000,0,14,0x00,0x00,0x00,#000000
3.834660170000000,0,15,0x00,0x00,0x00,#000000
3.845415930000000,0,0,0x7E,0x00,0x00,#7e0000
3.845443620000000,0,1,0x00,0x00,0x00,#000000
3.845471310000000,0,2,0x00,0x00,0x00,#000000
3.845499010000000,0,3,0x00,0x00,0x00,#000000
3.845526700000000,0,4,0x00,0x00,0x00,#000000
3.845554390000000,0,5,0x00,0x00,0x00,#000000
3.845582080000000,0,6,0x00,0x00,0x00,#000000
3.845609780000000,0,7,0x00,0x00,0x00,#000000
3.845637470000000,0,8,0x00,0x00,0x00,#000000
3.845665160000000,0,9,0x00,0x00,0x00,#000000
3.845692860000000,0,10,0x00,0x00,0x00,#000000
3.845720550000000,0,11,0x00,0x00,0x00,#000000
3.845748240000000,0,12,0x00,0x00,0x00,#000000
3.845775940000000,0,13,0x00,0x00,0x00,#000000
3.845803630000000,0,14,0x00,0x00,0x00,#000000
3.845831320000000,0,15,0x00,0x00,0x00,#000000
3.857013430000000,0,0,0x7E,0x00,0x00,#7e0000
3.857041130000000,0,1,0x00,0x00,0x00,#000000
3.857068820000000,0,2,0x00,0x00,0x00,#000000
3.857096520000000,0,3,0x00,0x00,0x00,#000000
3.857124200000000,0,4,0x00,0x00,0x00,#000000
3.857151900000000,0,5,0x00,0x00,0x00,#000000
3.857179590000000,0,6,0x00,0x00,0x00,#000000
3.857207290000000,0,7,0x00,0x00,0x00,#000000
3.857234980000000,0,8,0x00,0x00,0x00,#000000
3.857262670000000,0,9,0x00,0x00,0x00,#000000
3.857290360000000,0,10,0x00,0x00,0x00,#000000
3.857318060000000,0,11,0x00,0x00,0x00,#000000
3.857345750000000,0,12,0x00,0x00,0x00,#000000
3.857373440000000,0,13,0x00,0x00,0x00,#000000
3.857401140000000,0,14,0x00,0x00,0x00,#000000
3.857428830000000,0,15,0x00,0x00,0x00,#000000
3.867323070000000,0,0,0x7E,0x00,0x00,#7e0000
3.867350770000000,0,1,0x00,0x00,0x00,#000000
3.867378460000000,0,2,0x00,0x00,0x00,#000000
3.867406160000000,0,3,0x00,0x00,0x00,#000000
3.867433840000000,0,4,0x00,0x00,0x00,#000000
3.867461540000000,0,5,0x00,0x00,0x00,#000000
3.867489230000000,0,6,0x00,0x00,0x00,#000000
3.867516930000000,0,7,0x00,0x00,0x00,#000000
3.867544620000000,0,8,0x00,0x00,0x00,#000000
3.867572310000000,0,9,0x00,0x00,0x00,#000000
3.867600000000000,0,10,0x00,0x00,0x00,#000000
3.867627700000000,0,11,0x00,0x00,0x00,#000000
3.867655390000000,0,12,0x00,0x00,0x00,#000000
3.867683080000000,0,13,0x00,0x00,0x00,#000000
3.867710780000000,0,14,0x00,0x00,0x00,#000000
3.867738470000000,0,15,0x00,0x00,0x00,#000000
3.878342010000000,0,0,0x7E,0x00,0x00,#7e0000
3.878369700000000,0,1,0x00,0x00,0x00,#000000
3.878397400000000,0,2,0x00,0x00,0x00,#000000
3.878425090000000,0,3,0x00,0x00,0x00,#000000
3.878452780000000,0,4,0x00,0x00,0x00,#000000
3.878480480000000,0,5,0x00,0x00,0x00,#000000
3.878508170000000,0,6,0x00,0x00,0x00,#000000
3.878535860000000,0,7,0x00,0x00,0x00,#000000
3.878563550000000,0,8,0x00,0x00,0x00,#000000
3.878591250000000,0,9,0x00,0x00,0x00,#000000
3.878618940000000,0,10,0x00,0x00,0x00,#000000
3.878646630000000,0,11,0x00,0x00,0x00,#000000
3.878674320000000,0,12,0x00,0x00,0x00,#000000
3.878702020000000,0,13,0x00,0x00,0x00,#000000
3.878729710000000,0,14,0x00,0x00,0x00,#000000
3.878757410000000,0,15,0x00,0x00,0x00,#000000
3.889347290000000,0,0,0x7E,0x00,0x00,#7e0000
3.889374990000000,0,1,0x00,0x00,0x00,#000000
3.889402680000000,0,2,0x00,0x00,0x00,#000000
3.889430370000000,0,3,0x00,0x00,0x00,#000000
3.889458060000000,0,4,0x00,0x00,0x00,#000000
3.889485760000000,0,5,0x00,0x00,0x00,#000000
3.889513450000000,0,6,0x00,0x00,0x00,#000000
3.889541140000000,0,7,0x00,0x00,0x00,#000000
3.889568830000000,0,8,0x00,0x00,0x00,#000000
3.889596530000000,0,9,0x00,0x00,0x00,#000000
3.889624220000000,0,10,0x00,0x00,0x00,#000000
3.889651910000000,0,11,0x00,0x00,0x00,#000000
3.889679610000000,0,12,0x00,0x00,0x00,#000000
3.889707300000000,0,13,0x00,0x00,0x00,#000000
3.889735000000000,0,14,0x00,0x00,0x00,#000000
3.889762690000000,0,15,0x00,0x00,0x00,#000000
3.900246470000000,0,0,0x7E,0x00,0x00,#7e0000
3.900274160000000,0,1,0x00,0x00,0x00,#000000
3.900301850000000,0,2,0x00,0x00,0x00,#000000
3.900329540000000,0,3,0x00,0x00,0x00,#000000
3.900357240000000,0,4,0x00,0x00,0x00,#000000
3.900384930000000,0,5,0x00,0x00,0x00,#000000
3.900412630000000,0,6,0x00,0x00,0x00,#000000
3.900440310000000,0,7,0x00,0x00,0x00,#000000
3.900468010000000,0,8,0x00,0x00,0x00,#000000
3.900495700000000,0,9,0x00,0x00,0x00,#000000
3.900523400000000,0,10,0x00,0x00,0x00,#000000
3.900551090000000,0,11,0x00,0x00,0x00,#000000
3.900578780000000,0,12,0x00,0x00,0x00,#000000
3.900606470000000,0,13,0x00,0x00,0x00,#000000
3.900634170000000,0,14,0x00,0x00,0x00,#000000
3.900661860000000,0,15,0x00,0x00,0x00,#000000
3.911349200000000,0,0,0x7E,0x00,0x00,#7e0000
3.911376890000000,0,1,0x00,0x00,0x00,#000000
3.911404590000000,0,2,0x00,0x00,0x00,#000000
3.911432280000000,0,3,0x00,0x00,0x00,#000000
3.911459970000000,0,4,0x00,0x00,0x00,#000000
3.911487660000000,0,5,0x00,0x00,0x00,#000000
3.911515360000000,0,6,0x00,0x00,0x00,#000000
3.911543050000000,0,7,0x00,0x00,0x00,#000000
3.911570750000000,0,8,0x00,0x00,0x00,#000000
3.911598440000000,0,9,0x00,0x00,0x00,#000000
3.911626130000000,0,10,0x00,0x00,0x00,#000000
3.911653830000000,0,11,0x00,0x00,0x00,#000000
3.911681520000000,0,12,0x00,0x00,0x00,#000000
3.911709210000000,0,13,0x00,0x00,0x00,#000000
3.911736900000000,0,14,0x00,0x00,0x00,#000000
3.911764600000000,0,15,0x00,0x00,0x00,#000000
3.922350110000000,0,0,0x7E,0x00,0x00,#7e0000
3.922377800000000,0,1,0x00,0x00,0x00,#000000
3.922405490000000,0,2,0x00,0x00,0x00,#000000
3.922433190000000,0,3,0x00,0x00,0x00,#000000
3.922460880000000,0,4,0x00,0x00,0x00,#000000
3.922488570000000,0,5,0x00,0x00,0x00,#000000
3.922516270000000,0,6,0x00,0x00,0x00,#000000
3.922543960000000,0,7,0x00,0x00,0x00,#000000
3.922571650000000,0,8,0x00,0x00,0x00,#000000
3.922599340000000,0,9,0x00,0x00,0x00,#000000
3.922627040000000,0,10,0x00,0x00,0x00,#000000
3.922654730000000,0,11,0x00,0x00,0x00,#000000
3.922682430000000,0,12,0x00,0x00,0x00,#000000
3.922710110000000,0,13,0x00,0x00,0x00,#000000
3.922737810000000,0,14,0x00,0x00,0x00,#000000
3.922765500000000,0,15,0x00,0x00,0x00,#000000
3.933247310000000,0,0,0x7E,0x00,0x00,#7e0000
3.933275000000000,0,1,0x00,0x00,0x00,#000000
3.933302700000000,0,2,0x00,0x00,0x00,#000000
3.933330390000000,0,3,0x00,0x00,0x00,#000000
3.933358080000000,0,4,0x00,0x00,0x00,#000000
3.933385780000000,0,5,0x00,0x00,0x00,#000000
3.933413470000000,0,6,0x00,0x00,0x00,#000000
3.933441160000000,0,7,0x00,0x00,0x00,#000000
3.933468850000000,0,8,0x00,0x00,0x00,#000000
3.933496550000000,0,9,0x00,0x00,0x00,#000000
3.933524240000000,0,10,0x00,0x00,0x00,#000000
3.933551940000000,0,11,0x00,0x00,0x00,#000000
3.933579620000000,0,12,0x00,0x00,0x00,#000000
3.933607320000000,0,13,0x00,0x00,0x00,#000000
3.933635010000000,0,14,0x00,0x00,0x00,#000000
3.933662710000000,0,15,0x00,0x00,0x00,#000000
3.944358610000000,0,0,0x7E,0x00,0x00,#7e0000
3.944386290000000,0,1,0x00,0x00,0x00,#000000
3.944413990000000,0,2,0x00,0x00,0x00,#000000
3.944441680000000,0,3,0x00,0x00,0x00,#000000
3.944469380000000,0,4,0x00,0x00,0x00,#000000
3.944497070000000,0,5,0x00,0x00,0x00,#000000
3.944524760000000,0,6,0x00,0x00,0x00,#000000
3.944552460000000,0,7,0x00,0x00,0x00,#000000
3.944580150000000,0,8,0x00,0x00,0x00,#000000
3.944607840000000,0,9,0x00,0x00,0x00,#000000
3.944635530000000,0,10,0x00,0x00,0x00,#000000
3.944663230000000,0,11,0x00,0x00,0x00,#000000
3.944690920000000,0,12,0x00,0x00,0x00,#000000
3.944718620000000,0,13,0x00,0x00,0x00,#000000
3.944746300000000,0,14,0x00,0x00,0x00,#000000
3.944774000000000,0,15,0x00,0x00,0x00,#000000
3.955348020000000,0,0,0x7E,0x00,0x00,#7e0000
3.955375710000000,0,1,0x00,0x00,0x00,#000000
3.955403410000000,0,2,0x00,0x00,0x00,#000000
3.955431100000000,0,3,0x00,0x00,0x00,#000000
3.955458790000000,0,4,0x00,0x00,0x00,#000000
3.955486490000000,0,5,0x00,0x00,0x00,#000000
3.955514180000000,0,6,0x00,0x00,0x00,#000000
3.955541870000000,0,7,0x00,0x00,0x00,#000000
3.955569560000000,0,8,0x00,0x00,0x00,#000000
3.955597260000000,0,9,0x00,0x00,0x00,#000000
3.955624950000000,0,10,0x00,0x00,0x00,#000000
3.955652650000000,0,11,0x00,0x00,0x00,#000000
3.955680330000000,0,12,0x00,0x00,0x00,#000000
3.955708030000000,0,13,0x00,0x00,0x00,#000000
3.955735720000000,0,14,0x00,0x00,0x00,#000000
3.955763420000000,0,15,0x00,0x00,0x00,#000000
3.966248160000000,0,0,0x7E,0x00,0x00,#7e0000
3.966275850000000,0,1,0x00,0x00,0x00,#000000
3.966303540000000,0,2,0x00,0x00,0x00,#000000
3.966331230000000,0,3,0x00,0x00,0x00,#000000
3.966358930000000,0,4,0x00,0x00,0x00,#000000
3.966386620000000,0,5,0x00,0x00,0x00,#000000
3.966414310000000,0,6,0x00,0x00,0x00,#000000
3.966442000000000,0,7,0x00,0x00,0x00,#000000
3.966469700000000,0,8,0x00,0x00,0x00,#000000
3.966497390000000,0,9,0x00,0x00,0x00,#000000
3.966525090000000,0,10,0x00,0x00,0x00,#000000
3.966552780000000,0,11,0x00,0x00,0x00,#000000
3.966580470000000,0,12,0x00,0x00,0x00,#000000
3.966608160000000,0,13,0x00,0x00,0x00,#000000
3.966635860000000,0,14,0x00,0x00,0x00,#000000
3.966663550000000,0,15,0x00,0x00,0x00,#000000
3.977431850000000,0,0,0x7E,0x00,0x00,#7e0000
3.977459550000000,0,1,0x00,0x00,0x00,#000000
3.977487240000000,0,2,0x00,0x00,0x00,#000000
3.977514940000000,0,3,0x00,0x00,0x00,#000000
3.977542620000000,0,4,0x00,0x00,0x00,#000000
3.977570320000000,0,5,0x00,0x00,0x00,#000000
3.977598010000000,0,6,0x00,0x00,0x00,#000000
3.977625710000000,0,7,0x00,0x00,0x00,#000000
3.977653400000000,0,8,0x00,0x00,0x00,#000000
3.977681090000000,0,9,0x00,0x00,0x00,#000000
3.977708790000000,0,10,0x00,0x00,0x00,#000000
3.977736480000000,0,11,0x00,0x00,0x00,#000000
3.977764170000000,0,12,0x00,0x00,0x00,#000000
3.977791860000000,0,13,0x00,0x00,0x00,#000000
3.977819560000000,0,14,0x00,0x00,0x00,#000000
3.977847250000000,0,15,0x00,0x00,0x00,#000000
3.988343910000000,0,0,0x7E,0x00,0x00,#7e0000
3.988371610000000,0,1,0x00,0x00,0x00,#000000
3.988399300000000,0,2,0x00,0x00,0x00,#000000
3.988426990000000,0,3,0x00,0x00,0x00,#000000
3.988454690000000,0,4,0x00,0x00,0x00,#000000
3.988482380000000,0,5,0x00,0x00,0x00,#000000
3.988510070000000,0,6,0x00,0x00,0x00,#000000
3.988537760000000,0,7,0x00,0x00,0x00,#000000
3.988565460000000,0,8,0x00,0x00,0x00,#000000
3.988593150000000,0,9,0x00,0x00,0x00,#000000
3.988620850000000,0,10,0x00,0x00,0x00,#000000
3.988648530000000,0,11,0x00,0x00,0x00,#000000
3.988676230000000,0,12,0x00,0x00,0x00,#000000
3.988703920000000,0,13,0x00,0x00,0x00,#000000
3.988731620000000,0,14,0x00,0x00,0x00,#000000
3.988759310000000,0,15,0x00,0x00,0x00,#000000
3.999249000000000,0,0,0x7E,0x00,0x00,#7e0000
3.999276690000000,0,1,0x00,0x00,0x00,#000000
3.999304390000000,0,2,0x00,0x00,0x00,#000000
3.999332080000000,0,3,0x00,0x00,0x00,#000000
3.999359770000000,0,4,0x00,0x00,0x00,#000000
3.999387470000000,0,5,0x00,0x00,0x00,#000000
3.999415160000000,0,6,0x00,0x00,0x00,#000000
3.999442850000000,0,7,0x00,0x00,0x00,#000000
3.999470540000000,0,8,0x00,0x00,0x00,#000000
3.999498240000000,0,9,0x00,0x00,0x00,#000000
3.999525930000000,0,10,0x00,0x00,0x00,#000000
3.999553630000000,0,11,0x00,0x00,0x00,#000000
3.999581310000000,0,12,0x00,0x00,0x00,#000000
3.999609010000000,0,13,0x00,0x00,0x00,#000000
3.999636700000000,0,14,0x00,0x00,0x00,#000000
3.999664400000000,0,15,0x00,0x00,0x00,#000000
4.010348560000000,0,0,0x7E,0x00,0x00,#7e0000
4.010376250000000,0,1,0x00,0x00,0x00,#000000
4.010403950000000,0,2,0x00,0x00,0x00,#000000
4.010431640000000,0,3,0x00,0x00,0x00,#000000
4.010459340000000,0,4,0x00,0x00,0x00,#000000
4.010487030000000,0,5,0x00,0x00,0x00,#000000
4.010514720000000,0,6,0x00,0x00,0x00,#000000
4.010542410000000,0,7,0x00,0x00,0x00,#000000
4.010570110000000,0,8,0x00,0x00,0x00,#000000
4.010597800000000,0,9,0x00,0x00,0x00,#000000
4.010625490000000,0,10,0x00,0x00,0x00,#000000
4.010653180000000,0,11,0x00,0x00,0x00,#000000
4.010680880000000,0,12,0x00,0x00,0x00,#000000
4.010708570000000,0,13,0x00,0x00,0x00,#000000
4.010736260000000,0,14,0x00,0x00,0x00,#000000
4.010763960000000,0,15,0x00,0x00,0x00,#000000
4.021348990000000,0,0,0x7E,0x00,0x00,#7e0000
4.021376680000000,0,1,0x00,0x00,0x00,#000000
4.021404370000000,0,2,0x00,0x00,0x00,#000000
4.021432070000000,0,3,0x00,0x00,0x00,#000000
4.021459760000000,0,4,0x00,0x00,0x00,#000000
4.021487460000000,0,5,0x00,0x00,0x00,#000000
4.021515140000000,0,6,0x00,0x00,0x00,#000000
4.021542840000000,0,7,0x00,0x00,0x00,#000000
4.021570530000000,0,8,0x00,0x00,0x00,#000000
4.021598230000000,0,9,0x00,0x00,0x00,#000000
4.021625920000000,0,10,0x00,0x00,0x00,#000000
4.021653610000000,0,11,0x00,0x00,0x00,#000000
4.021681300000000,0,12,0x00,0x00,0x00,#000000
4.021709000000000,0,13,0x00,0x00,0x00,#000000
4.021736690000000,0,14,0x00,0x00,0x00,#000000
4.021764380000000,0,15,0x00,0x00,0x00,#000000
4.032249840000000,0,0,0x7E,0x00,0x00,#7e0000
4.032277540000000,0,1,0x00,0x00,0x00,#000000
4.032305230000000,0,2,0x00,0x00,0x00,#000000
4.032332920000000,0,3,0x00,0x00,0x00,#000000
4.032360620000000,0,4,0x00,0x00,0x00,#000000
4.032388310000000,0,5,0x00,0x00,0x00,#000000
4.032416000000000,0,6,0x00,0x00,0x00,#000000
4.032443690000000,0,7,0x00,0x00,0x00,#000000
4.032471390000000,0,8,0x00,0x00,0x00,#000000
4.032499080000000,0,9,0x00,0x00,0x00,#000000
4.032526780000000,0,10,0x00,0x00,0x00,#000000
4.032554470000000,0,11,0x00,0x00,0x00,#000000
4.032582160000000,0,12,0x00,0x00,0x00,#000000
4.032609850000000,0,13,0x00,0x00,0x00,#000000
4.032637550000000,0,14,0x00,0x00,0x00,#000000
4.032665240000000,0,15,0x00,0x00,0x00,#000000
4.043539510000000,0,0,0x7E,0x00,0x00,#7e0000
4.043567200000000,0,1,0x00,0x00,0x00,#000000
4.043594900000000,0,2,0x00,0x00,0x00,#000000
4.043622580000000,0,3,0x00,0x00,0x00,#000000
4.043650280000000,0,4,0x00,0x00,0x00,#000000
4.043677970000000,0,5,0x00,0x00,0x00,#000000
4.043705670000000,0,6,0x00,0x00,0x00,#000000
4.043733360000000,0,7,0x00,0x00,0x00,#000000
4.043761050000000,0,8,0x00,0x00,0x00,#000000
4.043788750000000,0,9,0x00,0x00,0x00,#000000
4.043816440000000,0,10,0x00,0x00,0x00,#000000
4.043844130000000,0,11,0x00,0x00,0x00,#000000
4.043871820000000,0,12,0x00,0x00,0x00,#000000
4.043899520000000,0,13,0x00,0x00,0x00,#000000
4.043927210000000,0,14,0x00,0x00,0x00,#000000
4.043954910000000,0,15,0x00,0x00,0x00,#000000
4.054347820000000,0,0,0x7E,0x00,0x00,#7e0000
4.054375500000000,0,1,0x00,0x00,0x00,#000000
4.054403200000000,0,2,0x00,0x00,0x00,#000000
4.054430890000000,0,3,0x00,0x00,0x00,#000000
4.054458590000000,0,4,0x00,0x00,0x00,#000000
4.054486280000000,0,5,0x00,0x00,0x00,#000000
4.054513970000000,0,6,0x00,0x00,0x00,#000000
4.054541660000000,0,7,0x00,0x00,0x00,#000000
4.054569360000000,0,8,0x00,0x00,0x00,#000000
4.054597050000000,0,9,0x00,0x00,0x00,#000000
4.054624740000000,0,10,0x00,0x00,0x00,#000000
4.054652440000000,0,11,0x00,0x00,0x00,#000000
4.054680130000000,0,12,0x00,0x00,0x00,#000000
4.054707820000000,0,13,0x00,0x00,0x00,#000000
4.054735510000000,0,14,0x00,0x00,0x00,#000000
4.054763210000000,0,15,0x00,0x00,0x00,#000000
4.065250690000000,0,0,0x7E,0x00,0x00,#7e0000
4.065278380000000,0,1,0x00,0x00,0x00,#000000
4.065306080000000,0,2,0x00,0x00,0x00,#000000
4.065333770000000,0,3,0x00,0x00,0x00,#000000
4.065361460000000,0,4,0x00,0x00,0x00,#000000
4.065389150000000,0,5,0x00,0x00,0x00,#000000
4.065416850000000,0,6,0x00,0x00,0x00,#000000
4.065444540000000,0,7,0x00,0x00,0x00,#000000
4.065472230000000,0,8,0x00,0x00,0x00,#000000
4.065499930000000,0,9,0x00,0x00,0x00,#000000
4.065527620000000,0,10,0x00,0x00,0x00,#000000
4.065555310000000,0,11,0x00,0x00,0x00,#000000
4.065583000000000,0,12,0x00,0x00,0x00,#000000
4.065610700000000,0,13,0x00,0x00,0x00,#000000
4.065638390000000,0,14,0x00,0x00,0x00,#000000
4.065666090000000,0,15,0x00,0x00,0x00,#000000
4.076358520000000,0,0,0x7E,0x00,0x00,#7e0000
4.076386220000000,0,1,0x00,0x00,0x00,#000000
4.076413910000000,0,2,0x00,0x00,0x00,#000000
4.076441600000000,0,3,0x00,0x00,0x00,#000000
4.076469290000000,0,4,0x00,0x00,0x00,#000000
4.076496990000000,0,5,0x00,0x00,0x00,#000000
4.076524680000000,0,6,0x00,0x00,0x00,#000000
4.076552370000000,0,7,0x00,0x00,0x00,#000000
4.076580070000000,0,8,0x00,0x00,0x00,#000000
4.076607760000000,0,9,0x00,0x00,0x00,#000000
4.076635450000000,0,10,0x00,0x00,0x00,#000000
4.076663140000000,0,11,0x00,0x00,0x00,#000000
4.076690840000000,0,12,0x00,0x00,0x00,#000000
4.076718530000000,0,13,0x00,0x00,0x00,#000000
4.076746230000000,0,14,0x00,0x00,0x00,#000000
4.076773910000000,0,15,0x00,0x00,0x00,#000000
4.087345390000000,0,0,0x7E,0x00,0x00,#7e0000
4.087373080000000,0,1,0x00,0x00,0x00,#000000
4.087400770000000,0,2,0x00,0x00,0x00,#000000
4.087428470000000,0,3,0x00,0x00,0x00,#000000
4.087456160000000,0,4,0x00,0x00,0x00,#000000
4.087483850000000,0,5,0x00,0x00,0x00,#000000
4.087511550000000,0,6,0x00,0x00,0x00,#000000
4.087539240000000,0,7,0x00,0x00,0x00,#000000
4.087566930000000,0,8,0x00,0x00,0x00,#000000
4.087594630000000,0,9,0x00,0x00,0x00,#000000
4.087622320000000,0,10,0x00,0x00,0x00,#000000
4.087650010000000,0,11,0x00,0x00,0x00,#000000
4.087677710000000,0,12,0x00,0x00,0x00,#000000
4.087705400000000,0,13,0x00,0x00,0x00,#000000
4.087733090000000,0,14,0x00,0x00,0x00,#000000
4.087760780000000,0,15,0x00,0x00,0x00,#000000
4.098251530000000,0,0,0x7E,0x00,0x00,#7e0000
4.098279230000000,0,1,0x00,0x00,0x00,#000000
4.098306920000000,0,2,0x00,0x00,0x00,#000000
4.098334610000000,0,3,0x00,0x00,0x00,#000000
4.098362300000000,0,4,0x00,0x00,0x00,#000000
4.098390000000000,0,5,0x00,0x00,0x00,#000000
4.098417690000000,0,6,0x00,0x00,0x00,#000000
4.098445380000000,0,7,0x00,0x00,0x00,#000000
4.098473080000000,0,8,0x00,0x00,0x00,#000000
4.098500770000000,0,9,0x00,0x00,0x00,#000000
4.098528470000000,0,10,0x00,0x00,0x00,#000000
4.098556160000000,0,11,0x00,0x00,0x00,#000000
4.098583850000000,0,12,0x00,0x00,0x00,#000000
4.098611540000000,0,13,0x00,0x00,0x00,#000000
4.098639240000000,0,14,0x00,0x00,0x00,#000000
4.098666930000000,0,15,0x00,0x00,0x00,#000000
4.109355140000000,0,0,0x7E,0x00,0x00,#7e0000
4.109382830000000,0,1,0x00,0x00,0x00,#000000
4.109410520000000,0,2,0x00,0x00,0x00,#000000
4.109438210000000,0,3,0x00,0x00,0x00,#000000
4.109465910000000,0,4,0x00,0x00,0x00,#000000
4.109493600000000,0,5,0x00,0x00,0x00,#000000
4.109521290000000,0,6,0x00,0x00,0x00,#000000
4.109548980000000,0,7,0x00,0x00,0x00,#000000
4.109576680000000,0,8,0x00,0x00,0x00,#000000
4.109604370000000,0,9,0x00,0x00,0x00,#000000
4.109632070000000,0,10,0x00,0x00,0x00,#000000
4.109659760000000,0,11,0x00,0x00,0x00,#000000
4.109687450000000,0,12,0x00,0x00,0x00,#000000
4.109715140000000,0,13,0x00,0x00,0x00,#000000
4.109742840000000,0,14,0x00,0x00,0x00,#000000
4.109770530000000,0,15,0x00,0x00,0x00,#000000
4.120351720000000,0,0,0x7E,0x00,0x00,#7e0000
4.120379410000000,0,1,0x00,0x00,0x00,#000000
4.120407100000000,0,2,0x00,0x00,0x00,#000000
4.120434790000000,0,3,0x00,0x00,0x00,#000000
4.120462490000000,0,4,0x00,0x00,0x00,#000000
4.120490180000000,0,5,0x00,0x00,0x00,#000000
4.120517870000000,0,6,0x00,0x00,0x00,#000000
4.120545570000000,0,7,0x00,0x00,0x00,#000000
4.120573260000000,0,8,0x00,0x00,0x00,#000000
4.120600950000000,0,9,0x00,0x00,0x00,#000000
4.120628640000000,0,10,0x00,0x00,0x00,#000000
4.120656340000000,0,11,0x00,0x00,0x00,#000000
4.120684030000000,0,12,0x00,0x00,0x00,#000000
4.120711730000000,0,13,0x00,0x00,0x00,#000000
4.120739410000000,0,14,0x00,0x00,0x00,#000000
4.120767110000000,0,15,0x00,0x00,0x00,#000000
4.131252380000000,0,0,0x7E,0x00,0x00,#7e0000
4.131280070000000,0,1,0x00,0x00,0x00,#000000
4.131307770000000,0,2,0x00,0x00,0x00,#000000
4.131335450000000,0,3,0x00,0x00,0x00,#000000
4.131363150000000,0,4,0x00,0x00,0x00,#000000
4.131390840000000,0,5,0x00,0x00,0x00,#000000
4.131418540000000,0,6,0x00,0x00,0x00,#000000
4.131446230000000,0,7,0x00,0x00,0x00,#000000
4.131473920000000,0,8,0x00,0x00,0x00,#000000
4.131501620000000,0,9,0x00,0x00,0x00,#000000
4.131529310000000,0,10,0x00,0x00,0x00,#000000
4.131557000000000,0,11,0x00,0x00,0x00,#000000
4.131584690000000,0,12,0x00,0x00,0x00,#000000
4.131612390000000,0,13,0x00,0x00,0x00,#000000
4.131640080000000,0,14,0x00,0x00,0x00,#000000
4.131667780000000,0,15,0x00,0x00,0x00,#000000
4.142360110000000,0,0,0x7E,0x00,0x00,#7e0000
4.142387810000000,0,1,0x00,0x00,0x00,#000000
4.142415500000000,0,2,0x00,0x00,0x00,#000000
4.142443190000000,0,3,0x00,0x00,0x00,#000000
4.142470880000000,0,4,0x00,0x00,0x00,#000000
4.142498580000000,0,5,0x00,0x00,0x00,#000000
4.142526270000000,0,6,0x00,0x00,0x00,#000000
4.142553970000000,0,7,0x00,0x00,0x00,#000000
4.142581660000000,0,8,0x00,0x00,0x00,#000000
4.142609350000000,0,9,0x00,0x00,0x00,#000000
4.142637040000000,0,10,0x00,0x00,0x00,#000000
4.142664740000000,0,11,0x00,0x00,0x00,#000000
4.142692430000000,0,12,0x00,0x00,0x00,#000000
4.142720120000000,0,13,0x00,0x00,0x00,#000000
4.142747820000000,0,14,0x00,0x00,0x00,#000000
4.142775510000000,0,15,0x00,0x00,0x00,#000000
4.153352460000000,0,0,0x7E,0x00,0x00,#7e0000
4.153380160000000,0,1,0x00,0x00,0x00,#000000
4.153407850000000,0,2,0x00,0x00,0x00,#000000
4.153435540000000,0,3,0x00,0x00,0x00,#000000
4.153463230000000,0,4,0x00,0x00,0x00,#000000
4.153490930000000,0,5,0x00,0x00,0x00,#000000
4.153518620000000,0,6,0x00,0x00,0x00,#000000
4.153546320000000,0,7,0x00,0x00,0x00,#000000
4.153574000000000,0,8,0x00,0x00,0x00,#000000
4.153601700000000,0,9,0x00,0x00,0x00,#000000
4.153629390000000,0,10,0x00,0x00,0x00,#000000
4.153657090000000,0,11,0x00,0x00,0x00,#000000
4.153684780000000,0,12,0x00,0x00,0x00,#000000
4.153712470000000,0,13,0x00,0x00,0x00,#000000
4.153740170000000,0,14,0x00,0x00,0x00,#000000
4.153767860000000,0,15,0x00,0x00,0x00,#000000
4.164253220000000,0,0,0x7E,0x00,0x00,#7e0000
4.164280920000000,0,1,0x00,0x00,0x00,#000000
4.164308610000000,0,2,0x00,0x00,0x00,#000000
4.164336300000000,0,3,0x00,0x00,0x00,#000000
4.164363990000000,0,4,0x00,0x00,0x00,#000000
4.164391690000000,0,5,0x00,0x00,0x00,#000000
4.164419380000000,0,6,0x00,0x00,0x00,#000000
4.164447070000000,0,7,0x00,0x00,0x00,#000000
4.164474770000000,0,8,0x00,0x00,0x00,#000000
4.164502460000000,0,9,0x00,0x00,0x00,#000000
4.164530150000000,0,10,0x00,0x00,0x00,#000000
4.164557850000000,0,11,0x00,0x00,0x00,#000000
4.164585540000000,0,12,0x00,0x00,0x00,#000000
4.164613230000000,0,13,0x00,0x00,0x00,#000000
4.164640930000000,0,14,0x00,0x00,0x00,#000000
4.164668620000000,0,15,0x00,0x00,0x00,#000000
4.175361970000000,0,0,0x7E,0x00,0x00,#7e0000
4.175389660000000,0,1,0x00,0x00,0x00,#000000
4.175417350000000,0,2,0x00,0x00,0x00,#000000
4.175445050000000,0,3,0x00,0x00,0x00,#000000
4.175472740000000,0,4,0x00,0x00,0x00,#000000
4.175500430000000,0,5,0x00,0x00,0x00,#000000
4.175528130000000,0,6,0x00,0x00,0x00,#000000
4.175555820000000,0,7,0x00,0x00,0x00,#000000
4.175583510000000,0,8,0x00,0x00,0x00,#000000
4.175611210000000,0,9,0x00,0x00,0x00,#000000
4.175638900000000,0,10,0x00,0x00,0x00,#000000
4.175666590000000,0,11,0x00,0x00,0x00,#000000
4.175694280000000,0,12,0x00,0x00,0x00,#000000
4.175721980000000,0,13,0x00,0x00,0x00,#000000
4.175749670000000,0,14,0x00,0x00,0x00,#000000
4.175777360000000,0,15,0x00,0x00,0x00,#000000
4.186351340000000,0,0,0x7E,0x00,0x00,#7e0000
4.186379030000000,0,1,0x00,0x00,0x00,#000000
4.186406720000000,0,2,0x00,0x00,0x00,#000000
4.186434410000000,0,3,0x00,0x00,0x00,#000000
4.186462110000000,0,4,0x00,0x00,0x00,#000000
4.186489800000000,0,5,0x00,0x00,0x00,#000000
4.186517490000000,0,6,0x00,0x00,0x00,#000000
4.186545190000000,0,7,0x00,0x00,0x00,#000000
4.186572880000000,0,8,0x00,0x00,0x00,#000000
4.186600580000000,0,9,0x00,0x00,0x00,#000000
4.186628260000000,0,10,0x00,0x00,0x00,#000000
4.186655960000000,0,11,0x00,0x00,0x00,#000000
4.186683650000000,0,12,0x00,0x00,0x00,#000000
4.186711350000000,0,13,0x00,0x00,0x00,#000000
4.186739040000000,0,14,0x00,0x00,0x00,#000000
4.186766730000000,0,15,0x00,0x00,0x00,#000000
4.197254160000000,0,0,0x7E,0x00,0x00,#7e0000
4.197281850000000,0,1,0x00,0x00,0x00,#000000
4.197309550000000,0,2,0x00,0x00,0x00,#000000
4.197337240000000,0,3,0x00,0x00,0x00,#000000
4.197364940000000,0,4,0x00,0x00,0x00,#000000
4.197392630000000,0,5,0x00,0x00,0x00,#000000
4.197420320000000,0,6,0x00,0x00,0x00,#000000
4.197448020000000,0,7,0x00,0x00,0x00,#000000
4.197475710000000,0,8,0x00,0x00,0x00,#000000
4.197503400000000,0,9,0x00,0x00,0x00,#000000
4.197531090000000,0,10,0x00,0x00,0x00,#000000
4.197558790000000,0,11,0x00,0x00,0x00,#000000
4.197586480000000,0,12,0x00,0x00,0x00,#000000
4.197614170000000,0,13,0x00,0x00,0x00,#000000
4.197641860000000,0,14,0x00,0x00,0x00,#000000
4.197669560000000,0,15,0x00,0x00,0x00,#000000
4.208353730000000,0,0,0x7E,0x00,0x00,#7e0000
4.208381420000000,0,1,0x00,0x00,0x00,#000000
4.208409110000000,0,2,0x00,0x00,0x00,#000000
4.208436800000000,0,3,0x00,0x00,0x00,#000000
4.208464500000000,0,4,0x00,0x00,0x00,#000000
4.208492190000000,0,5,0x00,0x00,0x00,#000000
4.208519890000000,0,6,0x00,0x00,0x00,#000000
4.208547570000000,0,7,0x00,0x00,0x00,#000000
4.208575270000000,0,8,0x00,0x00,0x00,#000000
4.208602960000000,0,9,0x00,0x00,0x00,#000000
4.208630660000000,0,10,0x00,0x00,0x00,#000000
4.208658350000000,0,11,0x00,0x00,0x00,#000000
4.208686040000000,0,12,0x00,0x00,0x00,#000000
4.208713730000000,0,13,0x00,0x00,0x00,#000000
4.208741430000000,0,14,0x00,0x00,0x00,#000000
4.208769120000000,0,15,0x00,0x00,0x00,#000000
4.219352560000000,0,0,0x7E,0x00,0x00,#7e0000
4.219380260000000,0,1,0x00,0x00,0x00,#000000
4.219407950000000,0,2,0x00,0x00,0x00,#000000
4.219435650000000,0,3,0x00,0x00,0x00,#000000
4.219463340000000,0,4,0x00,0x00,0x00,#000000
4.219491030000000,0,5,0x00,0x00,0x00,#000000
4.219518720000000,0,6,0x00,0x00,0x00,#000000
4.219546420000000,0,7,0x00,0x00,0x00,#000000
4.219574110000000,0,8,0x00,0x00,0x00,#000000
4.219601800000000,0,9,0x00,0x00,0x00,#000000
4.219629500000000,0,10,0x00,0x00,0x00,#000000
4.219657190000000,0,11,0x00,0x00,0x00,#000000
4.219684880000000,0,12,0x00,0x00,0x00,#000000
4.219712570000000,0,13,0x00,0x00,0x00,#000000
4.219740270000000,0,14,0x00,0x00,0x00,#000000
4.219767960000000,0,15,0x00,0x00,0x00,#000000
4.230255590000000,0,0,0x7E,0x00,0x00,#7e0000
4.230283280000000,0,1,0x00,0x00,0x00,#000000
4.230310970000000,0,2,0x00,0x00,0x00,#000000
4.230338660000000,0,3,0x00,0x00,0x00,#000000
4.230366360000000,0,4,0x00,0x00,0x00,#000000
4.230394050000000,0,5,0x00,0x00,0x00,#000000
4.230421740000000,0,6,0x00,0x00,0x00,#000000
4.230449430000000,0,7,0x00,0x00,0x00,#000000
4.230477130000000,0,8,0x00,0x00,0x00,#000000
4.230504820000000,0,9,0x00,0x00,0x00,#000000
4.230532510000000,0,10,0x00,0x00,0x00,#000000
4.230560210000000,0,11,0x00,0x00,0x00,#000000
4.230587900000000,0,12,0x00,0x00,0x00,#000000
4.230615600000000,0,13,0x00,0x00,0x00,#000000
4.230643290000000,0,14,0x00,0x00,0x00,#000000
4.230670980000000,0,15,0x00,0x00,0x00,#000000
4.241365820000000,0,0,0x7E,0x00,0x00,#7e0000
4.241393510000000,0,1,0x00,0x00,0x00,#000000
4.241421210000000,0,2,0x00,0x00,0x00,#000000
4.241448900000000,0,3,0x00,0x00,0x00,#000000
4.241476590000000,0,4,0x00,0x00,0x00,#000000
4.241504290000000,0,5,0x00,0x00,0x00,#000000
4.241531980000000,0,6,0x00,0x00,0x00,#000000
4.241559670000000,0,7,0x00,0x00,0x00,#000000
4.241587360000000,0,8,0x00,0x00,0x00,#000000
4.241615060000000,0,9,0x00,0x00,0x00,#000000
4.241642750000000,0,10,0x00,0x00,0x00,#000000
4.241670450000000,0,11,0x00,0x00,0x00,#000000
4.241698130000000,0,12,0x00,0x00,0x00,#000000
4.241725830000000,0,13,0x00,0x00,0x00,#000000
4.241753520000000,0,14,0x00,0x00,0x00,#000000
4.241781220000000,0,15,0x00,0x00,0x00,#000000
4.252351780000000,0,0,0x7E,0x00,0x00,#7e0000
4.252379470000000,0,1,0x00,0x00,0x00,#000000
4.252407160000000,0,2,0x00,0x00,0x00,#000000
4.252434850000000,0,3,0x00,0x00,0x00,#000000
4.252462550000000,0,4,0x00,0x00,0x00,#000000
4.252490240000000,0,5,0x00,0x00,0x00,#000000
4.252517930000000,0,6,0x00,0x00,0x00,#000000
4.252545620000000,0,7,0x00,0x00,0x00,#000000
4.252573320000000,0,8,0x00,0x00,0x00,#000000
4.252601010000000,0,9,0x00,0x00,0x00,#000000
4.252628700000000,0,10,0x00,0x00,0x00,#000000
4.252656400000000,0,11,0x00,0x00,0x00,#000000
4.252684090000000,0,12,0x00,0x00,0x00,#000000
4.252711790000000,0,13,0x00,0x00,0x00,#000000
4.252739480000000,0,14,0x00,0x00,0x00,#000000
4.252767170000000,0,15,0x00,0x00,0x00,#000000
4.263255760000000,0,0,0x7E,0x00,0x00,#7e0000
4.263283450000000,0,1,0x00,0x00,0x00,#000000
4.263311140000000,0,2,0x00,0x00,0x00,#000000
4.263338830000000,0,3,0x00,0x00,0x00,#000000
4.263366530000000,0,4,0x00,0x00,0x00,#000000
4.263394220000000,0,5,0x00,0x00,0x00,#000000
4.263421920000000,0,6,0x00,0x00,0x00,#000000
4.263449600000000,0,7,0x00,0x00,0x00,#000000
4.263477300000000,0,8,0x00,0x00,0x00,#000000
4.263504990000000,0,9,0x00,0x00,0x00,#000000
4.263532690000000,0,10,0x00,0x00,0x00,#000000
4.263560380000000,0,11,0x00,0x00,0x00,#000000
4.263588070000000,0,12,0x00,0x00,0x00,#000000
4.263615760000000,0,13,0x00,0x00,0x00,#000000
4.263643460000000,0,14,0x00,0x00,0x00,#000000
4.263671150000000,0,15,0x00,0x00,0x00,#000000
4.274353350000000,0,0,0x7E,0x00,0x00,#7e0000
4.274381040000000,0,1,0x00,0x00,0x00,#000000
4.274408730000000,0,2,0x00,0x00,0x00,#000000
4.274436430000000,0,3,0x00,0x00,0x00,#000000
4.274464120000000,0,4,0x00,0x00,0x00,#000000
4.274491810000000,0,5,0x00,0x00,0x00,#000000
4.274519510000000,0,6,0x00,0x00,0x00,#000000
4.274547200000000,0,7,0x00,0x00,0x00,#000000
4.274574890000000,0,8,0x00,0x00,0x00,#000000
4.274602580000000,0,9,0x00,0x00,0x00,#000000
4.274630280000000,0,10,0x00,0x00,0x00,#000000
4.274657970000000,0,11,0x00,0x00,0x00,#000000
4.274685670000000,0,12,0x00,0x00,0x00,#000000
4.274713350000000,0,13,0x00,0x00,0x00,#000000
4.274741050000000,0,14,0x00,0x00,0x00,#000000
4.274768740000000,0,15,0x00,0x00,0x00,#000000
4.285278050000000,0,0,0x7E,0x00,0x00,#7e0000
4.285305740000000,0,1,0x00,0x00,0x00,#000000
4.285333440000000,0,2,0x00,0x00,0x00,#000000
4.285361130000000,0,3,0x00,0x00,0x00,#000000
4.285388820000000,0,4,0x00,0x00,0x00,#000000
4.285416520000000,0,5,0x00,0x00,0x00,#000000
4.285444210000000,0,6,0x00,0x00,0x00,#000000
4.285471900000000,0,7,0x00,0x00,0x00,#000000
4.285499590000000,0,8,0x00,0x00,0x00,#000000
4.285527290000000,0,9,0x00,0x00,0x00,#000000
4.285554980000000,0,10,0x00,0x00,0x00,#000000
4.285582670000000,0,11,0x00,0x00,0x00,#000000
4.285610360000000,0,12,0x00,0x00,0x00,#000000
4.285638060000000,0,13,0x00,0x00,0x00,#000000
4.285665750000000,0,14,0x00,0x00,0x00,#000000
4.285693450000000,0,15,0x00,0x00,0x00,#000000
4.296352570000000,0,0,0x7E,0x00,0x00,#7e0000
4.296380260000000,0,1,0x00,0x00,0x00,#000000
4.296407950000000,0,2,0x00,0x00,0x00,#000000
4.296435640000000,0,3,0x00,0x00,0x00,#000000
4.296463340000000,0,4,0x00,0x00,0x00,#000000
4.296491030000000,0,5,0x00,0x00,0x00,#000000
4.296518720000000,0,6,0x00,0x00,0x00,#000000
4.296546410000000,0,7,0x00,0x00,0x00,#000000
4.296574110000000,0,8,0x00,0x00,0x00,#000000
4.296601800000000,0,9,0x00,0x00,0x00,#000000
4.296629500000000,0,10,0x00,0x00,0x00,#000000
4.296657180000000,0,11,0x00,0x00,0x00,#000000
4.296684880000000,0,12,0x00,0x00,0x00,#000000
4.296712570000000,0,13,0x00,0x00,0x00,#000000
4.296740270000000,0,14,0x00,0x00,0x00,#000000
4.296767960000000,0,15,0x00,0x00,0x00,#000000
4.307370880000000,0,0,0x7E,0x00,0x00,#7e0000
4.307398570000000,0,1,0x00,0x00,0x00,#000000
4.307426260000000,0,2,0x00,0x00,0x00,#000000
4.307453950000000,0,3,0x00,0x00,0x00,#000000
4.307481650000000,0,4,0x00,0x00,0x00,#000000
4.307509340000000,0,5,0x00,0x00,0x00,#000000
4.307537030000000,0,6,0x00,0x00,0x00,#000000
4.307564730000000,0,7,0x00,0x00,0x00,#000000
4.307592420000000,0,8,0x00,0x00,0x00,#000000
4.307620110000000,0,9,0x00,0x00,0x00,#000000
4.307647800000000,0,10,0x00,0x00,0x00,#000000
4.307675500000000,0,11,0x00,0x00,0x00,#000000
4.307703190000000,0,12,0x00,0x00,0x00,#000000
4.307730890000000,0,13,0x00,0x00,0x00,#000000
4.307758570000000,0,14,0x00,0x00,0x00,#000000
4.307786270000000,0,15,0x00,0x00,0x00,#000000
4.318415200000000,0,0,0x7E,0x00,0x00,#7e0000
4.318442890000000,0,1,0x00,0x00,0x00,#000000
4.318470580000000,0,2,0x00,0x00,0x00,#000000
4.318498270000000,0,3,0x00,0x00,0x00,#000000
4.318525970000000,0,4,0x00,0x00,0x00,#000000
4.318553660000000,0,5,0x00,0x00,0x00,#000000
4.318581350000000,0,6,0x00,0x00,0x00,#000000
4.318609050000000,0,7,0x00,0x00,0x00,#000000
4.318636740000000,0,8,0x00,0x00,0x00,#000000
4.318664440000000,0,9,0x00,0x00,0x00,#000000
4.318692120000000,0,10,0x00,0x00,0x00,#000000
4.318719820000000,0,11,0x00,0x00,0x00,#000000
4.318747510000000,0,12,0x00,0x00,0x00,#000000
4.318775210000000,0,13,0x00,0x00,0x00,#000000
4.318802900000000,0,14,0x00,0x00,0x00,#000000
4.318830590000000,0,15,0x00,0x00,0x00,#000000
4.329803800000000,0,0,0x7E,0x00,0x00,#7e0000
4.329831500000000,0,1,0x00,0x00,0x00,#000000
4.329859190000000,0,2,0x00,0x00,0x00,#000000
4.329886890000000,0,3,0x00,0x00,0x00,#000000
4.329914580000000,0,4,0x00,0x00,0x00,#000000
4.329942270000000,0,5,0x00,0x00,0x00,#000000
4.329969960000000,0,6,0x00,0x00,0x00,#000000
4.329997660000000,0,7,0x00,0x00,0x00,#000000
4.330025350000000,0,8,0x00,0x00,0x00,#000000
4.330053040000000,0,9,0x00,0x00,0x00,#000000
4.330080730000000,0,10,0x00,0x00,0x00,#000000
4.330108430000000,0,11,0x00,0x00,0x00,#000000
4.330136120000000,0,12,0x00,0x00,0x00,#000000
4.330163810000000,0,13,0x00,0x00,0x00,#000000
4.330191510000000,0,14,0x00,0x00,0x00,#000000
4.330219200000000,0,15,0x00,0x00,0x00,#000000
4.340587640000000,0,0,0x7E,0x00,0x00,#7e0000
4.340615330000000,0,1,0x00,0x00,0x00,#000000
4.340643020000000,0,2,0x00,0x00,0x00,#000000
4.340670720000000,0,3,0x00,0x00,0x00,#000000
4.340698410000000,0,4,0x00,0x00,0x00,#000000
4.340726110000000,0,5,0x00,0x00,0x00,#000000
4.340753790000000,0,6,0x00,0x00,0x00,#000000
4.340781490000000,0,7,0x00,0x00,0x00,#000000
4.340809180000000,0,8,0x00,0x00,0x00,#000000
4.340836880000000,0,9,0x00,0x00,0x00,#000000
4.340864570000000,0,10,0x00,0x00,0x00,#000000
4.340892260000000,0,11,0x00,0x00,0x00,#000000
4.340919950000000,0,12,0x00,0x00,0x00,#000000
4.340947650000000,0,13,0x00,0x00,0x00,#000000
4.340975340000000,0,14,0x00,0x00,0x00,#000000
4.341003030000000,0,15,0x00,0x00,0x00,#000000
4.351353150000000,0,0,0x7E,0x00,0x00,#7e0000
4.351380850000000,0,1,0x00,0x00,0x00,#000000
4.351408540000000,0,2,0x00,0x00,0x00,#000000
4.351436230000000,0,3,0x00,0x00,0x00,#000000
4.351463920000000,0,4,0x00,0x00,0x00,#000000
4.351491620000000,0,5,0x00,0x00,0x00,#000000
4.351519310000000,0,6,0x00,0x00,0x00,#000000
4.351547010000000,0,7,0x00,0x00,0x00,#000000
4.351574700000000,0,8,0x00,0x00,0x00,#000000
4.351602390000000,0,9,0x00,0x00,0x00,#000000
4.351630080000000,0,10,0x00,0x00,0x00,#000000
4.351657780000000,0,11,0x00,0x00,0x00,#000000
4.351685470000000,0,12,0x00,0x00,0x00,#000000
4.351713160000000,0,13,0x00,0x00,0x00,#000000
4.351740860000000,0,14,0x00,0x00,0x00,#000000
4.351768550000000,0,15,0x00,0x00,0x00,#000000
4.362258290000000,0,0,0x7E,0x00,0x00,#7e0000
4.362285980000000,0,1,0x00,0x00,0x00,#000000
4.362313680000000,0,2,0x00,0x00,0x00,#000000
4.362341370000000,0,3,0x00,0x00,0x00,#000000
4.362369060000000,0,4,0x00,0x00,0x00,#000000
4.362396750000000,0,5,0x00,0x00,0x00,#000000
4.362424450000000,0,6,0x00,0x00,0x00,#000000
4.362452140000000,0,7,0x00,0x00,0x00,#000000
4.362479830000000,0,8,0x00,0x00,0x00,#000000
4.362507530000000,0,9,0x00,0x00,0x00,#000000
4.362535220000000,0,10,0x00,0x00,0x00,#000000
4.362562910000000,0,11,0x00,0x00,0x00,#000000
4.362590600000000,0,12,0x00,0x00,0x00,#000000
4.362618300000000,0,13,0x00,0x00,0x00,#000000
4.362645990000000,0,14,0x00,0x00,0x00,#000000
4.362673690000000,0,15,0x00,0x00,0x00,#000000
4.373360930000000,0,0,0x7E,0x00,0x00,#7e0000
4.373388620000000,0,1,0x00,0x00,0x00,#000000
4.373416320000000,0,2,0x00,0x00,0x00,#000000
4.373444010000000,0,3,0x00,0x00,0x00,#000000
4.373471700000000,0,4,0x00,0x00,0x00,#000000
4.373499390000000,0,5,0x00,0x00,0x00,#000000
4.373527090000000,0,6,0x00,0x00,0x00,#000000
4.373554780000000,0,7,0x00,0x00,0x00,#000000
4.373582470000000,0,8,0x00,0x00,0x00,#000000
4.373610170000000,0,9,0x00,0x00,0x00,#000000
4.373637860000000,0,10,0x00,0x00,0x00,#000000
4.373665550000000,0,11,0x00,0x00,0x00,#000000
4.373693240000000,0,12,0x00,0x00,0x00,#000000
4.373720940000000,0,13,0x00,0x00,0x00,#000000
4.373748630000000,0,14,0x00,0x00,0x00,#000000
4.373776330000000,0,15,0x00,0x00,0x00,#000000
4.384367550000000,0,0,0x7E,0x00,0x00,#7e0000
4.384395250000000,0,1,0x00,0x00,0x00,#000000
4.384422940000000,0,2,0x00,0x00,0x00,#000000
4.384450640000000,0,3,0x00,0x00,0x00,#000000
4.384478330000000,0,4,0x00,0x00,0x00,#000000
4.384506020000000,0,5,0x00,0x00,0x00,#000000
4.384533710000000,0,6,0x00,0x00,0x00,#000000
4.384561410000000,0,7,0x00,0x00,0x00,#000000
4.384589100000000,0,8,0x00,0x00,0x00,#000000
4.384616790000000,0,9,0x00,0x00,0x00,#000000
4.384644490000000,0,10,0x00,0x00,0x00,#000000
4.384672180000000,0,11,0x00,0x00,0x00,#000000
4.384699870000000,0,12,0x00,0x00,0x00,#000000
4.384727560000000,0,13,0x00,0x00,0x00,#000000
4.384755260000000,0,14,0x00,0x00,0x00,#000000
4.384782950000000,0,15,0x00,0x00,0x00,#000000
4.395259130000000,0,0,0x7E,0x00,0x00,#7e0000
4.395286830000000,0,1,0x00,0x00,0x00,#000000
4.395314520000000,0,2,0x00,0x00,0x00,#000000
4.395342210000000,0,3,0x00,0x00,0x00,#000000
4.395369900000000,0,4,0x00,0x00,0x00,#000000
4.395397600000000,0,5,0x00,0x00,0x00,#000000
4.395425290000000,0,6,0x00,0x00,0x00,#000000
4.395452980000000,0,7,0x00,0x00,0x00,#000000
4.395480680000000,0,8,0x00,0x00,0x00,#000000
4.395508370000000,0,9,0x00,0x00,0x00,#000000
4.395536060000000,0,10,0x00,0x00,0x00,#000000
4.395563760000000,0,11,0x00,0x00,0x00,#000000
4.395591450000000,0,12,0x00,0x00,0x00,#000000
4.395619140000000,0,13,0x00,0x00,0x00,#000000
4.395646840000000,0,14,0x00,0x00,0x00,#000000
4.395674530000000,0,15,0x00,0x00,0x00,#000000
4.406366010000000,0,0,0x7E,0x00,0x00,#7e0000
4.406393700000000,0,1,0x00,0x00,0x00,#000000
4.406421390000000,0,2,0x00,0x00,0x00,#000000
4.406449080000000,0,3,0x00,0x00,0x00,#000000
4.406476780000000,0,4,0x00,0x00,0x00,#000000
4.406504470000000,0,5,0x00,0x00,0x00,#000000
4.406532160000000,0,6,0x00,0x00,0x00,#000000
4.406559850000000,0,7,0x00,0x00,0x00,#000000
4.406587550000000,0,8,0x00,0x00,0x00,#000000
4.406615240000000,0,9,0x00,0x00,0x00,#000000
4.406642940000000,0,10,0x00,0x00,0x00,#000000
4.406670620000000,0,11,0x00,0x00,0x00,#000000
4.406698320000000,0,12,0x00,0x00,0x00,#000000
4.406726010000000,0,13,0x00,0x00,0x00,#000000
4.406753710000000,0,14,0x00,0x00,0x00,#000000
4.406781400000000,0,15,0x00,0x00,0x00,#000000
4.417356090000000,0,0,0x7E,0x00,0x00,#7e0000
4.417383790000000,0,1,0x00,0x00,0x00,#000000
4.417411480000000,0,2,0x00,0x00,0x00,#000000
4.417439170000000,0,3,0x00,0x00,0x00,#000000
4.417466860000000,0,4,0x00,0x00,0x00,#000000
4.417494560000000,0,5,0x00,0x00,0x00,#000000
4.417522250000000,0,6,0x00,0x00,0x00,#000000
4.417549950000000,0,7,0x00,0x00,0x00,#000000
4.417577630000000,0,8,0x00,0x00,0x00,#000000
4.417605330000000,0,9,0x00,0x00,0x00,#000000
4.417633020000000,0,10,0x00,0x00,0x00,#000000
4.417660720000000,0,11,0x00,0x00,0x00,#000000
4.417688410000000,0,12,0x00,0x00,0x00,#000000
4.417716100000000,0,13,0x00,0x00,0x00,#000000
4.417743790000000,0,14,0x00,0x00,0x00,#000000
4.417771490000000,0,15,0x00,0x00,0x00,#000000
4.428260650000000,0,0,0x7E,0x00,0x00,#7e0000
4.428288350000000,0,1,0x00,0x00,0x00,#000000
4.428316030000000,0,2,0x00,0x00,0x00,#000000
4.428343730000000,0,3,0x00,0x00,0x00,#000000
4.428371420000000,0,4,0x00,0x00,0x00,#000000
4.428399120000000,0,5,0x00,0x00,0x00,#000000
4.428426810000000,0,6,0x00,0x00,0x00,#000000
4.428454500000000,0,7,0x00,0x00,0x00,#000000
4.428482190000000,0,8,0x00,0x00,0x00,#000000
4.428509890000000,0,9,0x00,0x00,0x00,#000000
4.428537580000000,0,10,0x00,0x00,0x00,#000000
4.428565270000000,0,11,0x00,0x00,0x00,#000000
4.428592970000000,0,12,0x00,0x00,0x00,#000000
4.428620660000000,0,13,0x00,0x00,0x00,#000000
4.428648350000000,0,14,0x00,0x00,0x00,#000000
4.428676040000000,0,15,0x00,0x00,0x00,#000000
4.439369350000000,0,0,0x7E,0x00,0x00,#7e0000
4.439397040000000,0,1,0x00,0x00,0x00,#000000
4.439424730000000,0,2,0x00,0x00,0x00,#000000
4.439452430000000,0,3,0x00,0x00,0x00,#000000
4.439480120000000,0,4,0x00,0x00,0x00,#000000
4.439507810000000,0,5,0x00,0x00,0x00,#000000
4.439535510000000,0,6,0x00,0x00,0x00,#000000
4.439563200000000,0,7,0x00,0x00,0x00,#000000
4.439590890000000,0,8,0x00,0x00,0x00,#000000
4.439618590000000,0,9,0x00,0x00,0x00,#000000
4.439646280000000,0,10,0x00,0x00,0x00,#000000
4.439673970000000,0,11,0x00,0x00,0x00,#000000
4.439701660000000,0,12,0x00,0x00,0x00,#000000
4.439729360000000,0,13,0x00,0x00,0x00,#000000
4.439757050000000,0,14,0x00,0x00,0x00,#000000
4.439784740000000,0,15,0x00,0x00,0x00,#000000
4.450368090000000,0,0,0x7E,0x00,0x00,#7e0000
4.450395790000000,0,1,0x00,0x00,0x00,#000000
4.450423470000000,0,2,0x00,0x00,0x00,#000000
4.450451170000000,0,3,0x00,0x00,0x00,#000000
4.450478860000000,0,4,0x00,0x00,0x00,#000000
4.450506560000000,0,5,0x00,0x00,0x00,#000000
4.450534250000000,0,6,0x00,0x00,0x00,#000000
4.450561940000000,0,7,0x00,0x00,0x00,#000000
4.450589630000000,0,8,0x00,0x00,0x00,#000000
4.450617330000000,0,9,0x00,0x00,0x00,#000000
4.450645020000000,0,10,0x00,0x00,0x00,#000000
4.450672710000000,0,11,0x00,0x00,0x00,#000000
4.450700410000000,0,12,0x00,0x00,0x00,#000000
4.450728100000000,0,13,0x00,0x00,0x00,#000000
4.450755800000000,0,14,0x00,0x00,0x00,#000000
4.450783480000000,0,15,0x00,0x00,0x00,#000000
4.461260820000000,0,0,0x7E,0x00,0x00,#7e0000
4.461288510000000,0,1,0x00,0x00,0x00,#000000
4.461316210000000,0,2,0x00,0x00,0x00,#000000
4.461343900000000,0,3,0x00,0x00,0x00,#000000
4.461371590000000,0,4,0x00,0x00,0x00,#000000
4.461399290000000,0,5,0x00,0x00,0x00,#000000
4.461426980000000,0,6,0x00,0x00,0x00,#000000
4.461454670000000,0,7,0x00,0x00,0x00,#000000
4.461482360000000,0,8,0x00,0x00,0x00,#000000
4.461510060000000,0,9,0x00,0x00,0x00,#000000
4.461537750000000,0,10,0x00,0x00,0x00,#000000
4.461565450000000,0,11,0x00,0x00,0x00,#000000
4.461593140000000,0,12,0x00,0x00,0x00,#000000
4.461620830000000,0,13,0x00,0x00,0x00,#000000
4.461648520000000,0,14,0x00,0x00,0x00,#000000
4.461676220000000,0,15,0x00,0x00,0x00,#000000
4.472366250000000,0,0,0x7E,0x00,0x00,#7e0000
4.472393940000000,0,1,0x00,0x00,0x00,#000000
4.472421640000000,0,2,0x00,0x00,0x00,#000000
4.472449330000000,0,3,0x00,0x00,0x00,#000000
4.472477020000000,0,4,0x00,0x00,0x00,#000000
4.472504710000000,0,5,0x00,0x00,0x00,#000000
4.472532410000000,0,6,0x00,0x00,0x00,#000000
4.472560100000000,0,7,0x00,0x00,0x00,#000000
4.472587790000000,0,8,0x00,0x00,0x00,#000000
4.472615490000000,0,9,0x00,0x00,0x00,#000000
4.472643180000000,0,10,0x00,0x00,0x00,#000000
4.472670870000000,0,11,0x00,0x00,0x00,#000000
4.472698560000000,0,12,0x00,0x00,0x00,#000000
4.472726260000000,0,13,0x00,0x00,0x00,#000000
4.472753950000000,0,14,0x00,0x00,0x00,#000000
4.472781650000000,0,15,0x00,0x00,0x00,#000000
4.483365710000000,0,0,0x7E,0x00,0x00,#7e0000
4.483393410000000,0,1,0x00,0x00,0x00,#000000
4.483421100000000,0,2,0x00,0x00,0x00,#000000
4.483448790000000,0,3,0x00,0x00,0x00,#000000
4.483476480000000,0,4,0x00,0x00,0x00,#000000
4.483504180000000,0,5,0x00,0x00,0x00,#000000
4.483531870000000,0,6,0x00,0x00,0x00,#000000
4.483559570000000,0,7,0x00,0x00,0x00,#000000
4.483587260000000,0,8,0x00,0x00,0x00,#000000
4.483614950000000,0,9,0x00,0x00,0x00,#000000
4.483642640000000,0,10,0x00,0x00,0x00,#000000
4.483670340000000,0,11,0x00,0x00,0x00,#000000
4.483698030000000,0,12,0x00,0x00,0x00,#000000
4.483725720000000,0,13,0x00,0x00,0x00,#000000
4.483753410000000,0,14,0x00,0x00,0x00,#000000
4.483781110000000,0,15,0x00,0x00,0x00,#000000
4.494261660000000,0,0,0x7E,0x00,0x00,#7e0000
4.494289360000000,0,1,0x00,0x00,0x00,#000000
4.494317050000000,0,2,0x00,0x00,0x00,#000000
4.494344740000000,0,3,0x00,0x00,0x00,#000000
4.494372440000000,0,4,0x00,0x00,0x00,#000000
4.494400130000000,0,5,0x00,0x00,0x00,#000000
4.494427820000000,0,6,0x00,0x00,0x00,#000000
4.494455510000000,0,7,0x00,0x00,0x00,#000000
4.494483210000000,0,8,0x00,0x00,0x00,#000000
4.494510900000000,0,9,0x00,0x00,0x00,#000000
4.494538600000000,0,10,0x00,0x00,0x00,#000000
4.494566290000000,0,11,0x00,0x00,0x00,#000000
4.494593980000000,0,12,0x00,0x00,0x00,#000000
4.494621670000000,0,13,0x00,0x00,0x00,#000000
4.494649370000000,0,14,0x00,0x00,0x00,#000000
4.494677060000000,0,15,0x00,0x00,0x00,#000000
4.505369640000000,0,0,0x7E,0x00,0x00,#7e0000
4.505397340000000,0,1,0x00,0x00,0x00,#000000
4.505425020000000,0,2,0x00,0x00,0x00,#000000
4.505452720000000,0,3,0x00,0x00,0x00,#000000
4.505480410000000,0,4,0x00,0x00,0x00,#000000
4.505508110000000,0,5,0x00,0x00,0x00,#000000
4.505535800000000,0,6,0x00,0x00,0x00,#000000
4.505563490000000,0,7,0x00,0x00,0x00,#000000
4.505591190000000,0,8,0x00,0x00,0x00,#000000
4.505618880000000,0,9,0x00,0x00,0x00,#000000
4.505646570000000,0,10,0x00,0x00,0x00,#000000
4.505674260000000,0,11,0x00,0x00,0x00,#000000
4.505701960000000,0,12,0x00,0x00,0x00,#000000
4.505729650000000,0,13,0x00,0x00,0x00,#000000
4.505757350000000,0,14,0x00,0x00,0x00,#000000
4.505785030000000,0,15,0x00,0x00,0x00,#000000
4.516361560000000,0,0,0x7E,0x00,0x00,#7e0000
4.516389250000000,0,1,0x00,0x00,0x00,#000000
4.516416940000000,0,2,0x00,0x00,0x00,#000000
4.516444640000000,0,3,0x00,0x00,0x00,#000000
4.516472330000000,0,4,0x00,0x00,0x00,#000000
4.516500020000000,0,5,0x00,0x00,0x00,#000000
4.516527710000000,0,6,0x00,0x00,0x00,#000000
4.516555410000000,0,7,0x00,0x00,0x00,#000000
4.516583100000000,0,8,0x00,0x00,0x00,#000000
4.516610790000000,0,9,0x00,0x00,0x00,#000000
4.516638490000000,0,10,0x00,0x00,0x00,#000000
4.516666180000000,0,11,0x00,0x00,0x00,#000000
4.516693880000000,0,12,0x00,0x00,0x00,#000000
4.516721560000000,0,13,0x00,0x00,0x00,#000000
4.516749260000000,0,14,0x00,0x00,0x00,#000000
4.516776950000000,0,15,0x00,0x00,0x00,#000000
4.527263330000000,0,0,0x7E,0x00,0x00,#7e0000
4.527291020000000,0,1,0x00,0x00,0x00,#000000
4.527318710000000,0,2,0x00,0x00,0x00,#000000
4.527346400000000,0,3,0x00,0x00,0x00,#000000
4.527374100000000,0,4,0x00,0x00,0x00,#000000
4.527401790000000,0,5,0x00,0x00,0x00,#000000
4.527429480000000,0,6,0x00,0x00,0x00,#000000
4.527457180000000,0,7,0x00,0x00,0x00,#000000
4.527484870000000,0,8,0x00,0x00,0x00,#000000
4.527512560000000,0,9,0x00,0x00,0x00,#000000
4.527540260000000,0,10,0x00,0x00,0x00,#000000
4.527567950000000,0,11,0x00,0x00,0x00,#000000
4.527595640000000,0,12,0x00,0x00,0x00,#000000
4.527623340000000,0,13,0x00,0x00,0x00,#000000
4.527651030000000,0,14,0x00,0x00,0x00,#000000
4.527678720000000,0,15,0x00,0x00,0x00,#000000
4.538369570000000,0,0,0x7E,0x00,0x00,#7e0000
4.538397260000000,0,1,0x00,0x00,0x00,#000000
4.538424960000000,0,2,0x00,0x00,0x00,#000000
4.538452650000000,0,3,0x00,0x00,0x00,#000000
4.538480350000000,0,4,0x00,0x00,0x00,#000000
4.538508040000000,0,5,0x00,0x00,0x00,#000000
4.538535730000000,0,6,0x00,0x00,0x00,#000000
4.538563420000000,0,7,0x00,0x00,0x00,#000000
4.538591120000000,0,8,0x00,0x00,0x00,#000000
4.538618810000000,0,9,0x00,0x00,0x00,#000000
4.538646500000000,0,10,0x00,0x00,0x00,#000000
4.538674190000000,0,11,0x00,0x00,0x00,#000000
4.538701890000000,0,12,0x00,0x00,0x00,#000000
4.538729580000000,0,13,0x00,0x00,0x00,#000000
4.538757270000000,0,14,0x00,0x00,0x00,#000000
4.538784970000000,0,15,0x00,0x00,0x00,#000000
4.549716350000000,0,0,0x7E,0x00,0x00,#7e0000
4.549744050000000,0,1,0x00,0x00,0x00,#000000
4.549771740000000,0,2,0x00,0x00,0x00,#000000
4.549799430000000,0,3,0x00,0x00,0x00,#000000
4.549827120000000,0,4,0x00,0x00,0x00,#000000
4.549854820000000,0,5,0x00,0x00,0x00,#000000
4.549882510000000,0,6,0x00,0x00,0x00,#000000
4.549910210000000,0,7,0x00,0x00,0x00,#000000
4.549937890000000,0,8,0x00,0x00,0x00,#000000
4.549965590000000,0,9,0x00,0x00,0x00,#000000
4.549993280000000,0,10,0x00,0x00,0x00,#000000
4.550020980000000,0,11,0x00,0x00,0x00,#000000
4.550048670000000,0,12,0x00,0x00,0x00,#000000
4.550076360000000,0,13,0x00,0x00,0x00,#000000
4.550104050000000,0,14,0x00,0x00,0x00,#000000
4.550131750000000,0,15,0x00,0x00,0x00,#000000
4.560263350000000,0,0,0x7E,0x00,0x00,#7e0000
4.560291050000000,0,1,0x00,0x00,0x00,#000000
4.560318740000000,0,2,0x00,0x00,0x00,#000000
4.560346430000000,0,3,0x00,0x00,0x00,#000000
4.560374120000000,0,4,0x00,0x00,0x00,#000000
4.560401820000000,0,5,0x00,0x00,0x00,#000000
4.560429510000000,0,6,0x00,0x00,0x00,#000000
4.560457200000000,0,7,0x00,0x00,0x00,#000000
4.560484900000000,0,8,0x00,0x00,0x00,#000000
4.560512590000000,0,9,0x00,0x00,0x00,#000000
4.560540280000000,0,10,0x00,0x00,0x00,#000000
4.560567980000000,0,11,0x00,0x00,0x00,#000000
4.560595670000000,0,12,0x00,0x00,0x00,#000000
4.560623360000000,0,13,0x00,0x00,0x00,#000000
4.560651060000000,0,14,0x00,0x00,0x00,#000000
4.560678750000000,0,15,0x00,0x00,0x00,#000000
4.571362920000000,0,0,0x7E,0x00,0x00,#7e0000
4.571390600000000,0,1,0x00,0x00,0x00,#000000
4.571418300000000,0,2,0x00,0x00,0x00,#000000
4.571445990000000,0,3,0x00,0x00,0x00,#000000
4.571473690000000,0,4,0x00,0x00,0x00,#000000
4.571501380000000,0,5,0x00,0x00,0x00,#000000
4.571529070000000,0,6,0x00,0x00,0x00,#000000
4.571556770000000,0,7,0x00,0x00,0x00,#000000
4.571584460000000,0,8,0x00,0x00,0x00,#000000
4.571612150000000,0,9,0x00,0x00,0x00,#000000
4.571639840000000,0,10,0x00,0x00,0x00,#000000
4.571667540000000,0,11,0x00,0x00,0x00,#000000
4.571695230000000,0,12,0x00,0x00,0x00,#000000
4.571722930000000,0,13,0x00,0x00,0x00,#000000
4.571750610000000,0,14,0x00,0x00,0x00,#000000
4.571778310000000,0,15,0x00,0x00,0x00,#000000
4.582360170000000,0,0,0x7E,0x00,0x00,#7e0000
4.582387860000000,0,1,0x00,0x00,0x00,#000000
4.582415560000000,0,2,0x00,0x00,0x00,#000000
4.582443240000000,0,3,0x00,0x00,0x00,#000000
4.582470940000000,0,4,0x00,0x00,0x00,#000000
4.582498630000000,0,5,0x00,0x00,0x00,#000000
4.582526330000000,0,6,0x00,0x00,0x00,#000000
4.582554020000000,0,7,0x00,0x00,0x00,#000000
4.582581710000000,0,8,0x00,0x00,0x00,#000000
4.582609410000000,0,9,0x00,0x00,0x00,#000000
4.582637100000000,0,10,0x00,0x00,0x00,#000000
4.582664790000000,0,11,0x00,0x00,0x00,#000000
4.582692480000000,0,12,0x00,0x00,0x00,#000000
4.582720180000000,0,13,0x00,0x00,0x00,#000000
4.582747870000000,0,14,0x00,0x00,0x00,#000000
4.582775570000000,0,15,0x00,0x00,0x00,#000000
4.593264200000000,0,0,0x7E,0x00,0x00,#7e0000
4.593291890000000,0,1,0x00,0x00,0x00,#000000
4.593319580000000,0,2,0x00,0x00,0x00,#000000
4.593347270000000,0,3,0x00,0x00,0x00,#000000
4.593374970000000,0,4,0x00,0x00,0x00,#000000
4.593402660000000,0,5,0x00,0x00,0x00,#000000
4.593430360000000,0,6,0x00,0x00,0x00,#000000
4.593458040000000,0,7,0x00,0x00,0x00,#000000
4.593485740000000,0,8,0x00,0x00,0x00,#000000
4.593513430000000,0,9,0x00,0x00,0x00,#000000
4.593541130000000,0,10,0x00,0x00,0x00,#000000
4.593568820000000,0,11,0x00,0x00,0x00,#000000
4.593596510000000,0,12,0x00,0x00,0x00,#000000
4.593624210000000,0,13,0x00,0x00,0x00,#000000
4.593651900000000,0,14,0x00,0x00,0x00,#000000
4.593679590000000,0,15,0x00,0x00,0x00,#000000
4.604372990000000,0,0,0x7E,0x00,0x00,#7e0000
4.604400680000000,0,1,0x00,0x00,0x00,#000000
4.604428380000000,0,2,0x00,0x00,0x00,#000000
4.604456070000000,0,3,0x00,0x00,0x00,#000000
4.604483760000000,0,4,0x00,0x00,0x00,#000000
4.604511450000000,0,5,0x00,0x00,0x00,#000000
4.604539150000000,0,6,0x00,0x00,0x00,#000000
4.604566840000000,0,7,0x00,0x00,0x00,#000000
4.604594540000000,0,8,0x00,0x00,0x00,#000000
4.604622230000000,0,9,0x00,0x00,0x00,#000000
4.604649920000000,0,10,0x00,0x00,0x00,#000000
4.604677610000000,0,11,0x00,0x00,0x00,#000000
4.604705310000000,0,12,0x00,0x00,0x00,#000000
4.604733000000000,0,13,0x00,0x00,0x00,#000000
4.604760690000000,0,14,0x00,0x00,0x00,#000000
4.604788380000000,0,15,0x00,0x00,0x00,#000000
4.615360190000000,0,0,0x7E,0x00,0x00,#7e0000
4.615387890000000,0,1,0x00,0x00,0x00,#000000
4.615415580000000,0,2,0x00,0x00,0x00,#000000
4.615443280000000,0,3,0x00,0x00,0x00,#000000
4.615470960000000,0,4,0x00,0x00,0x00,#000000
4.615498660000000,0,5,0x00,0x00,0x00,#000000
4.615526350000000,0,6,0x00,0x00,0x00,#000000
4.615554050000000,0,7,0x00,0x00,0x00,#000000
4.615581740000000,0,8,0x00,0x00,0x00,#000000
4.615609430000000,0,9,0x00,0x00,0x00,#000000
4.615637120000000,0,10,0x00,0x00,0x00,#000000
4.615664820000000,0,11,0x00,0x00,0x00,#000000
4.615692510000000,0,12,0x00,0x00,0x00,#000000
4.615720200000000,0,13,0x00,0x00,0x00,#000000
4.615747900000000,0,14,0x00,0x00,0x00,#000000
4.615775590000000,0,15,0x00,0x00,0x00,#000000
4.626265720000000,0,0,0x7E,0x00,0x00,#7e0000
4.626293410000000,0,1,0x00,0x00,0x00,#000000
4.626321100000000,0,2,0x00,0x00,0x00,#000000
4.626348790000000,0,3,0x00,0x00,0x00,#000000
4.626376490000000,0,4,0x00,0x00,0x00,#000000
4.626404180000000,0,5,0x00,0x00,0x00,#000000
4.626431870000000,0,6,0x00,0x00,0x00,#000000
4.626459560000000,0,7,0x00,0x00,0x00,#000000
4.626487260000000,0,8,0x00,0x00,0x00,#000000
4.626514950000000,0,9,0x00,0x00,0x00,#000000
4.626542640000000,0,10,0x00,0x00,0x00,#000000
4.626570340000000,0,11,0x00,0x00,0x00,#000000
4.626598030000000,0,12,0x00,0x00,0x00,#000000
4.626625720000000,0,13,0x00,0x00,0x00,#000000
4.626653420000000,0,14,0x00,0x00,0x00,#000000
4.626681110000000,0,15,0x00,0x00,0x00,#000000
4.637422680000000,0,0,0x7E,0x00,0x00,#7e0000
4.637450380000000,0,1,0x00,0x00,0x00,#000000
4.637478070000000,0,2,0x00,0x00,0x00,#000000
4.637505760000000,0,3,0x00,0x00,0x00,#000000
4.637533450000000,0,4,0x00,0x00,0x00,#000000
4.637561150000000,0,5,0x00,0x00,0x00,#000000
4.637588840000000,0,6,0x00,0x00,0x00,#000000
4.637616530000000,0,7,0x00,0x00,0x00,#000000
4.637644220000000,0,8,0x00,0x00,0x00,#000000
4.637671920000000,0,9,0x00,0x00,0x00,#000000
4.637699610000000,0,10,0x00,0x00,0x00,#000000
4.637727300000000,0,11,0x00,0x00,0x00,#000000
4.637755000000000,0,12,0x00,0x00,0x00,#000000
4.637782690000000,0,13,0x00,0x00,0x00,#000000
4.637810390000000,0,14,0x00,0x00,0x00,#000000
4.637838080000000,0,15,0x00,0x00,0x00,#000000
4.648365560000000,0,0,0x7E,0x00,0x00,#7e0000
4.648393250000000,0,1,0x00,0x00,0x00,#000000
4.648420940000000,0,2,0x00,0x00,0x00,#000000
4.648448640000000,0,3,0x00,0x00,0x00,#000000
4.648476330000000,0,4,0x00,0x00,0x00,#000000
4.648504020000000,0,5,0x00,0x00,0x00,#000000
4.648531720000000,0,6,0x00,0x00,0x00,#000000
4.648559410000000,0,7,0x00,0x00,0x00,#000000
4.648587100000000,0,8,0x00,0x00,0x00,#000000
4.648614790000000,0,9,0x00,0x00,0x00,#000000
4.648642490000000,0,10,0x00,0x00,0x00,#000000
4.648670180000000,0,11,0x00,0x00,0x00,#000000
4.648697880000000,0,12,0x00,0x00,0x00,#000000
4.648725560000000,0,13,0x00,0x00,0x00,#000000
4.648753260000000,0,14,0x00,0x00,0x00,#000000
4.648780950000000,0,15,0x00,0x00,0x00,#000000
4.659265880000000,0,0,0x7E,0x00,0x00,#7e0000
4.659293580000000,0,1,0x00,0x00,0x00,#000000
4.659321270000000,0,2,0x00,0x00,0x00,#000000
4.659348960000000,0,3,0x00,0x00,0x00,#000000
4.659376660000000,0,4,0x00,0x00,0x00,#000000
4.659404350000000,0,5,0x00,0x00,0x00,#000000
4.659432040000000,0,6,0x00,0x00,0x00,#000000
4.659459730000000,0,7,0x00,0x00,0x00,#000000
4.659487430000000,0,8,0x00,0x00,0x00,#000000
4.659515120000000,0,9,0x00,0x00,0x00,#000000
4.659542820000000,0,10,0x00,0x00,0x00,#000000
4.659570510000000,0,11,0x00,0x00,0x00,#000000
4.659598200000000,0,12,0x00,0x00,0x00,#000000
4.659625890000000,0,13,0x00,0x00,0x00,#000000
4.659653590000000,0,14,0x00,0x00,0x00,#000000
4.659681280000000,0,15,0x00,0x00,0x00,#000000
4.670369150000000,0,0,0x7E,0x00,0x00,#7e0000
4.670396840000000,0,1,0x00,0x00,0x00,#000000
4.670424540000000,0,2,0x00,0x00,0x00,#000000
4.670452230000000,0,3,0x00,0x00,0x00,#000000
4.670479920000000,0,4,0x00,0x00,0x00,#000000
4.670507610000000,0,5,0x00,0x00,0x00,#000000
4.670535310000000,0,6,0x00,0x00,0x00,#000000
4.670563000000000,0,7,0x00,0x00,0x00,#000000
4.670590690000000,0,8,0x00,0x00,0x00,#000000
4.670618390000000,0,9,0x00,0x00,0x00,#000000
4.670646080000000,0,10,0x00,0x00,0x00,#000000
4.670673770000000,0,11,0x00,0x00,0x00,#000000
4.670701460000000,0,12,0x00,0x00,0x00,#000000
4.670729160000000,0,13,0x00,0x00,0x00,#000000
4.670756850000000,0,14,0x00,0x00,0x00,#000000
4.670784550000000,0,15,0x00,0x00,0x00,#000000
4.681366310000000,0,0,0x7E,0x00,0x00,#7e0000
4.681394000000000,0,1,0x00,0x00,0x00,#000000
4.681421690000000,0,2,0x00,0x00,0x00,#000000
4.681449380000000,0,3,0x00,0x00,0x00,#000000
4.681477080000000,0,4,0x00,0x00,0x00,#000000
4.681504770000000,0,5,0x00,0x00,0x00,#000000
4.681532470000000,0,6,0x00,0x00,0x00,#000000
4.681560150000000,0,7,0x00,0x00,0x00,#000000
4.681587850000000,0,8,0x00,0x00,0x00,#000000
4.681615540000000,0,9,0x00,0x00,0x00,#000000
4.681643240000000,0,10,0x00,0x00,0x00,#000000
4.681670920000000,0,11,0x00,0x00,0x00,#000000
4.681698620000000,0,12,0x00,0x00,0x00,#000000
4.681726310000000,0,13,0x00,0x00,0x00,#000000
4.681754010000000,0,14,0x00,0x00,0x00,#000000
4.681781700000000,0,15,0x00,0x00,0x00,#000000
4.692268370000000,0,0,0x7E,0x00,0x00,#7e0000
4.692296050000000,0,1,0x00,0x00,0x00,#000000
4.692323750000000,0,2,0x00,0x00,0x00,#000000
4.692351440000000,0,3,0x00,0x00,0x00,#000000
4.692379140000000,0,4,0x00,0x00,0x00,#000000
4.692406820000000,0,5,0x00,0x00,0x00,#000000
4.692434520000000,0,6,0x00,0x00,0x00,#000000
4.692462210000000,0,7,0x00,0x00,0x00,#000000
4.692489910000000,0,8,0x00,0x00,0x00,#000000
4.692517600000000,0,9,0x00,0x00,0x00,#000000
4.692545290000000,0,10,0x00,0x00,0x00,#000000
4.692572990000000,0,11,0x00,0x00,0x00,#000000
4.692600680000000,0,12,0x00,0x00,0x00,#000000
4.692628370000000,0,13,0x00,0x00,0x00,#000000
4.692656060000000,0,14,0x00,0x00,0x00,#000000
4.692683760000000,0,15,0x00,0x00,0x00,#000000
4.703373890000000,0,0,0x7E,0x00,0x00,#7e0000
4.703401580000000,0,1,0x00,0x00,0x00,#000000
4.703429280000000,0,2,0x00,0x00,0x00,#000000
4.703456960000000,0,3,0x00,0x00,0x00,#000000
4.703484660000000,0,4,0x00,0x00,0x00,#000000
4.703512350000000,0,5,0x00,0x00,0x00,#000000
4.703540050000000,0,6,0x00,0x00,0x00,#000000
4.703567730000000,0,7,0x00,0x00,0x00,#000000
4.703595430000000,0,8,0x00,0x00,0x00,#000000
4.703623120000000,0,9,0x00,0x00,0x00,#000000
4.703650820000000,0,10,0x00,0x00,0x00,#000000
4.703678510000000,0,11,0x00,0x00,0x00,#000000
4.703706200000000,0,12,0x00,0x00,0x00,#000000
4.703733900000000,0,13,0x00,0x00,0x00,#000000
4.703761590000000,0,14,0x00,0x00,0x00,#000000
4.703789280000000,0,15,0x00,0x00,0x00,#000000
4.714364940000000,0,0,0x7E,0x00,0x00,#7e0000
4.714392630000000,0,1,0x00,0x00,0x00,#000000
4.714420320000000,0,2,0x00,0x00,0x00,#000000
4.714448010000000,0,3,0x00,0x00,0x00,#000000
4.714475710000000,0,4,0x00,0x00,0x00,#000000
4.714503400000000,0,5,0x00,0x00,0x00,#000000
4.714531100000000,0,6,0x00,0x00,0x00,#000000
4.714558790000000,0,7,0x00,0x00,0x00,#000000
4.714586480000000,0,8,0x00,0x00,0x00,#000000
4.714614170000000,0,9,0x00,0x00,0x00,#000000
4.714641870000000,0,10,0x00,0x00,0x00,#000000
4.714669560000000,0,11,0x00,0x00,0x00,#000000
4.714697250000000,0,12,0x00,0x00,0x00,#000000
4.714724950000000,0,13,0x00,0x00,0x00,#000000
4.714752640000000,0,14,0x00,0x00,0x00,#000000
4.714780330000000,0,15,0x00,0x00,0x00,#000000
4.725270410000000,0,0,0x7E,0x00,0x00,#7e0000
4.725298100000000,0,1,0x00,0x00,0x00,#000000
4.725325790000000,0,2,0x00,0x00,0x00,#000000
4.725353490000000,0,3,0x00,0x00,0x00,#000000
4.725381180000000,0,4,0x00,0x00,0x00,#000000
4.725408870000000,0,5,0x00,0x00,0x00,#000000
4.725436570000000,0,6,0x00,0x00,0x00,#000000
4.725464260000000,0,7,0x00,0x00,0x00,#000000
4.725491950000000,0,8,0x00,0x00,0x00,#000000
4.725519650000000,0,9,0x00,0x00,0x00,#000000
4.725547340000000,0,10,0x00,0x00,0x00,#000000
4.725575030000000,0,11,0x00,0x00,0x00,#000000
4.725602720000000,0,12,0x00,0x00,0x00,#000000
4.725630420000000,0,13,0x00,0x00,0x00,#000000
4.725658110000000,0,14,0x00,0x00,0x00,#000000
4.725685800000000,0,15,0x00,0x00,0x00,#000000
4.736377810000000,0,0,0x7E,0x00,0x00,#7e0000
4.736405500000000,0,1,0x00,0x00,0x00,#000000
4.736433190000000,0,2,0x00,0x00,0x00,#000000
4.736460890000000,0,3,0x00,0x00,0x00,#000000
4.736488580000000,0,4,0x00,0x00,0x00,#000000
4.736516270000000,0,5,0x00,0x00,0x00,#000000
4.736543970000000,0,6,0x00,0x00,0x00,#000000
4.736571660000000,0,7,0x00,0x00,0x00,#000000
4.736599350000000,0,8,0x00,0x00,0x00,#000000
4.736627040000000,0,9,0x00,0x00,0x00,#000000
4.736654740000000,0,10,0x00,0x00,0x00,#000000
4.736682430000000,0,11,0x00,0x00,0x00,#000000
4.736710130000000,0,12,0x00,0x00,0x00,#000000
4.736737810000000,0,13,0x00,0x00,0x00,#000000
4.736765510000000,0,14,0x00,0x00,0x00,#000000
4.736793200000000,0,15,0x00,0x00,0x00,#000000
4.747375440000000,0,0,0x7E,0x00,0x00,#7e0000
4.747403140000000,0,1,0x00,0x00,0x00,#000000
4.747430830000000,0,2,0x00,0x00,0x00,#000000
4.747458530000000,0,3,0x00,0x00,0x00,#000000
4.747486210000000,0,4,0x00,0x00,0x00,#000000
4.747513910000000,0,5,0x00,0x00,0x00,#000000
4.747541600000000,0,6,0x00,0x00,0x00,#000000
4.747569300000000,0,7,0x00,0x00,0x00,#000000
4.747596990000000,0,8,0x00,0x00,0x00,#000000
4.747624680000000,0,9,0x00,0x00,0x00,#000000
4.747652370000000,0,10,0x00,0x00,0x00,#000000
4.747680070000000,0,11,0x00,0x00,0x00,#000000
4.747707760000000,0,12,0x00,0x00,0x00,#000000
4.747735450000000,0,13,0x00,0x00,0x00,#000000
4.747763150000000,0,14,0x00,0x00,0x00,#000000
4.747790840000000,0,15,0x00,0x00,0x00,#000000
4.758268420000000,0,0,0x7E,0x00,0x00,#7e0000
4.758296110000000,0,1,0x00,0x00,0x00,#000000
4.758323800000000,0,2,0x00,0x00,0x00,#000000
4.758351490000000,0,3,0x00,0x00,0x00,#000000
4.758379190000000,0,4,0x00,0x00,0x00,#000000
4.758406880000000,0,5,0x00,0x00,0x00,#000000
4.758434580000000,0,6,0x00,0x00,0x00,#000000
4.758462260000000,0,7,0x00,0x00,0x00,#000000
4.758489960000000,0,8,0x00,0x00,0x00,#000000
4.758517650000000,0,9,0x00,0x00,0x00,#000000
4.758545350000000,0,10,0x00,0x00,0x00,#000000
4.758573040000000,0,11,0x00,0x00,0x00,#000000
4.758600730000000,0,12,0x00,0x00,0x00,#000000
4.758628420000000,0,13,0x00,0x00,0x00,#000000
4.758656120000000,0,14,0x00,0x00,0x00,#000000
4.758683810000000,0,15,0x00,0x00,0x00,#000000
4.769370190000000,0,0,0x7E,0x00,0x00,#7e0000
4.769397880000000,0,1,0x00,0x00,0x00,#000000
4.769425570000000,0,2,0x00,0x00,0x00,#000000
4.769453270000000,0,3,0x00,0x00,0x00,#000000
4.769480960000000,0,4,0x00,0x00,0x00,#000000
4.769508650000000,0,5,0x00,0x00,0x00,#000000
4.769536350000000,0,6,0x00,0x00,0x00,#000000
4.769564040000000,0,7,0x00,0x00,0x00,#000000
4.769591740000000,0,8,0x00,0x00,0x00,#000000
4.769619420000000,0,9,0x00,0x00,0x00,#000000
4.769647120000000,0,10,0x00,0x00,0x00,#000000
4.769674810000000,0,11,0x00,0x00,0x00,#000000
4.769702510000000,0,12,0x00,0x00,0x00,#000000
4.769730200000000,0,13,0x00,0x00,0x00,#000000
4.769757890000000,0,14,0x00,0x00,0x00,#000000
4.769785580000000,0,15,0x00,0x00,0x00,#000000
4.780365570000000,0,0,0x7E,0x00,0x00,#7e0000
4.780393260000000,0,1,0x00,0x00,0x00,#000000
4.780420950000000,0,2,0x00,0x00,0x00,#000000
4.780448640000000,0,3,0x00,0x00,0x00,#000000
4.780476340000000,0,4,0x00,0x00,0x00,#000000
4.780504030000000,0,5,0x00,0x00,0x00,#000000
4.780531730000000,0,6,0x00,0x00,0x00,#000000
4.780559420000000,0,7,0x00,0x00,0x00,#000000
4.780587110000000,0,8,0x00,0x00,0x00,#000000
4.780614800000000,0,9,0x00,0x00,0x00,#000000
4.780642500000000,0,10,0x00,0x00,0x00,#000000
4.780670190000000,0,11,0x00,0x00,0x00,#000000
4.780697880000000,0,12,0x00,0x00,0x00,#000000
4.780725580000000,0,13,0x00,0x00,0x00,#000000
4.780753270000000,0,14,0x00,0x00,0x00,#000000
4.780780960000000,0,15,0x00,0x00,0x00,#000000
4.791269260000000,0,0,0x7E,0x00,0x00,#7e0000
4.791296950000000,0,1,0x00,0x00,0x00,#000000
4.791324650000000,0,2,0x00,0x00,0x00,#000000
4.791352340000000,0,3,0x00,0x00,0x00,#000000
4.791380030000000,0,4,0x00,0x00,0x00,#000000
4.791407720000000,0,5,0x00,0x00,0x00,#000000
4.791435420000000,0,6,0x00,0x00,0x00,#000000
4.791463110000000,0,7,0x00,0x00,0x00,#000000
4.791490800000000,0,8,0x00,0x00,0x00,#000000
4.791518500000000,0,9,0x00,0x00,0x00,#000000
4.791546190000000,0,10,0x00,0x00,0x00,#000000
4.791573880000000,0,11,0x00,0x00,0x00,#000000
4.791601570000000,0,12,0x00,0x00,0x00,#000000
4.791629270000000,0,13,0x00,0x00,0x00,#000000
4.791656960000000,0,14,0x00,0x00,0x00,#000000
4.791684660000000,0,15,0x00,0x00,0x00,#000000
4.802519020000000,0,0,0x7E,0x00,0x00,#7e0000
4.802546710000000,0,1,0x00,0x00,0x00,#000000
4.802574400000000,0,2,0x00,0x00,0x00,#000000
4.802602100000000,0,3,0x00,0x00,0x00,#000000
4.802629790000000,0,4,0x00,0x00,0x00,#000000
4.802657480000000,0,5,0x00,0x00,0x00,#000000
4.802685170000000,0,6,0x00,0x00,0x00,#000000
4.802712870000000,0,7,0x00,0x00,0x00,#000000
4.802740560000000,0,8,0x00,0x00,0x00,#000000
4.802768250000000,0,9,0x00,0x00,0x00,#000000
4.802795950000000,0,10,0x00,0x00,0x00,#000000
4.802823640000000,0,11,0x00,0x00,0x00,#000000
4.802851340000000,0,12,0x00,0x00,0x00,#000000
4.802879020000000,0,13,0x00,0x00,0x00,#000000
4.802906720000000,0,14,0x00,0x00,0x00,#000000
4.802934410000000,0,15,0x00,0x00,0x00,#000000
4.813371940000000,0,0,0x7E,0x00,0x00,#7e0000
4.813399630000000,0,1,0x00,0x00,0x00,#000000
4.813427320000000,0,2,0x00,0x00,0x00,#000000
4.813455020000000,0,3,0x00,0x00,0x00,#000000
4.813482710000000,0,4,0x00,0x00,0x00,#000000
4.813510400000000,0,5,0x00,0x00,0x00,#000000
4.813538100000000,0,6,0x00,0x00,0x00,#000000
4.813565790000000,0,7,0x00,0x00,0x00,#000000
4.813593480000000,0,8,0x00,0x00,0x00,#000000
4.813621170000000,0,9,0x00,0x00,0x00,#000000
4.813648870000000,0,10,0x00,0x00,0x00,#000000
4.813676560000000,0,11,0x00,0x00,0x00,#000000
4.813704260000000,0,12,0x00,0x00,0x00,#000000
4.813731950000000,0,13,0x00,0x00,0x00,#000000
4.813759640000000,0,14,0x00,0x00,0x00,#000000
4.813787330000000,0,15,0x00,0x00,0x00,#000000
4.824270100000000,0,0,0x7E,0x00,0x00,#7e0000
4.824297800000000,0,1,0x00,0x00,0x00,#000000
4.824325490000000,0,2,0x00,0x00,0x00,#000000
4.824353180000000,0,3,0x00,0x00,0x00,#000000
4.824380870000000,0,4,0x00,0x00,0x00,#000000
4.824408570000000,0,5,0x00,0x00,0x00,#000000
4.824436260000000,0,6,0x00,0x00,0x00,#000000
4.824463950000000,0,7,0x00,0x00,0x00,#000000
4.824491640000000,0,8,0x00,0x00,0x00,#000000
4.824519340000000,0,9,0x00,0x00,0x00,#000000
4.824547030000000,0,10,0x00,0x00,0x00,#000000
4.824574730000000,0,11,0x00,0x00,0x00,#000000
4.824602420000000,0,12,0x00,0x00,0x00,#000000
4.824630110000000,0,13,0x00,0x00,0x00,#000000
4.824657810000000,0,14,0x00,0x00,0x00,#000000
4.824685500000000,0,15,0x00,0x00,0x00,#000000
4.835381920000000,0,0,0x7E,0x00,0x00,#7e0000
4.835409620000000,0,1,0x00,0x00,0x00,#000000
4.835437310000000,0,2,0x00,0x00,0x00,#000000
4.835465010000000,0,3,0x00,0x00,0x00,#000000
4.835492690000000,0,4,0x00,0x00,0x00,#000000
4.835520390000000,0,5,0x00,0x00,0x00,#000000
4.835548080000000,0,6,0x00,0x00,0x00,#000000
4.835575780000000,0,7,0x00,0x00,0x00,#000000
4.835603470000000,0,8,0x00,0x00,0x00,#000000
4.835631160000000,0,9,0x00,0x00,0x00,#000000
4.835658860000000,0,10,0x00,0x00,0x00,#000000
4.835686550000000,0,11,0x00,0x00,0x00,#000000
4.835714240000000,0,12,0x00,0x00,0x00,#000000
4.835741930000000,0,13,0x00,0x00,0x00,#000000
4.835769630000000,0,14,0x00,0x00,0x00,#000000
4.835797320000000,0,15,0x00,0x00,0x00,#000000
4.846370040000000,0,0,0x7E,0x00,0x00,#7e0000
4.846397740000000,0,1,0x00,0x00,0x00,#000000
4.846425430000000,0,2,0x00,0x00,0x00,#000000
4.846453120000000,0,3,0x00,0x00,0x00,#000000
4.846480810000000,0,4,0x00,0x00,0x00,#000000
4.846508510000000,0,5,0x00,0x00,0x00,#000000
4.846536200000000,0,6,0x00,0x00,0x00,#000000
4.846563890000000,0,7,0x00,0x00,0x00,#000000
4.846591580000000,0,8,0x00,0x00,0x00,#000000
4.846619280000000,0,9,0x00,0x00,0x00,#000000
4.846646970000000,0,10,0x00,0x00,0x00,#000000
4.846674670000000,0,11,0x00,0x00,0x00,#000000
4.846702360000000,0,12,0x00,0x00,0x00,#000000
4.846730050000000,0,13,0x00,0x00,0x00,#000000
4.846757750000000,0,14,0x00,0x00,0x00,#000000
4.846785440000000,0,15,0x00,0x00,0x00,#000000
4.857271090000000,0,0,0x7E,0x00,0x00,#7e0000
4.857298780000000,0,1,0x00,0x00,0x00,#000000
4.857326480000000,0,2,0x00,0x00,0x00,#000000
4.857354170000000,0,3,0x00,0x00,0x00,#000000
4.857381860000000,0,4,0x00,0x00,0x00,#000000
4.857409560000000,0,5,0x00,0x00,0x00,#000000
4.857437250000000,0,6,0x00,0x00,0x00,#000000
4.857464940000000,0,7,0x00,0x00,0x00,#000000
4.857492630000000,0,8,0x00,0x00,0x00,#000000
4.857520330000000,0,9,0x00,0x00,0x00,#000000
4.857548020000000,0,10,0x00,0x00,0x00,#000000
4.857575720000000,0,11,0x00,0x00,0x00,#000000
4.857603400000000,0,12,0x00,0x00,0x00,#000000
4.857631100000000,0,13,0x00,0x00,0x00,#000000
4.857658790000000,0,14,0x00,0x00,0x00,#000000
4.857686490000000,0,15,0x00,0x00,0x00,#000000
4.868369890000000,0,0,0x7E,0x00,0x00,#7e0000
4.868397570000000,0,1,0x00,0x00,0x00,#000000
4.868425270000000,0,2,0x00,0x00,0x00,#000000
4.868452960000000,0,3,0x00,0x00,0x00,#000000
4.868480660000000,0,4,0x00,0x00,0x00,#000000
4.868508350000000,0,5,0x00,0x00,0x00,#000000
4.868536040000000,0,6,0x00,0x00,0x00,#000000
4.868563730000000,0,7,0x00,0x00,0x00,#000000
4.868591430000000,0,8,0x00,0x00,0x00,#000000
4.868619120000000,0,9,0x00,0x00,0x00,#000000
4.868646810000000,0,10,0x00,0x00,0x00,#000000
4.868674510000000,0,11,0x00,0x00,0x00,#000000
4.868702200000000,0,12,0x00,0x00,0x00,#000000
4.868729890000000,0,13,0x00,0x00,0x00,#000000
4.868757580000000,0,14,0x00,0x00,0x00,#000000
4.868785280000000,0,15,0x00,0x00,0x00,#000000
4.879367520000000,0,0,0x7E,0x00,0x00,#7e0000
4.879395210000000,0,1,0x00,0x00,0x00,#000000
4.879422900000000,0,2,0x00,0x00,0x00,#000000
4.879450600000000,0,3,0x00,0x00,0x00,#000000
4.879478290000000,0,4,0x00,0x00,0x00,#000000
4.879505980000000,0,5,0x00,0x00,0x00,#000000
4.879533680000000,0,6,0x00,0x00,0x00,#000000
4.879561370000000,0,7,0x00,0x00,0x00,#000000
4.879589070000000,0,8,0x00,0x00,0x00,#000000
4.879616760000000,0,9,0x00,0x00,0x00,#000000
4.879644450000000,0,10,0x00,0x00,0x00,#000000
4.879672140000000,0,11,0x00,0x00,0x00,#000000
4.879699840000000,0,12,0x00,0x00,0x00,#000000
4.879727530000000,0,13,0x00,0x00,0x00,#000000
4.879755220000000,0,14,0x00,0x00,0x00,#000000
4.879782910000000,0,15,0x00,0x00,0x00,#000000
4.890271790000000,0,0,0x7E,0x00,0x00,#7e0000
4.890299480000000,0,1,0x00,0x00,0x00,#000000
4.890327180000000,0,2,0x00,0x00,0x00,#000000
4.890354870000000,0,3,0x00,0x00,0x00,#000000
4.890382560000000,0,4,0x00,0x00,0x00,#000000
4.890410260000000,0,5,0x00,0x00,0x00,#000000
4.890437950000000,0,6,0x00,0x00,0x00,#000000
4.890465640000000,0,7,0x00,0x00,0x00,#000000
4.890493330000000,0,8,0x00,0x00,0x00,#000000
4.890521030000000,0,9,0x00,0x00,0x00,#000000
4.890548720000000,0,10,0x00,0x00,0x00,#000000
4.890576410000000,0,11,0x00,0x00,0x00,#000000
4.890604100000000,0,12,0x00,0x00,0x00,#000000
4.890631800000000,0,13,0x00,0x00,0x00,#000000
4.890659490000000,0,14,0x00,0x00,0x00,#000000
4.890687190000000,0,15,0x00,0x00,0x00,#000000
4.901374670000000,0,0,0x7E,0x00,0x00,#7e0000
4.901402360000000,0,1,0x00,0x00,0x00,#000000
4.901430050000000,0,2,0x00,0x00,0x00,#000000
4.901457750000000,0,3,0x00,0x00,0x00,#000000
4.901485440000000,0,4,0x00,0x00,0x00,#000000
4.901513130000000,0,5,0x00,0x00,0x00,#000000
4.901540830000000,0,6,0x00,0x00,0x00,#000000
4.901568520000000,0,7,0x00,0x00,0x00,#000000
4.901596220000000,0,8,0x00,0x00,0x00,#000000
4.901623900000000,0,9,0x00,0x00,0x00,#000000
4.901651600000000,0,10,0x00,0x00,0x00,#000000
4.901679290000000,0,11,0x00,0x00,0x00,#000000
4.901706990000000,0,12,0x00,0x00,0x00,#000000
4.901734670000000,0,13,0x00,0x00,0x00,#000000
4.901762370000000,0,14,0x00,0x00,0x00,#000000
4.901790060000000,0,15,0x00,0x00,0x00,#000000
4.912364800000000,0,0,0x7E,0x00,0x00,#7e0000
4.912392500000000,0,1,0x00,0x00,0x00,#000000
4.912420190000000,0,2,0x00,0x00,0x00,#000000
4.912447890000000,0,3,0x00,0x00,0x00,#000000
4.912475570000000,0,4,0x00,0x00,0x00,#000000
4.912503270000000,0,5,0x00,0x00,0x00,#000000
4.912530960000000,0,6,0x00,0x00,0x00,#000000
4.912558660000000,0,7,0x00,0x00,0x00,#000000
4.912586350000000,0,8,0x00,0x00,0x00,#000000
4.912614040000000,0,9,0x00,0x00,0x00,#000000
4.912641740000000,0,10,0x00,0x00,0x00,#000000
4.912669430000000,0,11,0x00,0x00,0x00,#000000
4.912697120000000,0,12,0x00,0x00,0x00,#000000
4.912724810000000,0,13,0x00,0x00,0x00,#000000
4.912752510000000,0,14,0x00,0x00,0x00,#000000
4.912780200000000,0,15,0x00,0x00,0x00,#000000
4.923272630000000,0,0,0x7E,0x00,0x00,#7e0000
4.923300330000000,0,1,0x00,0x00,0x00,#000000
4.923328020000000,0,2,0x00,0x00,0x00,#000000
4.923355710000000,0,3,0x00,0x00,0x00,#000000
4.923383400000000,0,4,0x00,0x00,0x00,#000000
4.923411100000000,0,5,0x00,0x00,0x00,#000000
4.923438790000000,0,6,0x00,0x00,0x00,#000000
4.923466480000000,0,7,0x00,0x00,0x00,#000000
4.923494180000000,0,8,0x00,0x00,0x00,#000000
4.923521870000000,0,9,0x00,0x00,0x00,#000000
4.923549560000000,0,10,0x00,0x00,0x00,#000000
4.923577260000000,0,11,0x00,0x00,0x00,#000000
4.923604950000000,0,12,0x00,0x00,0x00,#000000
4.923632640000000,0,13,0x00,0x00,0x00,#000000
4.923660340000000,0,14,0x00,0x00,0x00,#000000
4.923688030000000,0,15,0x00,0x00,0x00,#000000
4.934371910000000,0,0,0x7E,0x00,0x00,#7e0000
4.934399600000000,0,1,0x00,0x00,0x00,#000000
4.934427290000000,0,2,0x00,0x00,0x00,#000000
4.934454990000000,0,3,0x00,0x00,0x00,#000000
4.934482680000000,0,4,0x00,0x00,0x00,#000000
4.934510370000000,0,5,0x00,0x00,0x00,#000000
4.934538060000000,0,6,0x00,0x00,0x00,#000000
4.934565760000000,0,7,0x00,0x00,0x00,#000000
4.934593450000000,0,8,0x00,0x00,0x00,#000000
4.934621140000000,0,9,0x00,0x00,0x00,#000000
4.934648830000000,0,10,0x00,0x00,0x00,#000000
4.934676530000000,0,11,0x00,0x00,0x00,#000000
4.934704220000000,0,12,0x00,0x00,0x00,#000000
4.934731920000000,0,13,0x00,0x00,0x00,#000000
4.934759610000000,0,14,0x00,0x00,0x00,#000000
4.934787300000000,0,15,0x00,0x00,0x00,#000000
4.945380790000000,0,0,0x7E,0x00,0x00,#7e0000
4.945408490000000,0,1,0x00,0x00,0x00,#000000
4.945436180000000,0,2,0x00,0x00,0x00,#000000
4.945463870000000,0,3,0x00,0x00,0x00,#000000
4.945491570000000,0,4,0x00,0x00,0x00,#000000
4.945519260000000,0,5,0x00,0x00,0x00,#000000
4.945546950000000,0,6,0x00,0x00,0x00,#000000
4.945574650000000,0,7,0x00,0x00,0x00,#000000
4.945602340000000,0,8,0x00,0x00,0x00,#000000
4.945630030000000,0,9,0x00,0x00,0x00,#000000
4.945657720000000,0,10,0x00,0x00,0x00,#000000
4.945685420000000,0,11,0x00,0x00,0x00,#000000
4.945713110000000,0,12,0x00,0x00,0x00,#000000
4.945740800000000,0,13,0x00,0x00,0x00,#000000
4.945768490000000,0,14,0x00,0x00,0x00,#000000
4.945796190000000,0,15,0x00,0x00,0x00,#000000
4.956273480000000,0,0,0x7E,0x00,0x00,#7e0000
4.956301170000000,0,1,0x00,0x00,0x00,#000000
4.956328860000000,0,2,0x00,0x00,0x00,#000000
4.956356550000000,0,3,0x00,0x00,0x00,#000000
4.956384250000000,0,4,0x00,0x00,0x00,#000000
4.956411940000000,0,5,0x00,0x00,0x00,#000000
4.956439640000000,0,6,0x00,0x00,0x00,#000000
4.956467320000000,0,7,0x00,0x00,0x00,#000000
4.956495020000000,0,8,0x00,0x00,0x00,#000000
4.956522710000000,0,9,0x00,0x00,0x00,#000000
4.956550410000000,0,10,0x00,0x00,0x00,#000000
4.956578100000000,0,11,0x00,0x00,0x00,#000000
4.956605790000000,0,12,0x00,0x00,0x00,#000000
4.956633480000000,0,13,0x00,0x00,0x00,#000000
4.956661180000000,0,14,0x00,0x00,0x00,#000000
4.956688870000000,0,15,0x00,0x00,0x00,#000000
4.967376170000000,0,0,0x7E,0x00,0x00,#7e0000
4.967403850000000,0,1,0x00,0x00,0x00,#000000
4.967431550000000,0,2,0x00,0x00,0x00,#000000
4.967459240000000,0,3,0x00,0x00,0x00,#000000
4.967486940000000,0,4,0x00,0x00,0x00,#000000
4.967514630000000,0,5,0x00,0x00,0x00,#000000
4.967542320000000,0,6,0x00,0x00,0x00,#000000
4.967570010000000,0,7,0x00,0x00,0x00,#000000
4.967597710000000,0,8,0x00,0x00,0x00,#000000
4.967625400000000,0,9,0x00,0x00,0x00,#000000
4.967653090000000,0,10,0x00,0x00,0x00,#000000
4.967680790000000,0,11,0x00,0x00,0x00,#000000
4.967708480000000,0,12,0x00,0x00,0x00,#000000
4.967736170000000,0,13,0x00,0x00,0x00,#000000
4.967763860000000,0,14,0x00,0x00,0x00,#000000
4.967791560000000,0,15,0x00,0x00,0x00,#000000
4.978375770000000,0,0,0x7E,0x00,0x00,#7e0000
4.978403470000000,0,1,0x00,0x00,0x00,#000000
4.978431160000000,0,2,0x00,0x00,0x00,#000000
4.978458850000000,0,3,0x00,0x00,0x00,#000000
4.978486540000000,0,4,0x00,0x00,0x00,#000000
4.978514240000000,0,5,0x00,0x00,0x00,#000000
4.978541930000000,0,6,0x00,0x00,0x00,#000000
4.978569620000000,0,7,0x00,0x00,0x00,#000000
4.978597310000000,0,8,0x00,0x00,0x00,#000000
4.978625010000000,0,9,0x00,0x00,0x00,#000000
4.978652700000000,0,10,0x00,0x00,0x00,#000000
4.978680390000000,0,11,0x00,0x00,0x00,#000000
4.978708090000000,0,12,0x00,0x00,0x00,#000000
4.978735780000000,0,13,0x00,0x00,0x00,#000000
4.978763470000000,0,14,0x00,0x00,0x00,#000000
4.978791170000000,0,15,0x00,0x00,0x00,#000000
4.989274320000000,0,0,0x7E,0x00,0x00,#7e0000
4.989302010000000,0,1,0x00,0x00,0x00,#000000
4.989329710000000,0,2,0x00,0x00,0x00,#000000
4.989357400000000,0,3,0x00,0x00,0x00,#000000
4.989385090000000,0,4,0x00,0x00,0x00,#000000
4.989412780000000,0,5,0x00,0x00,0x00,#000000
4.989440480000000,0,6,0x00,0x00,0x00,#000000
4.989468170000000,0,7,0x00,0x00,0x00,#000000
4.989495860000000,0,8,0x00,0x00,0x00,#000000
4.989523560000000,0,9,0x00,0x00,0x00,#000000
4.989551250000000,0,10,0x00,0x00,0x00,#000000
4.989578940000000,0,11,0x00,0x00,0x00,#000000
4.989606630000000,0,12,0x00,0x00,0x00,#000000
4.989634330000000,0,13,0x00,0x00,0x00,#000000
4.989662020000000,0,14,0x00,0x00,0x00,#000000
4.989689720000000,0,15,0x00,0x00,0x00,#000000
5.000373980000000,0,0,0x7E,0x00,0x00,#7e0000
5.000401670000000,0,1,0x00,0x00,0x00,#000000
5.000429370000000,0,2,0x00,0x00,0x00,#000000
5.000457050000000,0,3,0x00,0x00,0x00,#000000
5.000484750000000,0,4,0x00,0x00,0x00,#000000
5.000512440000000,0,5,0x00,0x00,0x00,#000000
5.000540140000000,0,6,0x00,0x00,0x00,#000000
5.000567830000000,0,7,0x00,0x00,0x00,#000000
5.000595520000000,0,8,0x00,0x00,0x00,#000000
5.000623210000000,0,9,0x00,0x00,0x00,#000000
5.000650910000000,0,10,0x00,0x00,0x00,#000000
5.000678600000000,0,11,0x00,0x00,0x00,#000000
5.000706290000000,0,12,0x00,0x00,0x00,#000000
5.000733990000000,0,13,0x00,0x00,0x00,#000000
5.000761680000000,0,14,0x00,0x00,0x00,#000000
5.000789370000000,0,15,0x00,0x00,0x00,#000000
5.011369450000000,0,0,0x7E,0x00,0x00,#7e0000
5.011397150000000,0,1,0x00,0x00,0x00,#000000
5.011424830000000,0,2,0x00,0x00,0x00,#000000
5.011452530000000,0,3,0x00,0x00,0x00,#000000
5.011480220000000,0,4,0x00,0x00,0x00,#000000
5.011507920000000,0,5,0x00,0x00,0x00,#000000
5.011535610000000,0,6,0x00,0x00,0x00,#000000
5.011563300000000,0,7,0x00,0x00,0x00,#000000
5.011590990000000,0,8,0x00,0x00,0x00,#000000
5.011618690000000,0,9,0x00,0x00,0x00,#000000
5.011646380000000,0,10,0x00,0x00,0x00,#000000
5.011674070000000,0,11,0x00,0x00,0x00,#000000
5.011701770000000,0,12,0x00,0x00,0x00,#000000
5.011729460000000,0,13,0x00,0x00,0x00,#000000
5.011757160000000,0,14,0x00,0x00,0x00,#000000
5.011784840000000,0,15,0x00,0x00,0x00,#000000
5.022275160000000,0,0,0x7E,0x00,0x00,#7e0000
5.022302860000000,0,1,0x00,0x00,0x00,#000000
5.022330550000000,0,2,0x00,0x00,0x00,#000000
5.022358240000000,0,3,0x00,0x00,0x00,#000000
5.022385930000000,0,4,0x00,0x00,0x00,#000000
5.022413630000000,0,5,0x00,0x00,0x00,#000000
5.022441320000000,0,6,0x00,0x00,0x00,#000000
5.022469010000000,0,7,0x00,0x00,0x00,#000000
5.022496700000000,0,8,0x00,0x00,0x00,#000000
5.022524400000000,0,9,0x00,0x00,0x00,#000000
5.022552090000000,0,10,0x00,0x00,0x00,#000000
5.022579790000000,0,11,0x00,0x00,0x00,#000000
5.022607480000000,0,12,0x00,0x00,0x00,#000000
5.022635170000000,0,13,0x00,0x00,0x00,#000000
5.022662870000000,0,14,0x00,0x00,0x00,#000000
5.022690560000000,0,15,0x00,0x00,0x00,#000000
5.033378090000000,0,0,0x7E,0x00,0x00,#7e0000
5.033405780000000,0,1,0x00,0x00,0x00,#000000
5.033433480000000,0,2,0x00,0x00,0x00,#000000
5.033461170000000,0,3,0x00,0x00,0x00,#000000
5.033488860000000,0,4,0x00,0x00,0x00,#000000
5.033516560000000,0,5,0x00,0x00,0x00,#000000
5.033544250000000,0,6,0x00,0x00,0x00,#000000
5.033571940000000,0,7,0x00,0x00,0x00,#000000
5.033599630000000,0,8,0x00,0x00,0x00,#000000
5.033627330000000,0,9,0x00,0x00,0x00,#000000
5.033655020000000,0,10,0x00,0x00,0x00,#000000
5.033682720000000,0,11,0x00,0x00,0x00,#000000
5.033710400000000,0,12,0x00,0x00,0x00,#000000
5.033738100000000,0,13,0x00,0x00,0x00,#000000
5.033765790000000,0,14,0x00,0x00,0x00,#000000
5.033793490000000,0,15,0x00,0x00,0x00,#000000
5.044374620000000,0,0,0x7E,0x00,0x00,#7e0000
5.044402310000000,0,1,0x00,0x00,0x00,#000000
5.044430010000000,0,2,0x00,0x00,0x00,#000000
5.044457700000000,0,3,0x00,0x00,0x00,#000000
5.044485390000000,0,4,0x00,0x00,0x00,#000000
5.044513090000000,0,5,0x00,0x00,0x00,#000000
5.044540780000000,0,6,0x00,0x00,0x00,#000000
5.044568470000000,0,7,0x00,0x00,0x00,#000000
5.044596160000000,0,8,0x00,0x00,0x00,#000000
5.044623860000000,0,9,0x00,0x00,0x00,#000000
5.044651550000000,0,10,0x00,0x00,0x00,#000000
5.044679250000000,0,11,0x00,0x00,0x00,#000000
5.044706930000000,0,12,0x00,0x00,0x00,#000000
5.044734630000000,0,13,0x00,0x00,0x00,#000000
5.044762320000000,0,14,0x00,0x00,0x00,#000000
5.044790020000000,0,15,0x00,0x00,0x00,#000000
5.055276010000000,0,0,0x7E,0x00,0x00,#7e0000
5.055303700000000,0,1,0x00,0x00,0x00,#000000
5.055331390000000,0,2,0x00,0x00,0x00,#000000
5.055359080000000,0,3,0x00,0x00,0x00,#000000
5.055386780000000,0,4,0x00,0x00,0x00,#000000
5.055414470000000,0,5,0x00,0x00,0x00,#000000
5.055442170000000,0,6,0x00,0x00,0x00,#000000
5.055469850000000,0,7,0x00,0x00,0x00,#000000
5.055497550000000,0,8,0x00,0x00,0x00,#000000
5.055525240000000,0,9,0x00,0x00,0x00,#000000
5.055552940000000,0,10,0x00,0x00,0x00,#000000
5.055580630000000,0,11,0x00,0x00,0x00,#000000
5.055608320000000,0,12,0x00,0x00,0x00,#000000
5.055636010000000,0,13,0x00,0x00,0x00,#000000
5.055663710000000,0,14,0x00,0x00,0x00,#000000
5.055691400000000,0,15,0x00,0x00,0x00,#000000
5.066425860000000,0,0,0x7E,0x00,0x00,#7e0000
5.066453550000000,0,1,0x00,0x00,0x00,#000000
5.066481240000000,0,2,0x00,0x00,0x00,#000000
5.066508940000000,0,3,0x00,0x00,0x00,#000000
5.066536630000000,0,4,0x00,0x00,0x00,#000000
5.066564320000000,0,5,0x00,0x00,0x00,#000000
5.066592010000000,0,6,0x00,0x00,0x00,#000000
5.066619710000000,0,7,0x00,0x00,0x00,#000000
5.066647400000000,0,8,0x00,0x00,0x00,#000000
5.066675100000000,0,9,0x00,0x00,0x00,#000000
5.066702790000000,0,10,0x00,0x00,0x00,#000000
5.066730480000000,0,11,0x00,0x00,0x00,#000000
5.066758170000000,0,12,0x00,0x00,0x00,#000000
5.066785870000000,0,13,0x00,0x00,0x00,#000000
5.066813560000000,0,14,0x00,0x00,0x00,#000000
5.066841250000000,0,15,0x00,0x00,0x00,#000000
5.077376280000000,0,0,0x7E,0x00,0x00,#7e0000
5.077403980000000,0,1,0x00,0x00,0x00,#000000
5.077431660000000,0,2,0x00,0x00,0x00,#000000
5.077459360000000,0,3,0x00,0x00,0x00,#000000
5.077487050000000,0,4,0x00,0x00,0x00,#000000
5.077514750000000,0,5,0x00,0x00,0x00,#000000
5.077542440000000,0,6,0x00,0x00,0x00,#000000
5.077570130000000,0,7,0x00,0x00,0x00,#000000
5.077597820000000,0,8,0x00,0x00,0x00,#000000
5.077625520000000,0,9,0x00,0x00,0x00,#000000
5.077653210000000,0,10,0x00,0x00,0x00,#000000
5.077680900000000,0,11,0x00,0x00,0x00,#000000
5.077708600000000,0,12,0x00,0x00,0x00,#000000
5.077736290000000,0,13,0x00,0x00,0x00,#000000
5.077763990000000,0,14,0x00,0x00,0x00,#000000
5.077791670000000,0,15,0x00,0x00,0x00,#000000
5.088276850000000,0,0,0x7E,0x00,0x00,#7e0000
5.088304540000000,0,1,0x00,0x00,0x00,#000000
5.088332240000000,0,2,0x00,0x00,0x00,#000000
5.088359920000000,0,3,0x00,0x00,0x00,#000000
5.088387620000000,0,4,0x00,0x00,0x00,#000000
5.088415310000000,0,5,0x00,0x00,0x00,#000000
5.088443010000000,0,6,0x00,0x00,0x00,#000000
5.088470700000000,0,7,0x00,0x00,0x00,#000000
5.088498390000000,0,8,0x00,0x00,0x00,#000000
5.088526090000000,0,9,0x00,0x00,0x00,#000000
5.088553780000000,0,10,0x00,0x00,0x00,#000000
5.088581470000000,0,11,0x00,0x00,0x00,#000000
5.088609160000000,0,12,0x00,0x00,0x00,#000000
5.088636860000000,0,13,0x00,0x00,0x00,#000000
5.088664550000000,0,14,0x00,0x00,0x00,#000000
5.088692250000000,0,15,0x00,0x00,0x00,#000000
5.099381600000000,0,0,0x7E,0x00,0x00,#7e0000
5.099409290000000,0,1,0x00,0x00,0x00,#000000
5.099436990000000,0,2,0x00,0x00,0x00,#000000
5.099464680000000,0,3,0x00,0x00,0x00,#000000
5.099492380000000,0,4,0x00,0x00,0x00,#000000
5.099520070000000,0,5,0x00,0x00,0x00,#000000
5.099547760000000,0,6,0x00,0x00,0x00,#000000
5.099575450000000,0,7,0x00,0x00,0x00,#000000
5.099603150000000,0,8,0x00,0x00,0x00,#000000
5.099630840000000,0,9,0x00,0x00,0x00,#000000
5.099658530000000,0,10,0x00,0x00,0x00,#000000
5.099686230000000,0,11,0x00,0x00,0x00,#000000
5.099713920000000,0,12,0x00,0x00,0x00,#000000
5.099741610000000,0,13,0x00,0x00,0x00,#000000
5.099769300000000,0,14,0x00,0x00,0x00,#000000
5.099797000000000,0,15,0x00,0x00,0x00,#000000
5.110373950000000,0,0,0x7E,0x00,0x00,#7e0000
5.110401640000000,0,1,0x00,0x00,0x00,#000000
5.110429340000000,0,2,0x00,0x00,0x00,#000000
5.110457030000000,0,3,0x00,0x00,0x00,#000000
5.110484720000000,0,4,0x00,0x00,0x00,#000000
5.110512420000000,0,5,0x00,0x00,0x00,#000000
5.110540110000000,0,6,0x00,0x00,0x00,#000000
5.110567800000000,0,7,0x00,0x00,0x00,#000000
5.110595490000000,0,8,0x00,0x00,0x00,#000000
5.110623190000000,0,9,0x00,0x00,0x00,#000000
5.110650880000000,0,10,0x00,0x00,0x00,#000000
5.110678580000000,0,11,0x00,0x00,0x00,#000000
5.110706260000000,0,12,0x00,0x00,0x00,#000000
5.110733960000000,0,13,0x00,0x00,0x00,#000000
5.110761650000000,0,14,0x00,0x00,0x00,#000000
5.110789350000000,0,15,0x00,0x00,0x00,#000000
5.121277690000000,0,0,0x7E,0x00,0x00,#7e0000
5.121305380000000,0,1,0x00,0x00,0x00,#000000
5.121333080000000,0,2,0x00,0x00,0x00,#000000
5.121360770000000,0,3,0x00,0x00,0x00,#000000
5.121388460000000,0,4,0x00,0x00,0x00,#000000
5.121416160000000,0,5,0x00,0x00,0x00,#000000
5.121443850000000,0,6,0x00,0x00,0x00,#000000
5.121471540000000,0,7,0x00,0x00,0x00,#000000
5.121499230000000,0,8,0x00,0x00,0x00,#000000
5.121526930000000,0,9,0x00,0x00,0x00,#000000
5.121554620000000,0,10,0x00,0x00,0x00,#000000
5.121582320000000,0,11,0x00,0x00,0x00,#000000
5.121610010000000,0,12,0x00,0x00,0x00,#000000
5.121637700000000,0,13,0x00,0x00,0x00,#000000
5.121665390000000,0,14,0x00,0x00,0x00,#000000
5.121693090000000,0,15,0x00,0x00,0x00,#000000
5.132383070000000,0,0,0x7E,0x00,0x00,#7e0000
5.132410760000000,0,1,0x00,0x00,0x00,#000000
5.132438460000000,0,2,0x00,0x00,0x00,#000000
5.132466150000000,0,3,0x00,0x00,0x00,#000000
5.132493850000000,0,4,0x00,0x00,0x00,#000000
5.132521530000000,0,5,0x00,0x00,0x00,#000000
5.132549230000000,0,6,0x00,0x00,0x00,#000000
5.132576920000000,0,7,0x00,0x00,0x00,#000000
5.132604620000000,0,8,0x00,0x00,0x00,#000000
5.132632310000000,0,9,0x00,0x00,0x00,#000000
5.132660000000000,0,10,0x00,0x00,0x00,#000000
5.132687690000000,0,11,0x00,0x00,0x00,#000000
5.132715390000000,0,12,0x00,0x00,0x00,#000000
5.132743080000000,0,13,0x00,0x00,0x00,#000000
5.132770770000000,0,14,0x00,0x00,0x00,#000000
5.132798470000000,0,15,0x00,0x00,0x00,#000000
5.143377580000000,0,0,0x7E,0x00,0x00,#7e0000
5.143405270000000,0,1,0x00,0x00,0x00,#000000
5.143432970000000,0,2,0x00,0x00,0x00,#000000
5.143460660000000,0,3,0x00,0x00,0x00,#000000
5.143488350000000,0,4,0x00,0x00,0x00,#000000
5.143516050000000,0,5,0x00,0x00,0x00,#000000
5.143543740000000,0,6,0x00,0x00,0x00,#000000
5.143571440000000,0,7,0x00,0x00,0x00,#000000
5.143599130000000,0,8,0x00,0x00,0x00,#000000
5.143626820000000,0,9,0x00,0x00,0x00,#000000
5.143654510000000,0,10,0x00,0x00,0x00,#000000
5.143682210000000,0,11,0x00,0x00,0x00,#000000
5.143709900000000,0,12,0x00,0x00,0x00,#000000
5.143737590000000,0,13,0x00,0x00,0x00,#000000
5.143765280000000,0,14,0x00,0x00,0x00,#000000
5.143792980000000,0,15,0x00,0x00,0x00,#000000
5.154278530000000,0,0,0x7E,0x00,0x00,#7e0000
5.154306230000000,0,1,0x00,0x00,0x00,#000000
5.154333920000000,0,2,0x00,0x00,0x00,#000000
5.154361610000000,0,3,0x00,0x00,0x00,#000000
5.154389310000000,0,4,0x00,0x00,0x00,#000000
5.154417000000000,0,5,0x00,0x00,0x00,#000000
5.154444690000000,0,6,0x00,0x00,0x00,#000000
5.154472380000000,0,7,0x00,0x00,0x00,#000000
5.154500080000000,0,8,0x00,0x00,0x00,#000000
5.154527770000000,0,9,0x00,0x00,0x00,#000000
5.154555470000000,0,10,0x00,0x00,0x00,#000000
5.154583160000000,0,11,0x00,0x00,0x00,#000000
5.154610850000000,0,12,0x00,0x00,0x00,#000000
5.154638540000000,0,13,0x00,0x00,0x00,#000000
5.154666240000000,0,14,0x00,0x00,0x00,#000000
5.154693930000000,0,15,0x00,0x00,0x00,#000000
5.165386080000000,0,0,0x7E,0x00,0x00,#7e0000
5.165413770000000,0,1,0x00,0x00,0x00,#000000
5.165441460000000,0,2,0x00,0x00,0x00,#000000
5.165469160000000,0,3,0x00,0x00,0x00,#000000
5.165496850000000,0,4,0x00,0x00,0x00,#000000
5.165524540000000,0,5,0x00,0x00,0x00,#000000
5.165552230000000,0,6,0x00,0x00,0x00,#000000
5.165579930000000,0,7,0x00,0x00,0x00,#000000
5.165607620000000,0,8,0x00,0x00,0x00,#000000
5.165635320000000,0,9,0x00,0x00,0x00,#000000
5.165663010000000,0,10,0x00,0x00,0x00,#000000
5.165690700000000,0,11,0x00,0x00,0x00,#000000
5.165718400000000,0,12,0x00,0x00,0x00,#000000
5.165746090000000,0,13,0x00,0x00,0x00,#000000
5.165773780000000,0,14,0x00,0x00,0x00,#000000
5.165801470000000,0,15,0x00,0x00,0x00,#000000
5.176371790000000,0,0,0x7E,0x00,0x00,#7e0000
5.176399490000000,0,1,0x00,0x00,0x00,#000000
5.176427170000000,0,2,0x00,0x00,0x00,#000000
5.176454870000000,0,3,0x00,0x00,0x00,#000000
5.176482560000000,0,4,0x00,0x00,0x00,#000000
5.176510260000000,0,5,0x00,0x00,0x00,#000000
5.176537950000000,0,6,0x00,0x00,0x00,#000000
5.176565640000000,0,7,0x00,0x00,0x00,#000000
5.176593340000000,0,8,0x00,0x00,0x00,#000000
5.176621030000000,0,9,0x00,0x00,0x00,#000000
5.176648720000000,0,10,0x00,0x00,0x00,#000000
5.176676410000000,0,11,0x00,0x00,0x00,#000000
5.176704110000000,0,12,0x00,0x00,0x00,#000000
5.176731800000000,0,13,0x00,0x00,0x00,#000000
5.176759500000000,0,14,0x00,0x00,0x00,#000000
5.176787180000000,0,15,0x00,0x00,0x00,#000000
5.187279470000000,0,0,0x7E,0x00,0x00,#7e0000
5.187307170000000,0,1,0x00,0x00,0x00,#000000
5.187334860000000,0,2,0x00,0x00,0x00,#000000
5.187362550000000,0,3,0x00,0x00,0x00,#000000
5.187390250000000,0,4,0x00,0x00,0x00,#000000
5.187417940000000,0,5,0x00,0x00,0x00,#000000
5.187445630000000,0,6,0x00,0x00,0x00,#000000
5.187473330000000,0,7,0x00,0x00,0x00,#000000
5.187501020000000,0,8,0x00,0x00,0x00,#000000
5.187528710000000,0,9,0x00,0x00,0x00,#000000
5.187556400000000,0,10,0x00,0x00,0x00,#000000
5.187584100000000,0,11,0x00,0x00,0x00,#000000
5.187611790000000,0,12,0x00,0x00,0x00,#000000
5.187639480000000,0,13,0x00,0x00,0x00,#000000
5.187667170000000,0,14,0x00,0x00,0x00,#000000
5.187694870000000,0,15,0x00,0x00,0x00,#000000
5.198382690000000,0,0,0x7E,0x00,0x00,#7e0000
5.198410380000000,0,1,0x00,0x00,0x00,#000000
5.198438070000000,0,2,0x00,0x00,0x00,#000000
5.198465770000000,0,3,0x00,0x00,0x00,#000000
5.198493460000000,0,4,0x00,0x00,0x00,#000000
5.198521160000000,0,5,0x00,0x00,0x00,#000000
5.198548850000000,0,6,0x00,0x00,0x00,#000000
5.198576540000000,0,7,0x00,0x00,0x00,#000000
5.198604230000000,0,8,0x00,0x00,0x00,#000000
5.198631930000000,0,9,0x00,0x00,0x00,#000000
5.198659620000000,0,10,0x00,0x00,0x00,#000000
5.198687310000000,0,11,0x00,0x00,0x00,#000000
5.198715010000000,0,12,0x00,0x00,0x00,#000000
5.198742700000000,0,13,0x00,0x00,0x00,#000000
5.198770390000000,0,14,0x00,0x00,0x00,#000000
5.198798080000000,0,15,0x00,0x00,0x00,#000000
5.209371770000000,0,0,0x7E,0x00,0x00,#7e0000
5.209399460000000,0,1,0x00,0x00,0x00,#000000
5.209427150000000,0,2,0x00,0x00,0x00,#000000
5.209454850000000,0,3,0x00,0x00,0x00,#000000
5.209482540000000,0,4,0x00,0x00,0x00,#000000
5.209510230000000,0,5,0x00,0x00,0x00,#000000
5.209537930000000,0,6,0x00,0x00,0x00,#000000
5.209565620000000,0,7,0x00,0x00,0x00,#000000
5.209593320000000,0,8,0x00,0x00,0x00,#000000
5.209621000000000,0,9,0x00,0x00,0x00,#000000
5.209648700000000,0,10,0x00,0x00,0x00,#000000
5.209676390000000,0,11,0x00,0x00,0x00,#000000
5.209704090000000,0,12,0x00,0x00,0x00,#000000
5.209731780000000,0,13,0x00,0x00,0x00,#000000
5.209759470000000,0,14,0x00,0x00,0x00,#000000
5.209787160000000,0,15,0x00,0x00,0x00,#000000
5.220280220000000,0,0,0x7E,0x00,0x00,#7e0000
5.220307910000000,0,1,0x00,0x00,0x00,#000000
5.220335610000000,0,2,0x00,0x00,0x00,#000000
5.220363300000000,0,3,0x00,0x00,0x00,#000000
5.220390990000000,0,4,0x00,0x00,0x00,#000000
5.220418690000000,0,5,0x00,0x00,0x00,#000000
5.220446380000000,0,6,0x00,0x00,0x00,#000000
5.220474070000000,0,7,0x00,0x00,0x00,#000000
5.220501760000000,0,8,0x00,0x00,0x00,#000000
5.220529460000000,0,9,0x00,0x00,0x00,#000000
5.220557150000000,0,10,0x00,0x00,0x00,#000000
5.220584850000000,0,11,0x00,0x00,0x00,#000000
5.220612530000000,0,12,0x00,0x00,0x00,#000000
5.220640230000000,0,13,0x00,0x00,0x00,#000000
5.220667920000000,0,14,0x00,0x00,0x00,#000000
5.220695620000000,0,15,0x00,0x00,0x00,#000000
5.231392520000000,0,0,0x7E,0x00,0x00,#7e0000
5.231420220000000,0,1,0x00,0x00,0x00,#000000
5.231447910000000,0,2,0x00,0x00,0x00,#000000
5.231475600000000,0,3,0x00,0x00,0x00,#000000
5.231503290000000,0,4,0x00,0x00,0x00,#000000
5.231530990000000,0,5,0x00,0x00,0x00,#000000
5.231558680000000,0,6,0x00,0x00,0x00,#000000
5.231586380000000,0,7,0x00,0x00,0x00,#000000
5.231614070000000,0,8,0x00,0x00,0x00,#000000
5.231641760000000,0,9,0x00,0x00,0x00,#000000
5.231669450000000,0,10,0x00,0x00,0x00,#000000
5.231697150000000,0,11,0x00,0x00,0x00,#000000
5.231724840000000,0,12,0x00,0x00,0x00,#000000
5.231752530000000,0,13,0x00,0x00,0x00,#000000
5.231780230000000,0,14,0x00,0x00,0x00,#000000
5.231807920000000,0,15,0x00,0x00,0x00,#000000
5.242379680000000,0,0,0x7E,0x00,0x00,#7e0000
5.242407370000000,0,1,0x00,0x00,0x00,#000000
5.242435070000000,0,2,0x00,0x00,0x00,#000000
5.242462760000000,0,3,0x00,0x00,0x00,#000000
5.242490450000000,0,4,0x00,0x00,0x00,#000000
5.242518140000000,0,5,0x00,0x00,0x00,#000000
5.242545840000000,0,6,0x00,0x00,0x00,#000000
5.242573530000000,0,7,0x00,0x00,0x00,#000000
5.242601220000000,0,8,0x00,0x00,0x00,#000000
5.242628920000000,0,9,0x00,0x00,0x00,#000000
5.242656610000000,0,10,0x00,0x00,0x00,#000000
5.242684300000000,0,11,0x00,0x00,0x00,#000000
5.242711990000000,0,12,0x00,0x00,0x00,#000000
5.242739690000000,0,13,0x00,0x00,0x00,#000000
5.242767380000000,0,14,0x00,0x00,0x00,#000000
5.242795080000000,0,15,0x00,0x00,0x00,#000000
5.253281060000000,0,0,0x7E,0x00,0x00,#7e0000
5.253308760000000,0,1,0x00,0x00,0x00,#000000
5.253336450000000,0,2,0x00,0x00,0x00,#000000
5.253364140000000,0,3,0x00,0x00,0x00,#000000
5.253391830000000,0,4,0x00,0x00,0x00,#000000
5.253419530000000,0,5,0x00,0x00,0x00,#000000
5.253447220000000,0,6,0x00,0x00,0x00,#000000
5.253474910000000,0,7,0x00,0x00,0x00,#000000
5.253502610000000,0,8,0x00,0x00,0x00,#000000
5.253530300000000,0,9,0x00,0x00,0x00,#000000
5.253557990000000,0,10,0x00,0x00,0x00,#000000
5.253585690000000,0,11,0x00,0x00,0x00,#000000
5.253613380000000,0,12,0x00,0x00,0x00,#000000
5.253641070000000,0,13,0x00,0x00,0x00,#000000
5.253668770000000,0,14,0x00,0x00,0x00,#000000
5.253696460000000,0,15,0x00,0x00,0x00,#000000
5.264390480000000,0,0,0x7E,0x00,0x00,#7e0000
5.264418170000000,0,1,0x00,0x00,0x00,#000000
5.264445870000000,0,2,0x00,0x00,0x00,#000000
5.264473560000000,0,3,0x00,0x00,0x00,#000000
5.264501250000000,0,4,0x00,0x00,0x00,#000000
5.264528940000000,0,5,0x00,0x00,0x00,#000000
5.264556640000000,0,6,0x00,0x00,0x00,#000000
5.264584330000000,0,7,0x00,0x00,0x00,#000000
5.264612030000000,0,8,0x00,0x00,0x00,#000000
5.264639720000000,0,9,0x00,0x00,0x00,#000000
5.264667410000000,0,10,0x00,0x00,0x00,#000000
5.264695100000000,0,11,0x00,0x00,0x00,#000000
5.264722800000000,0,12,0x00,0x00,0x00,#000000
5.264750490000000,0,13,0x00,0x00,0x00,#000000
5.264778180000000,0,14,0x00,0x00,0x00,#000000
5.264805880000000,0,15,0x00,0x00,0x00,#000000
5.275376150000000,0,0,0x7E,0x00,0x00,#7e0000
5.275403840000000,0,1,0x00,0x00,0x00,#000000
5.275431530000000,0,2,0x00,0x00,0x00,#000000
5.275459220000000,0,3,0x00,0x00,0x00,#000000
5.275486920000000,0,4,0x00,0x00,0x00,#000000
5.275514610000000,0,5,0x00,0x00,0x00,#000000
5.275542310000000,0,6,0x00,0x00,0x00,#000000
5.275570000000000,0,7,0x00,0x00,0x00,#000000
5.275597690000000,0,8,0x00,0x00,0x00,#000000
5.275625380000000,0,9,0x00,0x00,0x00,#000000
5.275653080000000,0,10,0x00,0x00,0x00,#000000
5.275680770000000,0,11,0x00,0x00,0x00,#000000
5.275708460000000,0,12,0x00,0x00,0x00,#000000
5.275736150000000,0,13,0x00,0x00,0x00,#000000
5.275763850000000,0,14,0x00,0x00,0x00,#000000
5.275791540000000,0,15,0x00,0x00,0x00,#000000
5.286282000000000,0,0,0x7E,0x00,0x00,#7e0000
5.286309690000000,0,1,0x00,0x00,0x00,#000000
5.286337390000000,0,2,0x00,0x00,0x00,#000000
5.286365080000000,0,3,0x00,0x00,0x00,#000000
5.286392780000000,0,4,0x00,0x00,0x00,#000000
5.286420470000000,0,5,0x00,0x00,0x00,#000000
5.286448160000000,0,6,0x00,0x00,0x00,#000000
5.286475850000000,0,7,0x00,0x00,0x00,#000000
5.286503550000000,0,8,0x00,0x00,0x00,#000000
5.286531240000000,0,9,0x00,0x00,0x00,#000000
5.286558930000000,0,10,0x00,0x00,0x00,#000000
5.286586630000000,0,11,0x00,0x00,0x00,#000000
5.286614320000000,0,12,0x00,0x00,0x00,#000000
5.286642010000000,0,13,0x00,0x00,0x00,#000000
5.286669700000000,0,14,0x00,0x00,0x00,#000000
5.286697400000000,0,15,0x00,0x00,0x00,#000000
5.297392580000000,0,0,0x7E,0x00,0x00,#7e0000
5.297420260000000,0,1,0x00,0x00,0x00,#000000
5.297447960000000,0,2,0x00,0x00,0x00,#000000
5.297475650000000,0,3,0x00,0x00,0x00,#000000
5.297503350000000,0,4,0x00,0x00,0x00,#000000
5.297531040000000,0,5,0x00,0x00,0x00,#000000
5.297558730000000,0,6,0x00,0x00,0x00,#000000
5.297586430000000,0,7,0x00,0x00,0x00,#000000
5.297614120000000,0,8,0x00,0x00,0x00,#000000
5.297641810000000,0,9,0x00,0x00,0x00,#000000
5.297669500000000,0,10,0x00,0x00,0x00,#000000
5.297697200000000,0,11,0x00,0x00,0x00,#000000
5.297724890000000,0,12,0x00,0x00,0x00,#000000
5.297752590000000,0,13,0x00,0x00,0x00,#000000
5.297780270000000,0,14,0x00,0x00,0x00,#000000
5.297807970000000,0,15,0x00,0x00,0x00,#000000
5.308383910000000,0,0,0x7E,0x00,0x00,#7e0000
5.308411610000000,0,1,0x00,0x00,0x00,#000000
5.308439300000000,0,2,0x00,0x00,0x00,#000000
5.308466990000000,0,3,0x00,0x00,0x00,#000000
5.308494680000000,0,4,0x00,0x00,0x00,#000000
5.308522380000000,0,5,0x00,0x00,0x00,#000000
5.308550070000000,0,6,0x00,0x00,0x00,#000000
5.308577760000000,0,7,0x00,0x00,0x00,#000000
5.308605460000000,0,8,0x00,0x00,0x00,#000000
5.308633150000000,0,9,0x00,0x00,0x00,#000000
5.308660850000000,0,10,0x00,0x00,0x00,#000000
5.308688530000000,0,11,0x00,0x00,0x00,#000000
5.308716230000000,0,12,0x00,0x00,0x00,#000000
5.308743920000000,0,13,0x00,0x00,0x00,#000000
5.308771620000000,0,14,0x00,0x00,0x00,#000000
5.308799310000000,0,15,0x00,0x00,0x00,#000000
5.319284390000000,0,0,0x7E,0x00,0x00,#7e0000
5.319312070000000,0,1,0x00,0x00,0x00,#000000
5.319339770000000,0,2,0x00,0x00,0x00,#000000
5.319367460000000,0,3,0x00,0x00,0x00,#000000
5.319395160000000,0,4,0x00,0x00,0x00,#000000
5.319422850000000,0,5,0x00,0x00,0x00,#000000
5.319450540000000,0,6,0x00,0x00,0x00,#000000
5.319478230000000,0,7,0x00,0x00,0x00,#000000
5.319505930000000,0,8,0x00,0x00,0x00,#000000
5.319533620000000,0,9,0x00,0x00,0x00,#000000
5.319561310000000,0,10,0x00,0x00,0x00,#000000
5.319589010000000,0,11,0x00,0x00,0x00,#000000
5.319616700000000,0,12,0x00,0x00,0x00,#000000
5.319644390000000,0,13,0x00,0x00,0x00,#000000
5.319672080000000,0,14,0x00,0x00,0x00,#000000
5.319699780000000,0,15,0x00,0x00,0x00,#000000
5.330395240000000,0,0,0x7E,0x00,0x00,#7e0000
5.330422940000000,0,1,0x00,0x00,0x00,#000000
5.330450630000000,0,2,0x00,0x00,0x00,#000000
5.330478320000000,0,3,0x00,0x00,0x00,#000000
5.330506020000000,0,4,0x00,0x00,0x00,#000000
5.330533710000000,0,5,0x00,0x00,0x00,#000000
5.330561400000000,0,6,0x00,0x00,0x00,#000000
5.330589090000000,0,7,0x00,0x00,0x00,#000000
5.330616790000000,0,8,0x00,0x00,0x00,#000000
5.330644480000000,0,9,0x00,0x00,0x00,#000000
5.330672180000000,0,10,0x00,0x00,0x00,#000000
5.330699860000000,0,11,0x00,0x00,0x00,#000000
5.330727560000000,0,12,0x00,0x00,0x00,#000000
5.330755250000000,0,13,0x00,0x00,0x00,#000000
5.330782950000000,0,14,0x00,0x00,0x00,#000000
5.330810640000000,0,15,0x00,0x00,0x00,#000000
5.341378700000000,0,0,0x7E,0x00,0x00,#7e0000
5.341406390000000,0,1,0x00,0x00,0x00,#000000
5.341434080000000,0,2,0x00,0x00,0x00,#000000
5.341461780000000,0,3,0x00,0x00,0x00,#000000
5.341489470000000,0,4,0x00,0x00,0x00,#000000
5.341517160000000,0,5,0x00,0x00,0x00,#000000
5.341544850000000,0,6,0x00,0x00,0x00,#000000
5.341572550000000,0,7,0x00,0x00,0x00,#000000
5.341600240000000,0,8,0x00,0x00,0x00,#000000
5.341627940000000,0,9,0x00,0x00,0x00,#000000
5.341655630000000,0,10,0x00,0x00,0x00,#000000
5.341683320000000,0,11,0x00,0x00,0x00,#000000
5.341711010000000,0,12,0x00,0x00,0x00,#000000
5.341738710000000,0,13,0x00,0x00,0x00,#000000
5.341766400000000,0,14,0x00,0x00,0x00,#000000
5.341794090000000,0,15,0x00,0x00,0x00,#000000
5.352283590000000,0,0,0x7E,0x00,0x00,#7e0000
5.352311280000000,0,1,0x00,0x00,0x00,#000000
5.352338980000000,0,2,0x00,0x00,0x00,#000000
5.352366670000000,0,3,0x00,0x00,0x00,#000000
5.352394360000000,0,4,0x00,0x00,0x00,#000000
5.352422060000000,0,5,0x00,0x00,0x00,#000000
5.352449750000000,0,6,0x00,0x00,0x00,#000000
5.352477440000000,0,7,0x00,0x00,0x00,#000000
5.352505130000000,0,8,0x00,0x00,0x00,#000000
5.352532830000000,0,9,0x00,0x00,0x00,#000000
5.352560520000000,0,10,0x00,0x00,0x00,#000000
5.352588220000000,0,11,0x00,0x00,0x00,#000000
5.352615910000000,0,12,0x00,0x00,0x00,#000000
5.352643600000000,0,13,0x00,0x00,0x00,#000000
5.352671290000000,0,14,0x00,0x00,0x00,#000000
5.352698990000000,0,15,0x00,0x00,0x00,#000000
5.363399840000000,0,0,0x7E,0x00,0x00,#7e0000
5.363427530000000,0,1,0x00,0x00,0x00,#000000
5.363455220000000,0,2,0x00,0x00,0x00,#000000
5.363482910000000,0,3,0x00,0x00,0x00,#000000
5.363510610000000,0,4,0x00,0x00,0x00,#000000
5.363538300000000,0,5,0x00,0x00,0x00,#000000
5.363566000000000,0,6,0x00,0x00,0x00,#000000
5.363593690000000,0,7,0x00,0x00,0x00,#000000
5.363621380000000,0,8,0x00,0x00,0x00,#000000
5.363649070000000,0,9,0x00,0x00,0x00,#000000
5.363676770000000,0,10,0x00,0x00,0x00,#000000
5.363704460000000,0,11,0x00,0x00,0x00,#000000
5.363732150000000,0,12,0x00,0x00,0x00,#000000
5.363759850000000,0,13,0x00,0x00,0x00,#000000
5.363787540000000,0,14,0x00,0x00,0x00,#000000
5.363815230000000,0,15,0x00,0x00,0x00,#000000
5.374394350000000,0,0,0x7E,0x00,0x00,#7e0000
5.374422040000000,0,1,0x00,0x00,0x00,#000000
5.374449730000000,0,2,0x00,0x00,0x00,#000000
5.374477430000000,0,3,0x00,0x00,0x00,#000000
5.374505120000000,0,4,0x00,0x00,0x00,#000000
5.374532820000000,0,5,0x00,0x00,0x00,#000000
5.374560500000000,0,6,0x00,0x00,0x00,#000000
5.374588200000000,0,7,0x00,0x00,0x00,#000000
5.374615890000000,0,8,0x00,0x00,0x00,#000000
5.374643590000000,0,9,0x00,0x00,0x00,#000000
5.374671280000000,0,10,0x00,0x00,0x00,#000000
5.374698970000000,0,11,0x00,0x00,0x00,#000000
5.374726660000000,0,12,0x00,0x00,0x00,#000000
5.374754360000000,0,13,0x00,0x00,0x00,#000000
5.374782050000000,0,14,0x00,0x00,0x00,#000000
5.374809740000000,0,15,0x00,0x00,0x00,#000000
5.385284430000000,0,0,0x7E,0x00,0x00,#7e0000
5.385312130000000,0,1,0x00,0x00,0x00,#000000
5.385339820000000,0,2,0x00,0x00,0x00,#000000
5.385367510000000,0,3,0x00,0x00,0x00,#000000
5.385395200000000,0,4,0x00,0x00,0x00,#000000
5.385422900000000,0,5,0x00,0x00,0x00,#000000
5.385450590000000,0,6,0x00,0x00,0x00,#000000
5.385478280000000,0,7,0x00,0x00,0x00,#000000
5.385505980000000,0,8,0x00,0x00,0x00,#000000
5.385533670000000,0,9,0x00,0x00,0x00,#000000
5.385561370000000,0,10,0x00,0x00,0x00,#000000
5.385589060000000,0,11,0x00,0x00,0x00,#000000
5.385616750000000,0,12,0x00,0x00,0x00,#000000
5.385644440000000,0,13,0x00,0x00,0x00,#000000
5.385672140000000,0,14,0x00,0x00,0x00,#000000
5.385699830000000,0,15,0x00,0x00,0x00,#000000
5.396389340000000,0,0,0x7E,0x00,0x00,#7e0000
5.396417020000000,0,1,0x00,0x00,0x00,#000000
5.396444720000000,0,2,0x00,0x00,0x00,#000000
5.396472410000000,0,3,0x00,0x00,0x00,#000000
5.396500110000000,0,4,0x00,0x00,0x00,#000000
5.396527800000000,0,5,0x00,0x00,0x00,#000000
5.396555490000000,0,6,0x00,0x00,0x00,#000000
5.396583180000000,0,7,0x00,0x00,0x00,#000000
5.396610880000000,0,8,0x00,0x00,0x00,#000000
5.396638570000000,0,9,0x00,0x00,0x00,#000000
5.396666260000000,0,10,0x00,0x00,0x00,#000000
5.396693960000000,0,11,0x00,0x00,0x00,#000000
5.396721650000000,0,12,0x00,0x00,0x00,#000000
5.396749350000000,0,13,0x00,0x00,0x00,#000000
5.396777030000000,0,14,0x00,0x00,0x00,#000000
5.396804730000000,0,15,0x00,0x00,0x00,#000000
5.407398600000000,0,0,0x7E,0x00,0x00,#7e0000
5.407426300000000,0,1,0x00,0x00,0x00,#000000
5.407453990000000,0,2,0x00,0x00,0x00,#000000
5.407481680000000,0,3,0x00,0x00,0x00,#000000
5.407509380000000,0,4,0x00,0x00,0x00,#000000
5.407537070000000,0,5,0x00,0x00,0x00,#000000
5.407564760000000,0,6,0x00,0x00,0x00,#000000
5.407592450000000,0,7,0x00,0x00,0x00,#000000
5.407620150000000,0,8,0x00,0x00,0x00,#000000
5.407647840000000,0,9,0x00,0x00,0x00,#000000
5.407675540000000,0,10,0x00,0x00,0x00,#000000
5.407703220000000,0,11,0x00,0x00,0x00,#000000
5.407730920000000,0,12,0x00,0x00,0x00,#000000
5.407758610000000,0,13,0x00,0x00,0x00,#000000
5.407786310000000,0,14,0x00,0x00,0x00,#000000
5.407814000000000,0,15,0x00,0x00,0x00,#000000
5.418285330000000,0,0,0x7E,0x00,0x00,#7e0000
5.418313020000000,0,1,0x00,0x00,0x00,#000000
5.418340710000000,0,2,0x00,0x00,0x00,#000000
5.418368400000000,0,3,0x00,0x00,0x00,#000000
5.418396100000000,0,4,0x00,0x00,0x00,#000000
5.418423790000000,0,5,0x00,0x00,0x00,#000000
5.418451480000000,0,6,0x00,0x00,0x00,#000000
5.418479170000000,0,7,0x00,0x00,0x00,#000000
5.418506870000000,0,8,0x00,0x00,0x00,#000000
5.418534560000000,0,9,0x00,0x00,0x00,#000000
5.418562250000000,0,10,0x00,0x00,0x00,#000000
5.418589950000000,0,11,0x00,0x00,0x00,#000000
5.418617640000000,0,12,0x00,0x00,0x00,#000000
5.418645340000000,0,13,0x00,0x00,0x00,#000000
5.418673030000000,0,14,0x00,0x00,0x00,#000000
5.418700720000000,0,15,0x00,0x00,0x00,#000000
5.429392680000000,0,0,0x7E,0x00,0x00,#7e0000
5.429420370000000,0,1,0x00,0x00,0x00,#000000
5.429448060000000,0,2,0x00,0x00,0x00,#000000
5.429475760000000,0,3,0x00,0x00,0x00,#000000
5.429503450000000,0,4,0x00,0x00,0x00,#000000
5.429531140000000,0,5,0x00,0x00,0x00,#000000
5.429558830000000,0,6,0x00,0x00,0x00,#000000
5.429586530000000,0,7,0x00,0x00,0x00,#000000
5.429614220000000,0,8,0x00,0x00,0x00,#000000
5.429641910000000,0,9,0x00,0x00,0x00,#000000
5.429669600000000,0,10,0x00,0x00,0x00,#000000
5.429697300000000,0,11,0x00,0x00,0x00,#000000
5.429724990000000,0,12,0x00,0x00,0x00,#000000
5.429752690000000,0,13,0x00,0x00,0x00,#000000
5.429780380000000,0,14,0x00,0x00,0x00,#000000
5.429808070000000,0,15,0x00,0x00,0x00,#000000
5.440380460000000,0,0,0x7E,0x00,0x00,#7e0000
5.440408150000000,0,1,0x00,0x00,0x00,#000000
5.440435840000000,0,2,0x00,0x00,0x00,#000000
5.440463540000000,0,3,0x00,0x00,0x00,#000000
5.440491230000000,0,4,0x00,0x00,0x00,#000000
5.440518920000000,0,5,0x00,0x00,0x00,#000000
5.440546610000000,0,6,0x00,0x00,0x00,#000000
5.440574310000000,0,7,0x00,0x00,0x00,#000000
5.440602000000000,0,8,0x00,0x00,0x00,#000000
5.440629690000000,0,9,0x00,0x00,0x00,#000000
5.440657380000000,0,10,0x00,0x00,0x00,#000000
5.440685080000000,0,11,0x00,0x00,0x00,#000000
5.440712770000000,0,12,0x00,0x00,0x00,#000000
5.440740470000000,0,13,0x00,0x00,0x00,#000000
5.440768160000000,0,14,0x00,0x00,0x00,#000000
5.440795850000000,0,15,0x00,0x00,0x00,#000000
5.451286790000000,0,0,0x7E,0x00,0x00,#7e0000
5.451314490000000,0,1,0x00,0x00,0x00,#000000
5.451342180000000,0,2,0x00,0x00,0x00,#000000
5.451369870000000,0,3,0x00,0x00,0x00,#000000
5.451397570000000,0,4,0x00,0x00,0x00,#000000
5.451425260000000,0,5,0x00,0x00,0x00,#000000
5.451452950000000,0,6,0x00,0x00,0x00,#000000
5.451480640000000,0,7,0x00,0x00,0x00,#000000
5.451508340000000,0,8,0x00,0x00,0x00,#000000
5.451536030000000,0,9,0x00,0x00,0x00,#000000
5.451563720000000,0,10,0x00,0x00,0x00,#000000
5.451591410000000,0,11,0x00,0x00,0x00,#000000
5.451619110000000,0,12,0x00,0x00,0x00,#000000
5.451646800000000,0,13,0x00,0x00,0x00,#000000
5.451674500000000,0,14,0x00,0x00,0x00,#000000
5.451702190000000,0,15,0x00,0x00,0x00,#000000
5.462396830000000,0,0,0x7E,0x00,0x00,#7e0000
5.462424530000000,0,1,0x00,0x00,0x00,#000000
5.462452220000000,0,2,0x00,0x00,0x00,#000000
5.462479920000000,0,3,0x00,0x00,0x00,#000000
5.462507600000000,0,4,0x00,0x00,0x00,#000000
5.462535300000000,0,5,0x00,0x00,0x00,#000000
5.462562990000000,0,6,0x00,0x00,0x00,#000000
5.462590690000000,0,7,0x00,0x00,0x00,#000000
5.462618380000000,0,8,0x00,0x00,0x00,#000000
5.462646070000000,0,9,0x00,0x00,0x00,#000000
5.462673770000000,0,10,0x00,0x00,0x00,#000000
5.462701460000000,0,11,0x00,0x00,0x00,#000000
5.462729150000000,0,12,0x00,0x00,0x00,#000000
5.462756840000000,0,13,0x00,0x00,0x00,#000000
5.462784540000000,0,14,0x00,0x00,0x00,#000000
5.462812230000000,0,15,0x00,0x00,0x00,#000000
5.473379380000000,0,0,0x7E,0x00,0x00,#7e0000
5.473407070000000,0,1,0x00,0x00,0x00,#000000
5.473434760000000,0,2,0x00,0x00,0x00,#000000
5.473462450000000,0,3,0x00,0x00,0x00,#000000
5.473490150000000,0,4,0x00,0x00,0x00,#000000
5.473517840000000,0,5,0x00,0x00,0x00,#000000
5.473545530000000,0,6,0x00,0x00,0x00,#000000
5.473573230000000,0,7,0x00,0x00,0x00,#000000
5.473600920000000,0,8,0x00,0x00,0x00,#000000
5.473628610000000,0,9,0x00,0x00,0x00,#000000
5.473656310000000,0,10,0x00,0x00,0x00,#000000
5.473684000000000,0,11,0x00,0x00,0x00,#000000
5.473711690000000,0,12,0x00,0x00,0x00,#000000
5.473739390000000,0,13,0x00,0x00,0x00,#000000
5.473767080000000,0,14,0x00,0x00,0x00,#000000
5.473794770000000,0,15,0x00,0x00,0x00,#000000
5.484287870000000,0,0,0x7E,0x00,0x00,#7e0000
5.484315570000000,0,1,0x00,0x00,0x00,#000000
5.484343260000000,0,2,0x00,0x00,0x00,#000000
5.484370960000000,0,3,0x00,0x00,0x00,#000000
5.484398650000000,0,4,0x00,0x00,0x00,#000000
5.484426340000000,0,5,0x00,0x00,0x00,#000000
5.484454030000000,0,6,0x00,0x00,0x00,#000000
5.484481730000000,0,7,0x00,0x00,0x00,#000000
5.484509420000000,0,8,0x00,0x00,0x00,#000000
5.484537110000000,0,9,0x00,0x00,0x00,#000000
5.484564810000000,0,10,0x00,0x00,0x00,#000000
5.484592500000000,0,11,0x00,0x00,0x00,#000000
5.484620190000000,0,12,0x00,0x00,0x00,#000000
5.484647880000000,0,13,0x00,0x00,0x00,#000000
5.484675580000000,0,14,0x00,0x00,0x00,#000000
5.484703270000000,0,15,0x00,0x00,0x00,#000000
5.495399170000000,0,0,0x7E,0x00,0x00,#7e0000
5.495426860000000,0,1,0x00,0x00,0x00,#000000
5.495454550000000,0,2,0x00,0x00,0x00,#000000
5.495482250000000,0,3,0x00,0x00,0x00,#000000
5.495509940000000,0,4,0x00,0x00,0x00,#000000
5.495537640000000,0,5,0x00,0x00,0x00,#000000
5.495565320000000,0,6,0x00,0x00,0x00,#000000
5.495593020000000,0,7,0x00,0x00,0x00,#000000
5.495620710000000,0,8,0x00,0x00,0x00,#000000
5.495648410000000,0,9,0x00,0x00,0x00,#000000
5.495676100000000,0,10,0x00,0x00,0x00,#000000
5.495703790000000,0,11,0x00,0x00,0x00,#000000
5.495731480000000,0,12,0x00,0x00,0x00,#000000
5.495759180000000,0,13,0x00,0x00,0x00,#000000
5.495786870000000,0,14,0x00,0x00,0x00,#000000
5.495814560000000,0,15,0x00,0x00,0x00,#000000
5.506392100000000,0,0,0x7E,0x00,0x00,#7e0000
5.506419790000000,0,1,0x00,0x00,0x00,#000000
5.506447480000000,0,2,0x00,0x00,0x00,#000000
5.506475170000000,0,3,0x00,0x00,0x00,#000000
5.506502870000000,0,4,0x00,0x00,0x00,#000000
5.506530560000000,0,5,0x00,0x00,0x00,#000000
5.506558250000000,0,6,0x00,0x00,0x00,#000000
5.506585940000000,0,7,0x00,0x00,0x00,#000000
5.506613640000000,0,8,0x00,0x00,0x00,#000000
5.506641330000000,0,9,0x00,0x00,0x00,#000000
5.506669030000000,0,10,0x00,0x00,0x00,#000000
5.506696710000000,0,11,0x00,0x00,0x00,#000000
5.506724410000000,0,12,0x00,0x00,0x00,#000000
5.506752100000000,0,13,0x00,0x00,0x00,#000000
5.506779800000000,0,14,0x00,0x00,0x00,#000000
5.506807490000000,0,15,0x00,0x00,0x00,#000000
5.517287950000000,0,0,0x7E,0x00,0x00,#7e0000
5.517315640000000,0,1,0x00,0x00,0x00,#000000
5.517343340000000,0,2,0x00,0x00,0x00,#000000
5.517371020000000,0,3,0x00,0x00,0x00,#000000
5.517398720000000,0,4,0x00,0x00,0x00,#000000
5.517426410000000,0,5,0x00,0x00,0x00,#000000
5.517454110000000,0,6,0x00,0x00,0x00,#000000
5.517481800000000,0,7,0x00,0x00,0x00,#000000
5.517509490000000,0,8,0x00,0x00,0x00,#000000
5.517537190000000,0,9,0x00,0x00,0x00,#000000
5.517564880000000,0,10,0x00,0x00,0x00,#000000
5.517592570000000,0,11,0x00,0x00,0x00,#000000
5.517620260000000,0,12,0x00,0x00,0x00,#000000
5.517647960000000,0,13,0x00,0x00,0x00,#000000
5.517675650000000,0,14,0x00,0x00,0x00,#000000
5.517703350000000,0,15,0x00,0x00,0x00,#000000
5.528396840000000,0,0,0x7E,0x00,0x00,#7e0000
5.528424530000000,0,1,0x00,0x00,0x00,#000000
5.528452230000000,0,2,0x00,0x00,0x00,#000000
5.528479910000000,0,3,0x00,0x00,0x00,#000000
5.528507610000000,0,4,0x00,0x00,0x00,#000000
5.528535300000000,0,5,0x00,0x00,0x00,#000000
5.528563000000000,0,6,0x00,0x00,0x00,#000000
5.528590690000000,0,7,0x00,0x00,0x00,#000000
5.528618380000000,0,8,0x00,0x00,0x00,#000000
5.528646070000000,0,9,0x00,0x00,0x00,#000000
5.528673770000000,0,10,0x00,0x00,0x00,#000000
5.528701460000000,0,11,0x00,0x00,0x00,#000000
5.528729150000000,0,12,0x00,0x00,0x00,#000000
5.528756850000000,0,13,0x00,0x00,0x00,#000000
5.528784540000000,0,14,0x00,0x00,0x00,#000000
5.528812240000000,0,15,0x00,0x00,0x00,#000000
5.539381970000000,0,0,0x7E,0x00,0x00,#7e0000
5.539409670000000,0,1,0x00,0x00,0x00,#000000
5.539437360000000,0,2,0x00,0x00,0x00,#000000
5.539465050000000,0,3,0x00,0x00,0x00,#000000
5.539492750000000,0,4,0x00,0x00,0x00,#000000
5.539520440000000,0,5,0x00,0x00,0x00,#000000
5.539548130000000,0,6,0x00,0x00,0x00,#000000
5.539575820000000,0,7,0x00,0x00,0x00,#000000
5.539603520000000,0,8,0x00,0x00,0x00,#000000
5.539631210000000,0,9,0x00,0x00,0x00,#000000
5.539658910000000,0,10,0x00,0x00,0x00,#000000
5.539686590000000,0,11,0x00,0x00,0x00,#000000
5.539714290000000,0,12,0x00,0x00,0x00,#000000
5.539741980000000,0,13,0x00,0x00,0x00,#000000
5.539769680000000,0,14,0x00,0x00,0x00,#000000
5.539797370000000,0,15,0x00,0x00,0x00,#000000
5.550288650000000,0,0,0x7E,0x00,0x00,#7e0000
5.550316340000000,0,1,0x00,0x00,0x00,#000000
5.550344030000000,0,2,0x00,0x00,0x00,#000000
5.550371720000000,0,3,0x00,0x00,0x00,#000000
5.550399420000000,0,4,0x00,0x00,0x00,#000000
5.550427110000000,0,5,0x00,0x00,0x00,#000000
5.550454810000000,0,6,0x00,0x00,0x00,#000000
5.550482490000000,0,7,0x00,0x00,0x00,#000000
5.550510190000000,0,8,0x00,0x00,0x00,#000000
5.550537880000000,0,9,0x00,0x00,0x00,#000000
5.550565580000000,0,10,0x00,0x00,0x00,#000000
5.550593270000000,0,11,0x00,0x00,0x00,#000000
5.550620960000000,0,12,0x00,0x00,0x00,#000000
5.550648660000000,0,13,0x00,0x00,0x00,#000000
5.550676350000000,0,14,0x00,0x00,0x00,#000000
5.550704040000000,0,15,0x00,0x00,0x00,#000000
5.561398400000000,0,0,0x7E,0x00,0x00,#7e0000
5.561426090000000,0,1,0x00,0x00,0x00,#000000
5.561453790000000,0,2,0x00,0x00,0x00,#000000
5.561481480000000,0,3,0x00,0x00,0x00,#000000
5.561509180000000,0,4,0x00,0x00,0x00,#000000
5.561536860000000,0,5,0x00,0x00,0x00,#000000
5.561564560000000,0,6,0x00,0x00,0x00,#000000
5.561592250000000,0,7,0x00,0x00,0x00,#000000
5.561619950000000,0,8,0x00,0x00,0x00,#000000
5.561647640000000,0,9,0x00,0x00,0x00,#000000
5.561675330000000,0,10,0x00,0x00,0x00,#000000
5.561703020000000,0,11,0x00,0x00,0x00,#000000
5.561730720000000,0,12,0x00,0x00,0x00,#000000
5.561758410000000,0,13,0x00,0x00,0x00,#000000
5.561786100000000,0,14,0x00,0x00,0x00,#000000
5.561813800000000,0,15,0x00,0x00,0x00,#000000
5.572701670000000,0,0,0x7E,0x00,0x00,#7e0000
5.572729360000000,0,1,0x00,0x00,0x00,#000000
5.572757060000000,0,2,0x00,0x00,0x00,#000000
5.572784750000000,0,3,0x00,0x00,0x00,#000000
5.572812440000000,0,4,0x00,0x00,0x00,#000000
5.572840130000000,0,5,0x00,0x00,0x00,#000000
5.572867830000000,0,6,0x00,0x00,0x00,#000000
5.572895520000000,0,7,0x00,0x00,0x00,#000000
5.572923220000000,0,8,0x00,0x00,0x00,#000000
5.572950910000000,0,9,0x00,0x00,0x00,#000000
5.572978600000000,0,10,0x00,0x00,0x00,#000000
5.573006290000000,0,11,0x00,0x00,0x00,#000000
5.573033990000000,0,12,0x00,0x00,0x00,#000000
5.573061680000000,0,13,0x00,0x00,0x00,#000000
5.573089370000000,0,14,0x00,0x00,0x00,#000000
5.573117070000000,0,15,0x00,0x00,0x00,#000000
5.583289490000000,0,0,0x7E,0x00,0x00,#7e0000
5.583317180000000,0,1,0x00,0x00,0x00,#000000
5.583344880000000,0,2,0x00,0x00,0x00,#000000
5.583372570000000,0,3,0x00,0x00,0x00,#000000
5.583400260000000,0,4,0x00,0x00,0x00,#000000
5.583427950000000,0,5,0x00,0x00,0x00,#000000
5.583455650000000,0,6,0x00,0x00,0x00,#000000
5.583483340000000,0,7,0x00,0x00,0x00,#000000
5.583511030000000,0,8,0x00,0x00,0x00,#000000
5.583538730000000,0,9,0x00,0x00,0x00,#000000
5.583566420000000,0,10,0x00,0x00,0x00,#000000
5.583594110000000,0,11,0x00,0x00,0x00,#000000
5.583621800000000,0,12,0x00,0x00,0x00,#000000
5.583649500000000,0,13,0x00,0x00,0x00,#000000
5.583677190000000,0,14,0x00,0x00,0x00,#000000
5.583704890000000,0,15,0x00,0x00,0x00,#000000
5.594399920000000,0,0,0x7E,0x00,0x00,#7e0000
5.594427610000000,0,1,0x00,0x00,0x00,#000000
5.594455300000000,0,2,0x00,0x00,0x00,#000000
5.594482990000000,0,3,0x00,0x00,0x00,#000000
5.594510690000000,0,4,0x00,0x00,0x00,#000000
5.594538380000000,0,5,0x00,0x00,0x00,#000000
5.594566080000000,0,6,0x00,0x00,0x00,#000000
5.594593770000000,0,7,0x00,0x00,0x00,#000000
5.594621460000000,0,8,0x00,0x00,0x00,#000000
5.594649150000000,0,9,0x00,0x00,0x00,#000000
5.594676850000000,0,10,0x00,0x00,0x00,#000000
5.594704540000000,0,11,0x00,0x00,0x00,#000000
5.594732230000000,0,12,0x00,0x00,0x00,#000000
5.594759920000000,0,13,0x00,0x00,0x00,#000000
5.594787620000000,0,14,0x00,0x00,0x00,#000000
5.594815310000000,0,15,0x00,0x00,0x00,#000000
5.605391400000000,0,0,0x7E,0x00,0x00,#7e0000
5.605419090000000,0,1,0x00,0x00,0x00,#000000
5.605446790000000,0,2,0x00,0x00,0x00,#000000
5.605474480000000,0,3,0x00,0x00,0x00,#000000
5.605502170000000,0,4,0x00,0x00,0x00,#000000
5.605529860000000,0,5,0x00,0x00,0x00,#000000
5.605557560000000,0,6,0x00,0x00,0x00,#000000
5.605585250000000,0,7,0x00,0x00,0x00,#000000
5.605612950000000,0,8,0x00,0x00,0x00,#000000
5.605640630000000,0,9,0x00,0x00,0x00,#000000
5.605668330000000,0,10,0x00,0x00,0x00,#000000
5.605696020000000,0,11,0x00,0x00,0x00,#000000
5.605723720000000,0,12,0x00,0x00,0x00,#000000
5.605751410000000,0,13,0x00,0x00,0x00,#000000
5.605779100000000,0,14,0x00,0x00,0x00,#000000
5.605806790000000,0,15,0x00,0x00,0x00,#000000
5.616290330000000,0,0,0x7E,0x00,0x00,#7e0000
5.616318020000000,0,1,0x00,0x00,0x00,#000000
5.616345720000000,0,2,0x00,0x00,0x00,#000000
5.616373410000000,0,3,0x00,0x00,0x00,#000000
5.616401100000000,0,4,0x00,0x00,0x00,#000000
5.616428800000000,0,5,0x00,0x00,0x00,#000000
5.616456490000000,0,6,0x00,0x00,0x00,#000000
5.616484180000000,0,7,0x00,0x00,0x00,#000000
5.616511870000000,0,8,0x00,0x00,0x00,#000000
5.616539570000000,0,9,0x00,0x00,0x00,#000000
5.616567260000000,0,10,0x00,0x00,0x00,#000000
5.616594960000000,0,11,0x00,0x00,0x00,#000000
5.616622650000000,0,12,0x00,0x00,0x00,#000000
5.616650340000000,0,13,0x00,0x00,0x00,#000000
5.616678030000000,0,14,0x00,0x00,0x00,#000000
5.616705730000000,0,15,0x00,0x00,0x00,#000000
5.627749860000000,0,0,0x7E,0x00,0x00,#7e0000
5.627777550000000,0,1,0x00,0x00,0x00,#000000
5.627805240000000,0,2,0x00,0x00,0x00,#000000
5.627832930000000,0,3,0x00,0x00,0x00,#000000
5.627860630000000,0,4,0x00,0x00,0x00,#000000
5.627888320000000,0,5,0x00,0x00,0x00,#000000
5.627916020000000,0,6,0x00,0x00,0x00,#000000
5.627943700000000,0,7,0x00,0x00,0x00,#000000
5.627971400000000,0,8,0x00,0x00,0x00,#000000
5.627999090000000,0,9,0x00,0x00,0x00,#000000
5.628026790000000,0,10,0x00,0x00,0x00,#000000
5.628054470000000,0,11,0x00,0x00,0x00,#000000
5.628082170000000,0,12,0x00,0x00,0x00,#000000
5.628109860000000,0,13,0x00,0x00,0x00,#000000
5.628137560000000,0,14,0x00,0x00,0x00,#000000
5.628165250000000,0,15,0x00,0x00,0x00,#000000
5.638590130000000,0,0,0x7E,0x00,0x00,#7e0000
5.638617830000000,0,1,0x00,0x00,0x00,#000000
5.638645520000000,0,2,0x00,0x00,0x00,#000000
5.638673210000000,0,3,0x00,0x00,0x00,#000000
5.638700900000000,0,4,0x00,0x00,0x00,#000000
5.638728600000000,0,5,0x00,0x00,0x00,#000000
5.638756290000000,0,6,0x00,0x00,0x00,#000000
5.638783980000000,0,7,0x00,0x00,0x00,#000000
5.638811670000000,0,8,0x00,0x00,0x00,#000000
5.638839370000000,0,9,0x00,0x00,0x00,#000000
5.638867060000000,0,10,0x00,0x00,0x00,#000000
5.638894750000000,0,11,0x00,0x00,0x00,#000000
5.638922450000000,0,12,0x00,0x00,0x00,#000000
5.638950140000000,0,13,0x00,0x00,0x00,#000000
5.638977830000000,0,14,0x00,0x00,0x00,#000000
5.639005530000000,0,15,0x00,0x00,0x00,#000000
5.649291170000000,0,0,0x7E,0x00,0x00,#7e0000
5.649318870000000,0,1,0x00,0x00,0x00,#000000
5.649346560000000,0,2,0x00,0x00,0x00,#000000
5.649374250000000,0,3,0x00,0x00,0x00,#000000
5.649401940000000,0,4,0x00,0x00,0x00,#000000
5.649429640000000,0,5,0x00,0x00,0x00,#000000
5.649457330000000,0,6,0x00,0x00,0x00,#000000
5.649485020000000,0,7,0x00,0x00,0x00,#000000
5.649512720000000,0,8,0x00,0x00,0x00,#000000
5.649540410000000,0,9,0x00,0x00,0x00,#000000
5.649568110000000,0,10,0x00,0x00,0x00,#000000
5.649595800000000,0,11,0x00,0x00,0x00,#000000
5.649623490000000,0,12,0x00,0x00,0x00,#000000
5.649651180000000,0,13,0x00,0x00,0x00,#000000
5.649678880000000,0,14,0x00,0x00,0x00,#000000
5.649706570000000,0,15,0x00,0x00,0x00,#000000
5.660389830000000,0,0,0x7E,0x00,0x00,#7e0000
5.660417510000000,0,1,0x00,0x00,0x00,#000000
5.660445210000000,0,2,0x00,0x00,0x00,#000000
5.660472900000000,0,3,0x00,0x00,0x00,#000000
5.660500600000000,0,4,0x00,0x00,0x00,#000000
5.660528290000000,0,5,0x00,0x00,0x00,#000000
5.660555980000000,0,6,0x00,0x00,0x00,#000000
5.660583670000000,0,7,0x00,0x00,0x00,#000000
5.660611370000000,0,8,0x00,0x00,0x00,#000000
5.660639060000000,0,9,0x00,0x00,0x00,#000000
5.660666750000000,0,10,0x00,0x00,0x00,#000000
5.660694440000000,0,11,0x00,0x00,0x00,#000000
5.660722140000000,0,12,0x00,0x00,0x00,#000000
5.660749830000000,0,13,0x00,0x00,0x00,#000000
5.660777520000000,0,14,0x00,0x00,0x00,#000000
5.660805220000000,0,15,0x00,0x00,0x00,#000000
5.671400110000000,0,0,0x7E,0x00,0x00,#7e0000
5.671427790000000,0,1,0x00,0x00,0x00,#000000
5.671455490000000,0,2,0x00,0x00,0x00,#000000
5.671483180000000,0,3,0x00,0x00,0x00,#000000
5.671510880000000,0,4,0x00,0x00,0x00,#000000
5.671538570000000,0,5,0x00,0x00,0x00,#000000
5.671566260000000,0,6,0x00,0x00,0x00,#000000
5.671593950000000,0,7,0x00,0x00,0x00,#000000
5.671621650000000,0,8,0x00,0x00,0x00,#000000
5.671649340000000,0,9,0x00,0x00,0x00,#000000
5.671677030000000,0,10,0x00,0x00,0x00,#000000
5.671704730000000,0,11,0x00,0x00,0x00,#000000
5.671732420000000,0,12,0x00,0x00,0x00,#000000
5.671760120000000,0,13,0x00,0x00,0x00,#000000
5.671787800000000,0,14,0x00,0x00,0x00,#000000
5.671815500000000,0,15,0x00,0x00,0x00,#000000
5.682292020000000,0,0,0x7E,0x00,0x00,#7e0000
5.682319710000000,0,1,0x00,0x00,0x00,#000000
5.682347400000000,0,2,0x00,0x00,0x00,#000000
5.682375090000000,0,3,0x00,0x00,0x00,#000000
5.682402790000000,0,4,0x00,0x00,0x00,#000000
5.682430480000000,0,5,0x00,0x00,0x00,#000000
5.682458180000000,0,6,0x00,0x00,0x00,#000000
5.682485860000000,0,7,0x00,0x00,0x00,#000000
5.682513560000000,0,8,0x00,0x00,0x00,#000000
5.682541250000000,0,9,0x00,0x00,0x00,#000000
5.682568950000000,0,10,0x00,0x00,0x00,#000000
5.682596640000000,0,11,0x00,0x00,0x00,#000000
5.682624330000000,0,12,0x00,0x00,0x00,#000000
5.682652020000000,0,13,0x00,0x00,0x00,#000000
5.682679720000000,0,14,0x00,0x00,0x00,#000000
5.682707410000000,0,15,0x00,0x00,0x00,#000000
5.693457210000000,0,0,0x7E,0x00,0x00,#7e0000
5.693484890000000,0,1,0x00,0x00,0x00,#000000
5.693512590000000,0,2,0x00,0x00,0x00,#000000
5.693540280000000,0,3,0x00,0x00,0x00,#000000
5.693567980000000,0,4,0x00,0x00,0x00,#000000
5.693595670000000,0,5,0x00,0x00,0x00,#000000
5.693623360000000,0,6,0x00,0x00,0x00,#000000
5.693651050000000,0,7,0x00,0x00,0x00,#000000
5.693678750000000,0,8,0x00,0x00,0x00,#000000
5.693706440000000,0,9,0x00,0x00,0x00,#000000
5.693734130000000,0,10,0x00,0x00,0x00,#000000
5.693761830000000,0,11,0x00,0x00,0x00,#000000
5.693789520000000,0,12,0x00,0x00,0x00,#000000
5.693817220000000,0,13,0x00,0x00,0x00,#000000
5.693844900000000,0,14,0x00,0x00,0x00,#000000
5.693872600000000,0,15,0x00,0x00,0x00,#000000
5.704389450000000,0,0,0x7E,0x00,0x00,#7e0000
5.704417150000000,0,1,0x00,0x00,0x00,#000000
5.704444840000000,0,2,0x00,0x00,0x00,#000000
5.704472530000000,0,3,0x00,0x00,0x00,#000000
5.704500230000000,0,4,0x00,0x00,0x00,#000000
5.704527920000000,0,5,0x00,0x00,0x00,#000000
5.704555610000000,0,6,0x00,0x00,0x00,#000000
5.704583300000000,0,7,0x00,0x00,0x00,#000000
5.704611000000000,0,8,0x00,0x00,0x00,#000000
5.704638690000000,0,9,0x00,0x00,0x00,#000000
5.704666390000000,0,10,0x00,0x00,0x00,#000000
5.704694080000000,0,11,0x00,0x00,0x00,#000000
5.704721770000000,0,12,0x00,0x00,0x00,#000000
5.704749460000000,0,13,0x00,0x00,0x00,#000000
5.704777160000000,0,14,0x00,0x00,0x00,#000000
5.704804850000000,0,15,0x00,0x00,0x00,#000000
5.715292860000000,0,0,0x7E,0x00,0x00,#7e0000
5.715320550000000,0,1,0x00,0x00,0x00,#000000
5.715348250000000,0,2,0x00,0x00,0x00,#000000
5.715375930000000,0,3,0x00,0x00,0x00,#000000
5.715403630000000,0,4,0x00,0x00,0x00,#000000
5.715431320000000,0,5,0x00,0x00,0x00,#000000
5.715459020000000,0,6,0x00,0x00,0x00,#000000
5.715486710000000,0,7,0x00,0x00,0x00,#000000
5.715514400000000,0,8,0x00,0x00,0x00,#000000
5.715542090000000,0,9,0x00,0x00,0x00,#000000
5.715569790000000,0,10,0x00,0x00,0x00,#000000
5.715597480000000,0,11,0x00,0x00,0x00,#000000
5.715625170000000,0,12,0x00,0x00,0x00,#000000
5.715652870000000,0,13,0x00,0x00,0x00,#000000
5.715680560000000,0,14,0x00,0x00,0x00,#000000
5.715708260000000,0,15,0x00,0x00,0x00,#000000
5.726401460000000,0,0,0x7E,0x00,0x00,#7e0000
5.726429150000000,0,1,0x00,0x00,0x00,#000000
5.726456840000000,0,2,0x00,0x00,0x00,#000000
5.726484540000000,0,3,0x00,0x00,0x00,#000000
5.726512230000000,0,4,0x00,0x00,0x00,#000000
5.726539930000000,0,5,0x00,0x00,0x00,#000000
5.726567610000000,0,6,0x00,0x00,0x00,#000000
5.726595310000000,0,7,0x00,0x00,0x00,#000000
5.726623000000000,0,8,0x00,0x00,0x00,#000000
5.726650700000000,0,9,0x00,0x00,0x00,#000000
5.726678390000000,0,10,0x00,0x00,0x00,#000000
5.726706080000000,0,11,0x00,0x00,0x00,#000000
5.726733770000000,0,12,0x00,0x00,0x00,#000000
5.726761470000000,0,13,0x00,0x00,0x00,#000000
5.726789160000000,0,14,0x00,0x00,0x00,#000000
5.726816850000000,0,15,0x00,0x00,0x00,#000000
5.737385150000000,0,0,0x7E,0x00,0x00,#7e0000
5.737412850000000,0,1,0x00,0x00,0x00,#000000
5.737440540000000,0,2,0x00,0x00,0x00,#000000
5.737468230000000,0,3,0x00,0x00,0x00,#000000
5.737495920000000,0,4,0x00,0x00,0x00,#000000
5.737523620000000,0,5,0x00,0x00,0x00,#000000
5.737551310000000,0,6,0x00,0x00,0x00,#000000
5.737579000000000,0,7,0x00,0x00,0x00,#000000
5.737606700000000,0,8,0x00,0x00,0x00,#000000
5.737634390000000,0,9,0x00,0x00,0x00,#000000
5.737662080000000,0,10,0x00,0x00,0x00,#000000
5.737689770000000,0,11,0x00,0x00,0x00,#000000
5.737717470000000,0,12,0x00,0x00,0x00,#000000
5.737745160000000,0,13,0x00,0x00,0x00,#000000
5.737772860000000,0,14,0x00,0x00,0x00,#000000
5.737800550000000,0,15,0x00,0x00,0x00,#000000
5.748293700000000,0,0,0x7E,0x00,0x00,#7e0000
5.748321390000000,0,1,0x00,0x00,0x00,#000000
5.748349090000000,0,2,0x00,0x00,0x00,#000000
5.748376780000000,0,3,0x00,0x00,0x00,#000000
5.748404470000000,0,4,0x00,0x00,0x00,#000000
5.748432170000000,0,5,0x00,0x00,0x00,#000000
5.748459860000000,0,6,0x00,0x00,0x00,#000000
5.748487550000000,0,7,0x00,0x00,0x00,#000000
5.748515240000000,0,8,0x00,0x00,0x00,#000000
5.748542940000000,0,9,0x00,0x00,0x00,#000000
5.748570630000000,0,10,0x00,0x00,0x00,#000000
5.748598330000000,0,11,0x00,0x00,0x00,#000000
5.748626010000000,0,12,0x00,0x00,0x00,#000000
5.748653710000000,0,13,0x00,0x00,0x00,#000000
5.748681400000000,0,14,0x00,0x00,0x00,#000000
5.748709100000000,0,15,0x00,0x00,0x00,#000000
5.759409700000000,0,0,0x7E,0x00,0x00,#7e0000
5.759437400000000,0,1,0x00,0x00,0x00,#000000
5.759465090000000,0,2,0x00,0x00,0x00,#000000
5.759492780000000,0,3,0x00,0x00,0x00,#000000
5.759520480000000,0,4,0x00,0x00,0x00,#000000
5.759548170000000,0,5,0x00,0x00,0x00,#000000
5.759575860000000,0,6,0x00,0x00,0x00,#000000
5.759603560000000,0,7,0x00,0x00,0x00,#000000
5.759631250000000,0,8,0x00,0x00,0x00,#000000
5.759658940000000,0,9,0x00,0x00,0x00,#000000
5.759686630000000,0,10,0x00,0x00,0x00,#000000
5.759714330000000,0,11,0x00,0x00,0x00,#000000
5.759742020000000,0,12,0x00,0x00,0x00,#000000
5.759769710000000,0,13,0x00,0x00,0x00,#000000
5.759797410000000,0,14,0x00,0x00,0x00,#000000
5.759825100000000,0,15,0x00,0x00,0x00,#000000
5.770403060000000,0,0,0x7E,0x00,0x00,#7e0000
5.770430760000000,0,1,0x00,0x00,0x00,#000000
5.770458450000000,0,2,0x00,0x00,0x00,#000000
5.770486140000000,0,3,0x00,0x00,0x00,#000000
5.770513830000000,0,4,0x00,0x00,0x00,#000000
5.770541530000000,0,5,0x00,0x00,0x00,#000000
5.770569220000000,0,6,0x00,0x00,0x00,#000000
5.770596910000000,0,7,0x00,0x00,0x00,#000000
5.770624610000000,0,8,0x00,0x00,0x00,#000000
5.770652300000000,0,9,0x00,0x00,0x00,#000000
5.770679990000000,0,10,0x00,0x00,0x00,#000000
5.770707680000000,0,11,0x00,0x00,0x00,#000000
5.770735380000000,0,12,0x00,0x00,0x00,#000000
5.770763070000000,0,13,0x00,0x00,0x00,#000000
5.770790770000000,0,14,0x00,0x00,0x00,#000000
5.770818460000000,0,15,0x00,0x00,0x00,#000000
5.781339880000000,0,0,0x7E,0x00,0x00,#7e0000
5.781367570000000,0,1,0x00,0x00,0x00,#000000
5.781395260000000,0,2,0x00,0x00,0x00,#000000
5.781422960000000,0,3,0x00,0x00,0x00,#000000
5.781450650000000,0,4,0x00,0x00,0x00,#000000
5.781478350000000,0,5,0x00,0x00,0x00,#000000
5.781506040000000,0,6,0x00,0x00,0x00,#000000
5.781533730000000,0,7,0x00,0x00,0x00,#000000
5.781561420000000,0,8,0x00,0x00,0x00,#000000
5.781589120000000,0,9,0x00,0x00,0x00,#000000
5.781616810000000,0,10,0x00,0x00,0x00,#000000
5.781644500000000,0,11,0x00,0x00,0x00,#000000
5.781672200000000,0,12,0x00,0x00,0x00,#000000
5.781699890000000,0,13,0x00,0x00,0x00,#000000
5.781727580000000,0,14,0x00,0x00,0x00,#000000
5.781755270000000,0,15,0x00,0x00,0x00,#000000
5.792448000000000,0,0,0x7E,0x00,0x00,#7e0000
5.792475700000000,0,1,0x00,0x00,0x00,#000000
5.792503380000000,0,2,0x00,0x00,0x00,#000000
5.792531080000000,0,3,0x00,0x00,0x00,#000000
5.792558770000000,0,4,0x00,0x00,0x00,#000000
5.792586470000000,0,5,0x00,0x00,0x00,#000000
5.792614160000000,0,6,0x00,0x00,0x00,#000000
5.792641850000000,0,7,0x00,0x00,0x00,#000000
5.792669540000000,0,8,0x00,0x00,0x00,#000000
5.792697240000000,0,9,0x00,0x00,0x00,#000000
5.792724930000000,0,10,0x00,0x00,0x00,#000000
5.792752620000000,0,11,0x00,0x00,0x00,#000000
5.792780320000000,0,12,0x00,0x00,0x00,#000000
5.792808010000000,0,13,0x00,0x00,0x00,#000000
5.792835700000000,0,14,0x00,0x00,0x00,#000000
5.792863390000000,0,15,0x00,0x00,0x00,#000000
5.803399960000000,0,0,0x7E,0x00,0x00,#7e0000
5.803427660000000,0,1,0x00,0x00,0x00,#000000
5.803455350000000,0,2,0x00,0x00,0x00,#000000
5.803483040000000,0,3,0x00,0x00,0x00,#000000
5.803510730000000,0,4,0x00,0x00,0x00,#000000
5.803538430000000,0,5,0x00,0x00,0x00,#000000
5.803566120000000,0,6,0x00,0x00,0x00,#000000
5.803593810000000,0,7,0x00,0x00,0x00,#000000
5.803621500000000,0,8,0x00,0x00,0x00,#000000
5.803649200000000,0,9,0x00,0x00,0x00,#000000
5.803676890000000,0,10,0x00,0x00,0x00,#000000
5.803704580000000,0,11,0x00,0x00,0x00,#000000
5.803732280000000,0,12,0x00,0x00,0x00,#000000
5.803759970000000,0,13,0x00,0x00,0x00,#000000
5.803787670000000,0,14,0x00,0x00,0x00,#000000
5.803815360000000,0,15,0x00,0x00,0x00,#000000
5.814295380000000,0,0,0x7E,0x00,0x00,#7e0000
5.814323080000000,0,1,0x00,0x00,0x00,#000000
5.814350770000000,0,2,0x00,0x00,0x00,#000000
5.814378460000000,0,3,0x00,0x00,0x00,#000000
5.814406150000000,0,4,0x00,0x00,0x00,#000000
5.814433850000000,0,5,0x00,0x00,0x00,#000000
5.814461540000000,0,6,0x00,0x00,0x00,#000000
5.814489230000000,0,7,0x00,0x00,0x00,#000000
5.814516930000000,0,8,0x00,0x00,0x00,#000000
5.814544620000000,0,9,0x00,0x00,0x00,#000000
5.814572320000000,0,10,0x00,0x00,0x00,#000000
5.814600010000000,0,11,0x00,0x00,0x00,#000000
5.814627700000000,0,12,0x00,0x00,0x00,#000000
5.814655390000000,0,13,0x00,0x00,0x00,#000000
5.814683090000000,0,14,0x00,0x00,0x00,#000000
5.814710780000000,0,15,0x00,0x00,0x00,#000000
5.825514370000000,0,0,0x7E,0x00,0x00,#7e0000
5.825542060000000,0,1,0x00,0x00,0x00,#000000
5.825569760000000,0,2,0x00,0x00,0x00,#000000
5.825597450000000,0,3,0x00,0x00,0x00,#000000
5.825625140000000,0,4,0x00,0x00,0x00,#000000
5.825652840000000,0,5,0x00,0x00,0x00,#000000
5.825680530000000,0,6,0x00,0x00,0x00,#000000
5.825708220000000,0,7,0x00,0x00,0x00,#000000
5.825735920000000,0,8,0x00,0x00,0x00,#000000
5.825763610000000,0,9,0x00,0x00,0x00,#000000
5.825791300000000,0,10,0x00,0x00,0x00,#000000
5.825819000000000,0,11,0x00,0x00,0x00,#000000
5.825846690000000,0,12,0x00,0x00,0x00,#000000
5.825874380000000,0,13,0x00,0x00,0x00,#000000
5.825902070000000,0,14,0x00,0x00,0x00,#000000
5.825929770000000,0,15,0x00,0x00,0x00,#000000
5.836400900000000,0,0,0x7E,0x00,0x00,#7e0000
5.836428590000000,0,1,0x00,0x00,0x00,#000000
5.836456290000000,0,2,0x00,0x00,0x00,#000000
5.836483980000000,0,3,0x00,0x00,0x00,#000000
5.836511670000000,0,4,0x00,0x00,0x00,#000000
5.836539360000000,0,5,0x00,0x00,0x00,#000000
5.836567060000000,0,6,0x00,0x00,0x00,#000000
5.836594750000000,0,7,0x00,0x00,0x00,#000000
5.836622450000000,0,8,0x00,0x00,0x00,#000000
5.836650140000000,0,9,0x00,0x00,0x00,#000000
5.836677830000000,0,10,0x00,0x00,0x00,#000000
5.836705520000000,0,11,0x00,0x00,0x00,#000000
5.836733220000000,0,12,0x00,0x00,0x00,#000000
5.836760910000000,0,13,0x00,0x00,0x00,#000000
5.836788600000000,0,14,0x00,0x00,0x00,#000000
5.836816300000000,0,15,0x00,0x00,0x00,#000000
5.847296800000000,0,0,0x7E,0x00,0x00,#7e0000
5.847324500000000,0,1,0x00,0x00,0x00,#000000
5.847352190000000,0,2,0x00,0x00,0x00,#000000
5.847379880000000,0,3,0x00,0x00,0x00,#000000
5.847407570000000,0,4,0x00,0x00,0x00,#000000
5.847435270000000,0,5,0x00,0x00,0x00,#000000
5.847462960000000,0,6,0x00,0x00,0x00,#000000
5.847490660000000,0,7,0x00,0x00,0x00,#000000
5.847518350000000,0,8,0x00,0x00,0x00,#000000
5.847546040000000,0,9,0x00,0x00,0x00,#000000
5.847573730000000,0,10,0x00,0x00,0x00,#000000
5.847601430000000,0,11,0x00,0x00,0x00,#000000
5.847629120000000,0,12,0x00,0x00,0x00,#000000
5.847656810000000,0,13,0x00,0x00,0x00,#000000
5.847684500000000,0,14,0x00,0x00,0x00,#000000
5.847712200000000,0,15,0x00,0x00,0x00,#000000
5.858738540000000,0,0,0x7E,0x00,0x00,#7e0000
5.858766230000000,0,1,0x00,0x00,0x00,#000000
5.858793920000000,0,2,0x00,0x00,0x00,#000000
5.858821610000000,0,3,0x00,0x00,0x00,#000000
5.858849310000000,0,4,0x00,0x00,0x00,#000000
5.858877000000000,0,5,0x00,0x00,0x00,#000000
5.858904700000000,0,6,0x00,0x00,0x00,#000000
5.858932390000000,0,7,0x00,0x00,0x00,#000000
5.858960080000000,0,8,0x00,0x00,0x00,#000000
5.858987770000000,0,9,0x00,0x00,0x00,#000000
5.859015470000000,0,10,0x00,0x00,0x00,#000000
5.859043160000000,0,11,0x00,0x00,0x00,#000000
5.859070850000000,0,12,0x00,0x00,0x00,#000000
5.859098550000000,0,13,0x00,0x00,0x00,#000000
5.859126240000000,0,14,0x00,0x00,0x00,#000000
5.859153930000000,0,15,0x00,0x00,0x00,#000000
5.869396120000000,0,0,0x7E,0x00,0x00,#7e0000
5.869423810000000,0,1,0x00,0x00,0x00,#000000
5.869451500000000,0,2,0x00,0x00,0x00,#000000
5.869479200000000,0,3,0x00,0x00,0x00,#000000
5.869506890000000,0,4,0x00,0x00,0x00,#000000
5.869534580000000,0,5,0x00,0x00,0x00,#000000
5.869562280000000,0,6,0x00,0x00,0x00,#000000
5.869589970000000,0,7,0x00,0x00,0x00,#000000
5.869617660000000,0,8,0x00,0x00,0x00,#000000
5.869645350000000,0,9,0x00,0x00,0x00,#000000
5.869673050000000,0,10,0x00,0x00,0x00,#000000
5.869700740000000,0,11,0x00,0x00,0x00,#000000
5.869728440000000,0,12,0x00,0x00,0x00,#000000
5.869756120000000,0,13,0x00,0x00,0x00,#000000
5.869783820000000,0,14,0x00,0x00,0x00,#000000
5.869811510000000,0,15,0x00,0x00,0x00,#000000
5.880405680000000,0,0,0x7E,0x00,0x00,#7e0000
5.880433370000000,0,1,0x00,0x00,0x00,#000000
5.880461070000000,0,2,0x00,0x00,0x00,#000000
5.880488750000000,0,3,0x00,0x00,0x00,#000000
5.880516450000000,0,4,0x00,0x00,0x00,#000000
5.880544140000000,0,5,0x00,0x00,0x00,#000000
5.880571840000000,0,6,0x00,0x00,0x00,#000000
5.880599530000000,0,7,0x00,0x00,0x00,#000000
5.880627220000000,0,8,0x00,0x00,0x00,#000000
5.880654910000000,0,9,0x00,0x00,0x00,#000000
5.880682610000000,0,10,0x00,0x00,0x00,#000000
5.880710300000000,0,11,0x00,0x00,0x00,#000000
5.880737990000000,0,12,0x00,0x00,0x00,#000000
5.880765690000000,0,13,0x00,0x00,0x00,#000000
5.880793380000000,0,14,0x00,0x00,0x00,#000000
5.880821070000000,0,15,0x00,0x00,0x00,#000000
5.891410760000000,0,0,0x7E,0x00,0x00,#7e0000
5.891438460000000,0,1,0x00,0x00,0x00,#000000
5.891466150000000,0,2,0x00,0x00,0x00,#000000
5.891493850000000,0,3,0x00,0x00,0x00,#000000
5.891521540000000,0,4,0x00,0x00,0x00,#000000
5.891549230000000,0,5,0x00,0x00,0x00,#000000
5.891576920000000,0,6,0x00,0x00,0x00,#000000
5.891604620000000,0,7,0x00,0x00,0x00,#000000
5.891632310000000,0,8,0x00,0x00,0x00,#000000
5.891660000000000,0,9,0x00,0x00,0x00,#000000
5.891687700000000,0,10,0x00,0x00,0x00,#000000
5.891715390000000,0,11,0x00,0x00,0x00,#000000
5.891743080000000,0,12,0x00,0x00,0x00,#000000
5.891770770000000,0,13,0x00,0x00,0x00,#000000
5.891798470000000,0,14,0x00,0x00,0x00,#000000
5.891826160000000,0,15,0x00,0x00,0x00,#000000
5.902389750000000,0,0,0x7E,0x00,0x00,#7e0000
5.902417440000000,0,1,0x00,0x00,0x00,#000000
5.902445130000000,0,2,0x00,0x00,0x00,#000000
5.902472830000000,0,3,0x00,0x00,0x00,#000000
5.902500520000000,0,4,0x00,0x00,0x00,#000000
5.902528210000000,0,5,0x00,0x00,0x00,#000000
5.902555900000000,0,6,0x00,0x00,0x00,#000000
5.902583600000000,0,7,0x00,0x00,0x00,#000000
5.902611290000000,0,8,0x00,0x00,0x00,#000000
5.902638980000000,0,9,0x00,0x00,0x00,#000000
5.902666680000000,0,10,0x00,0x00,0x00,#000000
5.902694370000000,0,11,0x00,0x00,0x00,#000000
5.902722060000000,0,12,0x00,0x00,0x00,#000000
5.902749760000000,0,13,0x00,0x00,0x00,#000000
5.902777450000000,0,14,0x00,0x00,0x00,#000000
5.902805140000000,0,15,0x00,0x00,0x00,#000000
5.913297910000000,0,0,0x7E,0x00,0x00,#7e0000
5.913325600000000,0,1,0x00,0x00,0x00,#000000
5.913353300000000,0,2,0x00,0x00,0x00,#000000
5.913380990000000,0,3,0x00,0x00,0x00,#000000
5.913408680000000,0,4,0x00,0x00,0x00,#000000
5.913436380000000,0,5,0x00,0x00,0x00,#000000
5.913464070000000,0,6,0x00,0x00,0x00,#000000
5.913491760000000,0,7,0x00,0x00,0x00,#000000
5.913519450000000,0,8,0x00,0x00,0x00,#000000
5.913547150000000,0,9,0x00,0x00,0x00,#000000
5.913574840000000,0,10,0x00,0x00,0x00,#000000
5.913602540000000,0,11,0x00,0x00,0x00,#000000
5.913630220000000,0,12,0x00,0x00,0x00,#000000
5.913657920000000,0,13,0x00,0x00,0x00,#000000
5.913685610000000,0,14,0x00,0x00,0x00,#000000
5.913713310000000,0,15,0x00,0x00,0x00,#000000
5.924405070000000,0,0,0x7E,0x00,0x00,#7e0000
5.924432760000000,0,1,0x00,0x00,0x00,#000000
5.924460460000000,0,2,0x00,0x00,0x00,#000000
5.924488150000000,0,3,0x00,0x00,0x00,#000000
5.924515840000000,0,4,0x00,0x00,0x00,#000000
5.924543530000000,0,5,0x00,0x00,0x00,#000000
5.924571230000000,0,6,0x00,0x00,0x00,#000000
5.924598920000000,0,7,0x00,0x00,0x00,#000000
5.924626610000000,0,8,0x00,0x00,0x00,#000000
5.924654310000000,0,9,0x00,0x00,0x00,#000000
5.924682000000000,0,10,0x00,0x00,0x00,#000000
5.924709690000000,0,11,0x00,0x00,0x00,#000000
5.924737380000000,0,12,0x00,0x00,0x00,#000000
5.924765080000000,0,13,0x00,0x00,0x00,#000000
5.924792770000000,0,14,0x00,0x00,0x00,#000000
5.924820470000000,0,15,0x00,0x00,0x00,#000000
5.935396460000000,0,0,0x7E,0x00,0x00,#7e0000
5.935424150000000,0,1,0x00,0x00,0x00,#000000
5.935451840000000,0,2,0x00,0x00,0x00,#000000
5.935479530000000,0,3,0x00,0x00,0x00,#000000
5.935507230000000,0,4,0x00,0x00,0x00,#000000
5.935534920000000,0,5,0x00,0x00,0x00,#000000
5.935562620000000,0,6,0x00,0x00,0x00,#000000
5.935590300000000,0,7,0x00,0x00,0x00,#000000
5.935618000000000,0,8,0x00,0x00,0x00,#000000
5.935645690000000,0,9,0x00,0x00,0x00,#000000
5.935673390000000,0,10,0x00,0x00,0x00,#000000
5.935701070000000,0,11,0x00,0x00,0x00,#000000
5.935728770000000,0,12,0x00,0x00,0x00,#000000
5.935756460000000,0,13,0x00,0x00,0x00,#000000
5.935784160000000,0,14,0x00,0x00,0x00,#000000
5.935811850000000,0,15,0x00,0x00,0x00,#000000
5.946298750000000,0,0,0x7E,0x00,0x00,#7e0000
5.946326450000000,0,1,0x00,0x00,0x00,#000000
5.946354140000000,0,2,0x00,0x00,0x00,#000000
5.946381830000000,0,3,0x00,0x00,0x00,#000000
5.946409520000000,0,4,0x00,0x00,0x00,#000000
5.946437220000000,0,5,0x00,0x00,0x00,#000000
5.946464910000000,0,6,0x00,0x00,0x00,#000000
5.946492600000000,0,7,0x00,0x00,0x00,#000000
5.946520290000000,0,8,0x00,0x00,0x00,#000000
5.946547990000000,0,9,0x00,0x00,0x00,#000000
5.946575680000000,0,10,0x00,0x00,0x00,#000000
5.946603380000000,0,11,0x00,0x00,0x00,#000000
5.946631070000000,0,12,0x00,0x00,0x00,#000000
5.946658760000000,0,13,0x00,0x00,0x00,#000000
5.946686450000000,0,14,0x00,0x00,0x00,#000000
5.946714150000000,0,15,0x00,0x00,0x00,#000000
5.957431050000000,0,0,0x7E,0x00,0x00,#7e0000
5.957458750000000,0,1,0x00,0x00,0x00,#000000
5.957486440000000,0,2,0x00,0x00,0x00,#000000
5.957514130000000,0,3,0x00,0x00,0x00,#000000
5.957541830000000,0,4,0x00,0x00,0x00,#000000
5.957569520000000,0,5,0x00,0x00,0x00,#000000
5.957597210000000,0,6,0x00,0x00,0x00,#000000
5.957624910000000,0,7,0x00,0x00,0x00,#000000
5.957652600000000,0,8,0x00,0x00,0x00,#000000
5.957680290000000,0,9,0x00,0x00,0x00,#000000
5.957707990000000,0,10,0x00,0x00,0x00,#000000
5.957735680000000,0,11,0x00,0x00,0x00,#000000
5.957763370000000,0,12,0x00,0x00,0x00,#000000
5.957791060000000,0,13,0x00,0x00,0x00,#000000
5.957818760000000,0,14,0x00,0x00,0x00,#000000
5.957846450000000,0,15,0x00,0x00,0x00,#000000
5.968441290000000,0,0,0x7E,0x00,0x00,#7e0000
5.968468980000000,0,1,0x00,0x00,0x00,#000000
5.968496670000000,0,2,0x00,0x00,0x00,#000000
5.968524370000000,0,3,0x00,0x00,0x00,#000000
5.968552060000000,0,4,0x00,0x00,0x00,#000000
5.968579750000000,0,5,0x00,0x00,0x00,#000000
5.968607450000000,0,6,0x00,0x00,0x00,#000000
5.968635140000000,0,7,0x00,0x00,0x00,#000000
5.968662830000000,0,8,0x00,0x00,0x00,#000000
5.968690520000000,0,9,0x00,0x00,0x00,#000000
5.968718220000000,0,10,0x00,0x00,0x00,#000000
5.968745910000000,0,11,0x00,0x00,0x00,#000000
5.968773610000000,0,12,0x00,0x00,0x00,#000000
5.968801290000000,0,13,0x00,0x00,0x00,#000000
5.968828990000000,0,14,0x00,0x00,0x00,#000000
5.968856680000000,0,15,0x00,0x00,0x00,#000000
5.979355460000000,0,0,0x7E,0x00,0x00,#7e0000
5.979383150000000,0,1,0x00,0x00,0x00,#000000
5.979410850000000,0,2,0x00,0x00,0x00,#000000
5.979438540000000,0,3,0x00,0x00,0x00,#000000
5.979466240000000,0,4,0x00,0x00,0x00,#000000
5.979493920000000,0,5,0x00,0x00,0x00,#000000
5.979521620000000,0,6,0x00,0x00,0x00,#000000
5.979549310000000,0,7,0x00,0x00,0x00,#000000
5.979577010000000,0,8,0x00,0x00,0x00,#000000
5.979604690000000,0,9,0x00,0x00,0x00,#000000
5.979632390000000,0,10,0x00,0x00,0x00,#000000
5.979660080000000,0,11,0x00,0x00,0x00,#000000
5.979687780000000,0,12,0x00,0x00,0x00,#000000
5.979715470000000,0,13,0x00,0x00,0x00,#000000
5.979743160000000,0,14,0x00,0x00,0x00,#000000
5.979770860000000,0,15,0x00,0x00,0x00,#000000
5.990407040000000,0,0,0x7E,0x00,0x00,#7e0000
5.990434730000000,0,1,0x00,0x00,0x00,#000000
5.990462430000000,0,2,0x00,0x00,0x00,#000000
5.990490120000000,0,3,0x00,0x00,0x00,#000000
5.990517810000000,0,4,0x00,0x00,0x00,#000000
5.990545510000000,0,5,0x00,0x00,0x00,#000000
5.990573200000000,0,6,0x00,0x00,0x00,#000000
5.990600890000000,0,7,0x00,0x00,0x00,#000000
5.990628580000000,0,8,0x00,0x00,0x00,#000000
5.990656280000000,0,9,0x00,0x00,0x00,#000000
5.990683970000000,0,10,0x00,0x00,0x00,#000000
5.990711670000000,0,11,0x00,0x00,0x00,#000000
5.990739350000000,0,12,0x00,0x00,0x00,#000000
5.990767050000000,0,13,0x00,0x00,0x00,#000000
5.990794740000000,0,14,0x00,0x00,0x00,#000000
5.990822440000000,0,15,0x00,0x00,0x00,#000000
6.001398230000000,0,0,0x7E,0x00,0x00,#7e0000
6.001425930000000,0,1,0x00,0x00,0x00,#000000
6.001453620000000,0,2,0x00,0x00,0x00,#000000
6.001481320000000,0,3,0x00,0x00,0x00,#000000
6.001509000000000,0,4,0x00,0x00,0x00,#000000
6.001536700000000,0,5,0x00,0x00,0x00,#000000
6.001564390000000,0,6,0x00,0x00,0x00,#000000
6.001592090000000,0,7,0x00,0x00,0x00,#000000
6.001619780000000,0,8,0x00,0x00,0x00,#000000
6.001647470000000,0,9,0x00,0x00,0x00,#000000
6.001675160000000,0,10,0x00,0x00,0x00,#000000
6.001702860000000,0,11,0x00,0x00,0x00,#000000
6.001730550000000,0,12,0x00,0x00,0x00,#000000
6.001758240000000,0,13,0x00,0x00,0x00,#000000
6.001785940000000,0,14,0x00,0x00,0x00,#000000
6.001813630000000,0,15,0x00,0x00,0x00,#000000
6.012300440000000,0,0,0x7E,0x00,0x00,#7e0000
6.012328130000000,0,1,0x00,0x00,0x00,#000000
6.012355820000000,0,2,0x00,0x00,0x00,#000000
6.012383510000000,0,3,0x00,0x00,0x00,#000000
6.012411210000000,0,4,0x00,0x00,0x00,#000000
6.012438900000000,0,5,0x00,0x00,0x00,#000000
6.012466600000000,0,6,0x00,0x00,0x00,#000000
6.012494280000000,0,7,0x00,0x00,0x00,#000000
6.012521980000000,0,8,0x00,0x00,0x00,#000000
6.012549670000000,0,9,0x00,0x00,0x00,#000000
6.012577370000000,0,10,0x00,0x00,0x00,#000000
6.012605060000000,0,11,0x00,0x00,0x00,#000000
6.012632750000000,0,12,0x00,0x00,0x00,#000000
6.012660440000000,0,13,0x00,0x00,0x00,#000000
6.012688140000000,0,14,0x00,0x00,0x00,#000000
6.012715830000000,0,15,0x00,0x00,0x00,#000000
6.023402060000000,0,0,0x7E,0x00,0x00,#7e0000
6.023429760000000,0,1,0x00,0x00,0x00,#000000
6.023457450000000,0,2,0x00,0x00,0x00,#000000
6.023485150000000,0,3,0x00,0x00,0x00,#000000
6.023512840000000,0,4,0x00,0x00,0x00,#000000
6.023540530000000,0,5,0x00,0x00,0x00,#000000
6.023568220000000,0,6,0x00,0x00,0x00,#000000
6.023595920000000,0,7,0x00,0x00,0x00,#000000
6.023623610000000,0,8,0x00,0x00,0x00,#000000
6.023651300000000,0,9,0x00,0x00,0x00,#000000
6.023678990000000,0,10,0x00,0x00,0x00,#000000
6.023706690000000,0,11,0x00,0x00,0x00,#000000
6.023734380000000,0,12,0x00,0x00,0x00,#000000
6.023762070000000,0,13,0x00,0x00,0x00,#000000
6.023789770000000,0,14,0x00,0x00,0x00,#000000
6.023817460000000,0,15,0x00,0x00,0x00,#000000
6.034396240000000,0,0,0x7E,0x00,0x00,#7e0000
6.034423930000000,0,1,0x00,0x00,0x00,#000000
6.034451620000000,0,2,0x00,0x00,0x00,#000000
6.034479320000000,0,3,0x00,0x00,0x00,#000000
6.034507010000000,0,4,0x00,0x00,0x00,#000000
6.034534700000000,0,5,0x00,0x00,0x00,#000000
6.034562400000000,0,6,0x00,0x00,0x00,#000000
6.034590090000000,0,7,0x00,0x00,0x00,#000000
6.034617790000000,0,8,0x00,0x00,0x00,#000000
6.034645470000000,0,9,0x00,0x00,0x00,#000000
6.034673170000000,0,10,0x00,0x00,0x00,#000000
6.034700860000000,0,11,0x00,0x00,0x00,#000000
6.034728560000000,0,12,0x00,0x00,0x00,#000000
6.034756250000000,0,13,0x00,0x00,0x00,#000000
6.034783940000000,0,14,0x00,0x00,0x00,#000000
6.034811630000000,0,15,0x00,0x00,0x00,#000000
6.045301280000000,0,0,0x7E,0x00,0x00,#7e0000
6.045328970000000,0,1,0x00,0x00,0x00,#000000
6.045356670000000,0,2,0x00,0x00,0x00,#000000
6.045384350000000,0,3,0x00,0x00,0x00,#000000
6.045412050000000,0,4,0x00,0x00,0x00,#000000
6.045439740000000,0,5,0x00,0x00,0x00,#000000
6.045467440000000,0,6,0x00,0x00,0x00,#000000
6.045495130000000,0,7,0x00,0x00,0x00,#000000
6.045522820000000,0,8,0x00,0x00,0x00,#000000
6.045550510000000,0,9,0x00,0x00,0x00,#000000
6.045578210000000,0,10,0x00,0x00,0x00,#000000
6.045605900000000,0,11,0x00,0x00,0x00,#000000
6.045633590000000,0,12,0x00,0x00,0x00,#000000
6.045661290000000,0,13,0x00,0x00,0x00,#000000
6.045688980000000,0,14,0x00,0x00,0x00,#000000
6.045716670000000,0,15,0x00,0x00,0x00,#000000
6.056406990000000,0,0,0x7E,0x00,0x00,#7e0000
6.056434690000000,0,1,0x00,0x00,0x00,#000000
6.056462380000000,0,2,0x00,0x00,0x00,#000000
6.056490070000000,0,3,0x00,0x00,0x00,#000000
6.056517760000000,0,4,0x00,0x00,0x00,#000000
6.056545460000000,0,5,0x00,0x00,0x00,#000000
6.056573150000000,0,6,0x00,0x00,0x00,#000000
6.056600850000000,0,7,0x00,0x00,0x00,#000000
6.056628530000000,0,8,0x00,0x00,0x00,#000000
6.056656230000000,0,9,0x00,0x00,0x00,#000000
6.056683920000000,0,10,0x00,0x00,0x00,#000000
6.056711620000000,0,11,0x00,0x00,0x00,#000000
6.056739310000000,0,12,0x00,0x00,0x00,#000000
6.056767000000000,0,13,0x00,0x00,0x00,#000000
6.056794690000000,0,14,0x00,0x00,0x00,#000000
6.056822390000000,0,15,0x00,0x00,0x00,#000000
6.067399150000000,0,0,0x7E,0x00,0x00,#7e0000
6.067426840000000,0,1,0x00,0x00,0x00,#000000
6.067454540000000,0,2,0x00,0x00,0x00,#000000
6.067482230000000,0,3,0x00,0x00,0x00,#000000
6.067509920000000,0,4,0x00,0x00,0x00,#000000
6.067537610000000,0,5,0x00,0x00,0x00,#000000
6.067565310000000,0,6,0x00,0x00,0x00,#000000
6.067593000000000,0,7,0x00,0x00,0x00,#000000
6.067620690000000,0,8,0x00,0x00,0x00,#000000
6.067648380000000,0,9,0x00,0x00,0x00,#000000
6.067676080000000,0,10,0x00,0x00,0x00,#000000
6.067703770000000,0,11,0x00,0x00,0x00,#000000
6.067731470000000,0,12,0x00,0x00,0x00,#000000
6.067759160000000,0,13,0x00,0x00,0x00,#000000
6.067786850000000,0,14,0x00,0x00,0x00,#000000
6.067814540000000,0,15,0x00,0x00,0x00,#000000
6.078302120000000,0,0,0x7E,0x00,0x00,#7e0000
6.078329810000000,0,1,0x00,0x00,0x00,#000000
6.078357510000000,0,2,0x00,0x00,0x00,#000000
6.078385200000000,0,3,0x00,0x00,0x00,#000000
6.078412890000000,0,4,0x00,0x00,0x00,#000000
6.078440580000000,0,5,0x00,0x00,0x00,#000000
6.078468280000000,0,6,0x00,0x00,0x00,#000000
6.078495970000000,0,7,0x00,0x00,0x00,#000000
6.078523660000000,0,8,0x00,0x00,0x00,#000000
6.078551360000000,0,9,0x00,0x00,0x00,#000000
6.078579050000000,0,10,0x00,0x00,0x00,#000000
6.078606740000000,0,11,0x00,0x00,0x00,#000000
6.078634430000000,0,12,0x00,0x00,0x00,#000000
6.078662130000000,0,13,0x00,0x00,0x00,#000000
6.078689820000000,0,14,0x00,0x00,0x00,#000000
6.078717520000000,0,15,0x00,0x00,0x00,#000000
6.089411300000000,0,0,0x7E,0x00,0x00,#7e0000
6.089438990000000,0,1,0x00,0x00,0x00,#000000
6.089466680000000,0,2,0x00,0x00,0x00,#000000
6.089494370000000,0,3,0x00,0x00,0x00,#000000
6.089522070000000,0,4,0x00,0x00,0x00,#000000
6.089549760000000,0,5,0x00,0x00,0x00,#000000
6.089577460000000,0,6,0x00,0x00,0x00,#000000
6.089605150000000,0,7,0x00,0x00,0x00,#000000
6.089632840000000,0,8,0x00,0x00,0x00,#000000
6.089660530000000,0,9,0x00,0x00,0x00,#000000
6.089688230000000,0,10,0x00,0x00,0x00,#000000
6.089715920000000,0,11,0x00,0x00,0x00,#000000
6.089743610000000,0,12,0x00,0x00,0x00,#000000
6.089771300000000,0,13,0x00,0x00,0x00,#000000
6.089799000000000,0,14,0x00,0x00,0x00,#000000
6.089826690000000,0,15,0x00,0x00,0x00,#000000
6.100395330000000,0,0,0x7E,0x00,0x00,#7e0000
6.100423020000000,0,1,0x00,0x00,0x00,#000000
6.100450710000000,0,2,0x00,0x00,0x00,#000000
6.100478400000000,0,3,0x00,0x00,0x00,#000000
6.100506100000000,0,4,0x00,0x00,0x00,#000000
6.100533790000000,0,5,0x00,0x00,0x00,#000000
6.100561490000000,0,6,0x00,0x00,0x00,#000000
6.100589180000000,0,7,0x00,0x00,0x00,#000000
6.100616870000000,0,8,0x00,0x00,0x00,#000000
6.100644560000000,0,9,0x00,0x00,0x00,#000000
6.100672260000000,0,10,0x00,0x00,0x00,#000000
6.100699950000000,0,11,0x00,0x00,0x00,#000000
6.100727640000000,0,12,0x00,0x00,0x00,#000000
6.100755330000000,0,13,0x00,0x00,0x00,#000000
6.100783030000000,0,14,0x00,0x00,0x00,#000000
6.100810720000000,0,15,0x00,0x00,0x00,#000000
6.111302960000000,0,0,0x7E,0x00,0x00,#7e0000
6.111330650000000,0,1,0x00,0x00,0x00,#000000
6.111358350000000,0,2,0x00,0x00,0x00,#000000
6.111386040000000,0,3,0x00,0x00,0x00,#000000
6.111413730000000,0,4,0x00,0x00,0x00,#000000
6.111441430000000,0,5,0x00,0x00,0x00,#000000
6.111469120000000,0,6,0x00,0x00,0x00,#000000
6.111496810000000,0,7,0x00,0x00,0x00,#000000
6.111524500000000,0,8,0x00,0x00,0x00,#000000
6.111552200000000,0,9,0x00,0x00,0x00,#000000
6.111579890000000,0,10,0x00,0x00,0x00,#000000
6.111607590000000,0,11,0x00,0x00,0x00,#000000
6.111635270000000,0,12,0x00,0x00,0x00,#000000
6.111662970000000,0,13,0x00,0x00,0x00,#000000
6.111690660000000,0,14,0x00,0x00,0x00,#000000
6.111718360000000,0,15,0x00,0x00,0x00,#000000
6.122397140000000,0,0,0x7E,0x00,0x00,#7e0000
6.122424830000000,0,1,0x00,0x00,0x00,#000000
6.122452530000000,0,2,0x00,0x00,0x00,#000000
6.122480210000000,0,3,0x00,0x00,0x00,#000000
6.122507910000000,0,4,0x00,0x00,0x00,#000000
6.122535600000000,0,5,0x00,0x00,0x00,#000000
6.122563300000000,0,6,0x00,0x00,0x00,#000000
6.122590990000000,0,7,0x00,0x00,0x00,#000000
6.122618680000000,0,8,0x00,0x00,0x00,#000000
6.122646370000000,0,9,0x00,0x00,0x00,#000000
6.122674070000000,0,10,0x00,0x00,0x00,#000000
6.122701760000000,0,11,0x00,0x00,0x00,#000000
6.122729450000000,0,12,0x00,0x00,0x00,#000000
6.122757150000000,0,13,0x00,0x00,0x00,#000000
6.122784840000000,0,14,0x00,0x00,0x00,#000000
6.122812530000000,0,15,0x00,0x00,0x00,#000000
6.133403520000000,0,0,0x7E,0x00,0x00,#7e0000
6.133431220000000,0,1,0x00,0x00,0x00,#000000
6.133458910000000,0,2,0x00,0x00,0x00,#000000
6.133486600000000,0,3,0x00,0x00,0x00,#000000
6.133514290000000,0,4,0x00,0x00,0x00,#000000
6.133541990000000,0,5,0x00,0x00,0x00,#000000
6.133569680000000,0,6,0x00,0x00,0x00,#000000
6.133597370000000,0,7,0x00,0x00,0x00,#000000
6.133625070000000,0,8,0x00,0x00,0x00,#000000
6.133652760000000,0,9,0x00,0x00,0x00,#000000
6.133680460000000,0,10,0x00,0x00,0x00,#000000
6.133708150000000,0,11,0x00,0x00,0x00,#000000
6.133735840000000,0,12,0x00,0x00,0x00,#000000
6.133763530000000,0,13,0x00,0x00,0x00,#000000
6.133791230000000,0,14,0x00,0x00,0x00,#000000
6.133818920000000,0,15,0x00,0x00,0x00,#000000
6.144303800000000,0,0,0x7E,0x00,0x00,#7e0000
6.144331500000000,0,1,0x00,0x00,0x00,#000000
6.144359190000000,0,2,0x00,0x00,0x00,#000000
6.144386880000000,0,3,0x00,0x00,0x00,#000000
6.144414570000000,0,4,0x00,0x00,0x00,#000000
6.144442270000000,0,5,0x00,0x00,0x00,#000000
6.144469960000000,0,6,0x00,0x00,0x00,#000000
6.144497650000000,0,7,0x00,0x00,0x00,#000000
6.144525340000000,0,8,0x00,0x00,0x00,#000000
6.144553040000000,0,9,0x00,0x00,0x00,#000000
6.144580730000000,0,10,0x00,0x00,0x00,#000000
6.144608430000000,0,11,0x00,0x00,0x00,#000000
6.144636120000000,0,12,0x00,0x00,0x00,#000000
6.144663810000000,0,13,0x00,0x00,0x00,#000000
6.144691500000000,0,14,0x00,0x00,0x00,#000000
6.144719200000000,0,15,0x00,0x00,0x00,#000000
6.155405430000000,0,0,0x7E,0x00,0x00,#7e0000
6.155433120000000,0,1,0x00,0x00,0x00,#000000
6.155460820000000,0,2,0x00,0x00,0x00,#000000
6.155488510000000,0,3,0x00,0x00,0x00,#000000
6.155516210000000,0,4,0x00,0x00,0x00,#000000
6.155543890000000,0,5,0x00,0x00,0x00,#000000
6.155571590000000,0,6,0x00,0x00,0x00,#000000
6.155599280000000,0,7,0x00,0x00,0x00,#000000
6.155626980000000,0,8,0x00,0x00,0x00,#000000
6.155654670000000,0,9,0x00,0x00,0x00,#000000
6.155682360000000,0,10,0x00,0x00,0x00,#000000
6.155710050000000,0,11,0x00,0x00,0x00,#000000
6.155737750000000,0,12,0x00,0x00,0x00,#000000
6.155765440000000,0,13,0x00,0x00,0x00,#000000
6.155793130000000,0,14,0x00,0x00,0x00,#000000
6.155820830000000,0,15,0x00,0x00,0x00,#000000
6.166402350000000,0,0,0x7E,0x00,0x00,#7e0000
6.166430040000000,0,1,0x00,0x00,0x00,#000000
6.166457730000000,0,2,0x00,0x00,0x00,#000000
6.166485420000000,0,3,0x00,0x00,0x00,#000000
6.166513120000000,0,4,0x00,0x00,0x00,#000000
6.166540810000000,0,5,0x00,0x00,0x00,#000000
6.166568510000000,0,6,0x00,0x00,0x00,#000000
6.166596190000000,0,7,0x00,0x00,0x00,#000000
6.166623890000000,0,8,0x00,0x00,0x00,#000000
6.166651580000000,0,9,0x00,0x00,0x00,#000000
6.166679280000000,0,10,0x00,0x00,0x00,#000000
6.166706970000000,0,11,0x00,0x00,0x00,#000000
6.166734660000000,0,12,0x00,0x00,0x00,#000000
6.166762360000000,0,13,0x00,0x00,0x00,#000000
6.166790050000000,0,14,0x00,0x00,0x00,#000000
6.166817740000000,0,15,0x00,0x00,0x00,#000000
6.177304740000000,0,0,0x7E,0x00,0x00,#7e0000
6.177332430000000,0,1,0x00,0x00,0x00,#000000
6.177360130000000,0,2,0x00,0x00,0x00,#000000
6.177387820000000,0,3,0x00,0x00,0x00,#000000
6.177415510000000,0,4,0x00,0x00,0x00,#000000
6.177443200000000,0,5,0x00,0x00,0x00,#000000
6.177470900000000,0,6,0x00,0x00,0x00,#000000
6.177498590000000,0,7,0x00,0x00,0x00,#000000
6.177526290000000,0,8,0x00,0x00,0x00,#000000
6.177553970000000,0,9,0x00,0x00,0x00,#000000
6.177581670000000,0,10,0x00,0x00,0x00,#000000
6.177609360000000,0,11,0x00,0x00,0x00,#000000
6.177637060000000,0,12,0x00,0x00,0x00,#000000
6.177664750000000,0,13,0x00,0x00,0x00,#000000
6.177692440000000,0,14,0x00,0x00,0x00,#000000
6.177720130000000,0,15,0x00,0x00,0x00,#000000
6.188400170000000,0,0,0x7E,0x00,0x00,#7e0000
6.188427860000000,0,1,0x00,0x00,0x00,#000000
6.188455550000000,0,2,0x00,0x00,0x00,#000000
6.188483250000000,0,3,0x00,0x00,0x00,#000000
6.188510940000000,0,4,0x00,0x00,0x00,#000000
6.188538630000000,0,5,0x00,0x00,0x00,#000000
6.188566320000000,0,6,0x00,0x00,0x00,#000000
6.188594020000000,0,7,0x00,0x00,0x00,#000000
6.188621710000000,0,8,0x00,0x00,0x00,#000000
6.188649400000000,0,9,0x00,0x00,0x00,#000000
6.188677100000000,0,10,0x00,0x00,0x00,#000000
6.188704790000000,0,11,0x00,0x00,0x00,#000000
6.188732480000000,0,12,0x00,0x00,0x00,#000000
6.188760180000000,0,13,0x00,0x00,0x00,#000000
6.188787870000000,0,14,0x00,0x00,0x00,#000000
6.188815560000000,0,15,0x00,0x00,0x00,#000000
6.199401740000000,0,0,0x7E,0x00,0x00,#7e0000
6.199429440000000,0,1,0x00,0x00,0x00,#000000
6.199457130000000,0,2,0x00,0x00,0x00,#000000
6.199484830000000,0,3,0x00,0x00,0x00,#000000
6.199512520000000,0,4,0x00,0x00,0x00,#000000
6.199540210000000,0,5,0x00,0x00,0x00,#000000
6.199567900000000,0,6,0x00,0x00,0x00,#000000
6.199595600000000,0,7,0x00,0x00,0x00,#000000
6.199623290000000,0,8,0x00,0x00,0x00,#000000
6.199650980000000,0,9,0x00,0x00,0x00,#000000
6.199678680000000,0,10,0x00,0x00,0x00,#000000
6.199706370000000,0,11,0x00,0x00,0x00,#000000
6.199734060000000,0,12,0x00,0x00,0x00,#000000
6.199761750000000,0,13,0x00,0x00,0x00,#000000
6.199789450000000,0,14,0x00,0x00,0x00,#000000
6.199817140000000,0,15,0x00,0x00,0x00,#000000
6.210305490000000,0,0,0x7E,0x00,0x00,#7e0000
6.210333180000000,0,1,0x00,0x00,0x00,#000000
6.210360870000000,0,2,0x00,0x00,0x00,#000000
6.210388560000000,0,3,0x00,0x00,0x00,#000000
6.210416260000000,0,4,0x00,0x00,0x00,#000000
6.210443950000000,0,5,0x00,0x00,0x00,#000000
6.210471640000000,0,6,0x00,0x00,0x00,#000000
6.210499330000000,0,7,0x00,0x00,0x00,#000000
6.210527030000000,0,8,0x00,0x00,0x00,#000000
6.210554720000000,0,9,0x00,0x00,0x00,#000000
6.210582420000000,0,10,0x00,0x00,0x00,#000000
6.210610110000000,0,11,0x00,0x00,0x00,#000000
6.210637800000000,0,12,0x00,0x00,0x00,#000000
6.210665490000000,0,13,0x00,0x00,0x00,#000000
6.210693190000000,0,14,0x00,0x00,0x00,#000000
6.210720880000000,0,15,0x00,0x00,0x00,#000000
6.221399470000000,0,0,0x7E,0x00,0x00,#7e0000
6.221427160000000,0,1,0x00,0x00,0x00,#000000
6.221454860000000,0,2,0x00,0x00,0x00,#000000
6.221482550000000,0,3,0x00,0x00,0x00,#000000
6.221510240000000,0,4,0x00,0x00,0x00,#000000
6.221537930000000,0,5,0x00,0x00,0x00,#000000
6.221565630000000,0,6,0x00,0x00,0x00,#000000
6.221593320000000,0,7,0x00,0x00,0x00,#000000
6.221621020000000,0,8,0x00,0x00,0x00,#000000
6.221648700000000,0,9,0x00,0x00,0x00,#000000
6.221676400000000,0,10,0x00,0x00,0x00,#000000
6.221704090000000,0,11,0x00,0x00,0x00,#000000
6.221731790000000,0,12,0x00,0x00,0x00,#000000
6.221759480000000,0,13,0x00,0x00,0x00,#000000
6.221787170000000,0,14,0x00,0x00,0x00,#000000
6.221814870000000,0,15,0x00,0x00,0x00,#000000
6.232414560000000,0,0,0x7E,0x00,0x00,#7e0000
6.232442250000000,0,1,0x00,0x00,0x00,#000000
6.232469940000000,0,2,0x00,0x00,0x00,#000000
6.232497640000000,0,3,0x00,0x00,0x00,#000000
6.232525330000000,0,4,0x00,0x00,0x00,#000000
6.232553020000000,0,5,0x00,0x00,0x00,#000000
6.232580710000000,0,6,0x00,0x00,0x00,#000000
6.232608410000000,0,7,0x00,0x00,0x00,#000000
6.232636100000000,0,8,0x00,0x00,0x00,#000000
6.232663800000000,0,9,0x00,0x00,0x00,#000000
6.232691490000000,0,10,0x00,0x00,0x00,#000000
6.232719180000000,0,11,0x00,0x00,0x00,#000000
6.232746880000000,0,12,0x00,0x00,0x00,#000000
6.232774570000000,0,13,0x00,0x00,0x00,#000000
6.232802260000000,0,14,0x00,0x00,0x00,#000000
6.232829950000000,0,15,0x00,0x00,0x00,#000000
6.243306330000000,0,0,0x7E,0x00,0x00,#7e0000
6.243334020000000,0,1,0x00,0x00,0x00,#000000
6.243361710000000,0,2,0x00,0x00,0x00,#000000
6.243389400000000,0,3,0x00,0x00,0x00,#000000
6.243417100000000,0,4,0x00,0x00,0x00,#000000
6.243444790000000,0,5,0x00,0x00,0x00,#000000
6.243472490000000,0,6,0x00,0x00,0x00,#000000
6.243500170000000,0,7,0x00,0x00,0x00,#000000
6.243527870000000,0,8,0x00,0x00,0x00,#000000
6.243555560000000,0,9,0x00,0x00,0x00,#000000
6.243583260000000,0,10,0x00,0x00,0x00,#000000
6.243610950000000,0,11,0x00,0x00,0x00,#000000
6.243638640000000,0,12,0x00,0x00,0x00,#000000
6.243666340000000,0,13,0x00,0x00,0x00,#000000
6.243694030000000,0,14,0x00,0x00,0x00,#000000
6.243721720000000,0,15,0x00,0x00,0x00,#000000
6.254412140000000,0,0,0x7E,0x00,0x00,#7e0000
6.254439830000000,0,1,0x00,0x00,0x00,#000000
6.254467520000000,0,2,0x00,0x00,0x00,#000000
6.254495220000000,0,3,0x00,0x00,0x00,#000000
6.254522910000000,0,4,0x00,0x00,0x00,#000000
6.254550610000000,0,5,0x00,0x00,0x00,#000000
6.254578290000000,0,6,0x00,0x00,0x00,#000000
6.254605990000000,0,7,0x00,0x00,0x00,#000000
6.254633680000000,0,8,0x00,0x00,0x00,#000000
6.254661380000000,0,9,0x00,0x00,0x00,#000000
6.254689070000000,0,10,0x00,0x00,0x00,#000000
6.254716760000000,0,11,0x00,0x00,0x00,#000000
6.254744460000000,0,12,0x00,0x00,0x00,#000000
6.254772150000000,0,13,0x00,0x00,0x00,#000000
6.254799840000000,0,14,0x00,0x00,0x00,#000000
6.254827530000000,0,15,0x00,0x00,0x00,#000000
6.265402510000000,0,0,0x7E,0x00,0x00,#7e0000
6.265430210000000,0,1,0x00,0x00,0x00,#000000
6.265457900000000,0,2,0x00,0x00,0x00,#000000
6.265485590000000,0,3,0x00,0x00,0x00,#000000
6.265513280000000,0,4,0x00,0x00,0x00,#000000
6.265540980000000,0,5,0x00,0x00,0x00,#000000
6.265568670000000,0,6,0x00,0x00,0x00,#000000
6.265596360000000,0,7,0x00,0x00,0x00,#000000
6.265624060000000,0,8,0x00,0x00,0x00,#000000
6.265651750000000,0,9,0x00,0x00,0x00,#000000
6.265679450000000,0,10,0x00,0x00,0x00,#000000
6.265707140000000,0,11,0x00,0x00,0x00,#000000
6.265734830000000,0,12,0x00,0x00,0x00,#000000
6.265762520000000,0,13,0x00,0x00,0x00,#000000
6.265790220000000,0,14,0x00,0x00,0x00,#000000
6.265817910000000,0,15,0x00,0x00,0x00,#000000
6.276307410000000,0,0,0x7E,0x00,0x00,#7e0000
6.276335100000000,0,1,0x00,0x00,0x00,#000000
6.276362790000000,0,2,0x00,0x00,0x00,#000000
6.276390490000000,0,3,0x00,0x00,0x00,#000000
6.276418180000000,0,4,0x00,0x00,0x00,#000000
6.276445870000000,0,5,0x00,0x00,0x00,#000000
6.276473560000000,0,6,0x00,0x00,0x00,#000000
6.276501260000000,0,7,0x00,0x00,0x00,#000000
6.276528950000000,0,8,0x00,0x00,0x00,#000000
6.276556640000000,0,9,0x00,0x00,0x00,#000000
6.276584340000000,0,10,0x00,0x00,0x00,#000000
6.276612030000000,0,11,0x00,0x00,0x00,#000000
6.276639730000000,0,12,0x00,0x00,0x00,#000000
6.276667420000000,0,13,0x00,0x00,0x00,#000000
6.276695110000000,0,14,0x00,0x00,0x00,#000000
6.276722800000000,0,15,0x00,0x00,0x00,#000000
6.287417210000000,0,0,0x7E,0x00,0x00,#7e0000
6.287444900000000,0,1,0x00,0x00,0x00,#000000
6.287472600000000,0,2,0x00,0x00,0x00,#000000
6.287500290000000,0,3,0x00,0x00,0x00,#000000
6.287527980000000,0,4,0x00,0x00,0x00,#000000
6.287555670000000,0,5,0x00,0x00,0x00,#000000
6.287583370000000,0,6,0x00,0x00,0x00,#000000
6.287611060000000,0,7,0x00,0x00,0x00,#000000
6.287638760000000,0,8,0x00,0x00,0x00,#000000
6.287666450000000,0,9,0x00,0x00,0x00,#000000
6.287694140000000,0,10,0x00,0x00,0x00,#000000
6.287721830000000,0,11,0x00,0x00,0x00,#000000
6.287749530000000,0,12,0x00,0x00,0x00,#000000
6.287777220000000,0,13,0x00,0x00,0x00,#000000
6.287804910000000,0,14,0x00,0x00,0x00,#000000
6.287832600000000,0,15,0x00,0x00,0x00,#000000
6.298418740000000,0,0,0x7E,0x00,0x00,#7e0000
6.298446430000000,0,1,0x00,0x00,0x00,#000000
6.298474130000000,0,2,0x00,0x00,0x00,#000000
6.298501820000000,0,3,0x00,0x00,0x00,#000000
6.298529510000000,0,4,0x00,0x00,0x00,#000000
6.298557200000000,0,5,0x00,0x00,0x00,#000000
6.298584900000000,0,6,0x00,0x00,0x00,#000000
6.298612590000000,0,7,0x00,0x00,0x00,#000000
6.298640290000000,0,8,0x00,0x00,0x00,#000000
6.298667980000000,0,9,0x00,0x00,0x00,#000000
6.298695670000000,0,10,0x00,0x00,0x00,#000000
6.298723360000000,0,11,0x00,0x00,0x00,#000000
6.298751060000000,0,12,0x00,0x00,0x00,#000000
6.298778750000000,0,13,0x00,0x00,0x00,#000000
6.298806440000000,0,14,0x00,0x00,0x00,#000000
6.298834130000000,0,15,0x00,0x00,0x00,#000000
6.309308010000000,0,0,0x7E,0x00,0x00,#7e0000
6.309335700000000,0,1,0x00,0x00,0x00,#000000
6.309363400000000,0,2,0x00,0x00,0x00,#000000
6.309391090000000,0,3,0x00,0x00,0x00,#000000
6.309418780000000,0,4,0x00,0x00,0x00,#000000
6.309446470000000,0,5,0x00,0x00,0x00,#000000
6.309474170000000,0,6,0x00,0x00,0x00,#000000
6.309501860000000,0,7,0x00,0x00,0x00,#000000
6.309529550000000,0,8,0x00,0x00,0x00,#000000
6.309557250000000,0,9,0x00,0x00,0x00,#000000
6.309584940000000,0,10,0x00,0x00,0x00,#000000
6.309612630000000,0,11,0x00,0x00,0x00,#000000
6.309640320000000,0,12,0x00,0x00,0x00,#000000
6.309668020000000,0,13,0x00,0x00,0x00,#000000
6.309695710000000,0,14,0x00,0x00,0x00,#000000
6.309723410000000,0,15,0x00,0x00,0x00,#000000
6.320413920000000,0,0,0x7E,0x00,0x00,#7e0000
6.320441610000000,0,1,0x00,0x00,0x00,#000000
6.320469310000000,0,2,0x00,0x00,0x00,#000000
6.320496990000000,0,3,0x00,0x00,0x00,#000000
6.320524690000000,0,4,0x00,0x00,0x00,#000000
6.320552380000000,0,5,0x00,0x00,0x00,#000000
6.320580080000000,0,6,0x00,0x00,0x00,#000000
6.320607760000000,0,7,0x00,0x00,0x00,#000000
6.320635460000000,0,8,0x00,0x00,0x00,#000000
6.320663150000000,0,9,0x00,0x00,0x00,#000000
6.320690850000000,0,10,0x00,0x00,0x00,#000000
6.320718540000000,0,11,0x00,0x00,0x00,#000000
6.320746230000000,0,12,0x00,0x00,0x00,#000000
6.320773930000000,0,13,0x00,0x00,0x00,#000000
6.320801620000000,0,14,0x00,0x00,0x00,#000000
6.320829310000000,0,15,0x00,0x00,0x00,#000000
6.331418820000000,0,0,0x7E,0x00,0x00,#7e0000
6.331446500000000,0,1,0x00,0x00,0x00,#000000
6.331474200000000,0,2,0x00,0x00,0x00,#000000
6.331501890000000,0,3,0x00,0x00,0x00,#000000
6.331529590000000,0,4,0x00,0x00,0x00,#000000
6.331557280000000,0,5,0x00,0x00,0x00,#000000
6.331584970000000,0,6,0x00,0x00,0x00,#000000
6.331612660000000,0,7,0x00,0x00,0x00,#000000
6.331640360000000,0,8,0x00,0x00,0x00,#000000
6.331668050000000,0,9,0x00,0x00,0x00,#000000
6.331695740000000,0,10,0x00,0x00,0x00,#000000
6.331723440000000,0,11,0x00,0x00,0x00,#000000
6.331751130000000,0,12,0x00,0x00,0x00,#000000
6.331778820000000,0,13,0x00,0x00,0x00,#000000
6.331806510000000,0,14,0x00,0x00,0x00,#000000
6.331834210000000,0,15,0x00,0x00,0x00,#000000
6.342308850000000,0,0,0x7E,0x00,0x00,#7e0000
6.342336540000000,0,1,0x00,0x00,0x00,#000000
6.342364240000000,0,2,0x00,0x00,0x00,#000000
6.342391930000000,0,3,0x00,0x00,0x00,#000000
6.342419620000000,0,4,0x00,0x00,0x00,#000000
6.342447320000000,0,5,0x00,0x00,0x00,#000000
6.342475010000000,0,6,0x00,0x00,0x00,#000000
6.342502700000000,0,7,0x00,0x00,0x00,#000000
6.342530390000000,0,8,0x00,0x00,0x00,#000000
6.342558090000000,0,9,0x00,0x00,0x00,#000000
6.342585780000000,0,10,0x00,0x00,0x00,#000000
6.342613480000000,0,11,0x00,0x00,0x00,#000000
6.342641160000000,0,12,0x00,0x00,0x00,#000000
6.342668860000000,0,13,0x00,0x00,0x00,#000000
6.342696550000000,0,14,0x00,0x00,0x00,#000000
6.342724250000000,0,15,0x00,0x00,0x00,#000000
6.353396060000000,0,0,0x7E,0x00,0x00,#7e0000
6.353423750000000,0,1,0x00,0x00,0x00,#000000
6.353451440000000,0,2,0x00,0x00,0x00,#000000
6.353479130000000,0,3,0x00,0x00,0x00,#000000
6.353506830000000,0,4,0x00,0x00,0x00,#000000
6.353534520000000,0,5,0x00,0x00,0x00,#000000
6.353562210000000,0,6,0x00,0x00,0x00,#000000
6.353589910000000,0,7,0x00,0x00,0x00,#000000
6.353617600000000,0,8,0x00,0x00,0x00,#000000
6.353645290000000,0,9,0x00,0x00,0x00,#000000
6.353672980000000,0,10,0x00,0x00,0x00,#000000
6.353700680000000,0,11,0x00,0x00,0x00,#000000
6.353728370000000,0,12,0x00,0x00,0x00,#000000
6.353756070000000,0,13,0x00,0x00,0x00,#000000
6.353783760000000,0,14,0x00,0x00,0x00,#000000
6.353811450000000,0,15,0x00,0x00,0x00,#000000
6.364406960000000,0,0,0x7E,0x00,0x00,#7e0000
6.364434660000000,0,1,0x00,0x00,0x00,#000000
6.364462350000000,0,2,0x00,0x00,0x00,#000000
6.364490040000000,0,3,0x00,0x00,0x00,#000000
6.364517730000000,0,4,0x00,0x00,0x00,#000000
6.364545430000000,0,5,0x00,0x00,0x00,#000000
6.364573120000000,0,6,0x00,0x00,0x00,#000000
6.364600810000000,0,7,0x00,0x00,0x00,#000000
6.364628510000000,0,8,0x00,0x00,0x00,#000000
6.364656200000000,0,9,0x00,0x00,0x00,#000000
6.364683890000000,0,10,0x00,0x00,0x00,#000000
6.364711580000000,0,11,0x00,0x00,0x00,#000000
6.364739280000000,0,12,0x00,0x00,0x00,#000000
6.364766970000000,0,13,0x00,0x00,0x00,#000000
6.364794670000000,0,14,0x00,0x00,0x00,#000000
6.364822350000000,0,15,0x00,0x00,0x00,#000000
6.375370560000000,0,0,0x7E,0x00,0x00,#7e0000
6.375398250000000,0,1,0x00,0x00,0x00,#000000
6.375425940000000,0,2,0x00,0x00,0x00,#000000
6.375453640000000,0,3,0x00,0x00,0x00,#000000
6.375481330000000,0,4,0x00,0x00,0x00,#000000
6.375509020000000,0,5,0x00,0x00,0x00,#000000
6.375536720000000,0,6,0x00,0x00,0x00,#000000
6.375564410000000,0,7,0x00,0x00,0x00,#000000
6.375592100000000,0,8,0x00,0x00,0x00,#000000
6.375619790000000,0,9,0x00,0x00,0x00,#000000
6.375647490000000,0,10,0x00,0x00,0x00,#000000
6.375675180000000,0,11,0x00,0x00,0x00,#000000
6.375702880000000,0,12,0x00,0x00,0x00,#000000
6.375730570000000,0,13,0x00,0x00,0x00,#000000
6.375758260000000,0,14,0x00,0x00,0x00,#000000
6.375785950000000,0,15,0x00,0x00,0x00,#000000
6.386638250000000,0,0,0x7E,0x00,0x00,#7e0000
6.386665940000000,0,1,0x00,0x00,0x00,#000000
6.386693640000000,0,2,0x00,0x00,0x00,#000000
6.386721330000000,0,3,0x00,0x00,0x00,#000000
6.386749020000000,0,4,0x00,0x00,0x00,#000000
6.386776710000000,0,5,0x00,0x00,0x00,#000000
6.386804410000000,0,6,0x00,0x00,0x00,#000000
6.386832100000000,0,7,0x00,0x00,0x00,#000000
6.386859790000000,0,8,0x00,0x00,0x00,#000000
6.386887490000000,0,9,0x00,0x00,0x00,#000000
6.386915180000000,0,10,0x00,0x00,0x00,#000000
6.386942880000000,0,11,0x00,0x00,0x00,#000000
6.386970560000000,0,12,0x00,0x00,0x00,#000000
6.386998260000000,0,13,0x00,0x00,0x00,#000000
6.387025950000000,0,14,0x00,0x00,0x00,#000000
6.387053650000000,0,15,0x00,0x00,0x00,#000000
6.397408380000000,0,0,0x7E,0x00,0x00,#7e0000
6.397436070000000,0,1,0x00,0x00,0x00,#000000
6.397463770000000,0,2,0x00,0x00,0x00,#000000
6.397491460000000,0,3,0x00,0x00,0x00,#000000
6.397519150000000,0,4,0x00,0x00,0x00,#000000
6.397546850000000,0,5,0x00,0x00,0x00,#000000
6.397574540000000,0,6,0x00,0x00,0x00,#000000
6.397602230000000,0,7,0x00,0x00,0x00,#000000
6.397629920000000,0,8,0x00,0x00,0x00,#000000
6.397657620000000,0,9,0x00,0x00,0x00,#000000
6.397685310000000,0,10,0x00,0x00,0x00,#000000
6.397713010000000,0,11,0x00,0x00,0x00,#000000
6.397740690000000,0,12,0x00,0x00,0x00,#000000
6.397768390000000,0,13,0x00,0x00,0x00,#000000
6.397796080000000,0,14,0x00,0x00,0x00,#000000
6.397823780000000,0,15,0x00,0x00,0x00,#000000
6.408310530000000,0,0,0x7E,0x00,0x00,#7e0000
6.408338230000000,0,1,0x00,0x00,0x00,#000000
6.408365920000000,0,2,0x00,0x00,0x00,#000000
6.408393610000000,0,3,0x00,0x00,0x00,#000000
6.408421300000000,0,4,0x00,0x00,0x00,#000000
6.408449000000000,0,5,0x00,0x00,0x00,#000000
6.408476690000000,0,6,0x00,0x00,0x00,#000000
6.408504380000000,0,7,0x00,0x00,0x00,#000000
6.408532080000000,0,8,0x00,0x00,0x00,#000000
6.408559770000000,0,9,0x00,0x00,0x00,#000000
6.408587460000000,0,10,0x00,0x00,0x00,#000000
6.408615160000000,0,11,0x00,0x00,0x00,#000000
6.408642850000000,0,12,0x00,0x00,0x00,#000000
6.408670540000000,0,13,0x00,0x00,0x00,#000000
6.408698240000000,0,14,0x00,0x00,0x00,#000000
6.408725930000000,0,15,0x00,0x00,0x00,#000000
6.419408410000000,0,0,0x7E,0x00,0x00,#7e0000
6.419436100000000,0,1,0x00,0x00,0x00,#000000
6.419463800000000,0,2,0x00,0x00,0x00,#000000
6.419491490000000,0,3,0x00,0x00,0x00,#000000
6.419519190000000,0,4,0x00,0x00,0x00,#000000
6.419546870000000,0,5,0x00,0x00,0x00,#000000
6.419574570000000,0,6,0x00,0x00,0x00,#000000
6.419602260000000,0,7,0x00,0x00,0x00,#000000
6.419629960000000,0,8,0x00,0x00,0x00,#000000
6.419657650000000,0,9,0x00,0x00,0x00,#000000
6.419685340000000,0,10,0x00,0x00,0x00,#000000
6.419713030000000,0,11,0x00,0x00,0x00,#000000
6.419740730000000,0,12,0x00,0x00,0x00,#000000
6.419768420000000,0,13,0x00,0x00,0x00,#000000
6.419796110000000,0,14,0x00,0x00,0x00,#000000
6.419823810000000,0,15,0x00,0x00,0x00,#000000
6.430414030000000,0,0,0x7E,0x00,0x00,#7e0000
6.430441720000000,0,1,0x00,0x00,0x00,#000000
6.430469420000000,0,2,0x00,0x00,0x00,#000000
6.430497110000000,0,3,0x00,0x00,0x00,#000000
6.430524800000000,0,4,0x00,0x00,0x00,#000000
6.430552490000000,0,5,0x00,0x00,0x00,#000000
6.430580190000000,0,6,0x00,0x00,0x00,#000000
6.430607880000000,0,7,0x00,0x00,0x00,#000000
6.430635570000000,0,8,0x00,0x00,0x00,#000000
6.430663260000000,0,9,0x00,0x00,0x00,#000000
6.430690960000000,0,10,0x00,0x00,0x00,#000000
6.430718650000000,0,11,0x00,0x00,0x00,#000000
6.430746350000000,0,12,0x00,0x00,0x00,#000000
6.430774040000000,0,13,0x00,0x00,0x00,#000000
6.430801730000000,0,14,0x00,0x00,0x00,#000000
6.430829420000000,0,15,0x00,0x00,0x00,#000000
6.441311370000000,0,0,0x7E,0x00,0x00,#7e0000
6.441339070000000,0,1,0x00,0x00,0x00,#000000
6.441366760000000,0,2,0x00,0x00,0x00,#000000
6.441394450000000,0,3,0x00,0x00,0x00,#000000
6.441422140000000,0,4,0x00,0x00,0x00,#000000
6.441449840000000,0,5,0x00,0x00,0x00,#000000
6.441477530000000,0,6,0x00,0x00,0x00,#000000
6.441505220000000,0,7,0x00,0x00,0x00,#000000
6.441532920000000,0,8,0x00,0x00,0x00,#000000
6.441560610000000,0,9,0x00,0x00,0x00,#000000
6.441588310000000,0,10,0x00,0x00,0x00,#000000
6.441616000000000,0,11,0x00,0x00,0x00,#000000
6.441643690000000,0,12,0x00,0x00,0x00,#000000
6.441671380000000,0,13,0x00,0x00,0x00,#000000
6.441699080000000,0,14,0x00,0x00,0x00,#000000
6.441726770000000,0,15,0x00,0x00,0x00,#000000
6.452412570000000,0,0,0x7E,0x00,0x00,#7e0000
6.452440260000000,0,1,0x00,0x00,0x00,#000000
6.452467960000000,0,2,0x00,0x00,0x00,#000000
6.452495650000000,0,3,0x00,0x00,0x00,#000000
6.452523340000000,0,4,0x00,0x00,0x00,#000000
6.452551030000000,0,5,0x00,0x00,0x00,#000000
6.452578730000000,0,6,0x00,0x00,0x00,#000000
6.452606420000000,0,7,0x00,0x00,0x00,#000000
6.452634110000000,0,8,0x00,0x00,0x00,#000000
6.452661810000000,0,9,0x00,0x00,0x00,#000000
6.452689500000000,0,10,0x00,0x00,0x00,#000000
6.452717190000000,0,11,0x00,0x00,0x00,#000000
6.452744880000000,0,12,0x00,0x00,0x00,#000000
6.452772580000000,0,13,0x00,0x00,0x00,#000000
6.452800270000000,0,14,0x00,0x00,0x00,#000000
6.452827970000000,0,15,0x00,0x00,0x00,#000000
6.463426940000000,0,0,0x7E,0x00,0x00,#7e0000
6.463454630000000,0,1,0x00,0x00,0x00,#000000
6.463482330000000,0,2,0x00,0x00,0x00,#000000
6.463510010000000,0,3,0x00,0x00,0x00,#000000
6.463537710000000,0,4,0x00,0x00,0x00,#000000
6.463565400000000,0,5,0x00,0x00,0x00,#000000
6.463593100000000,0,6,0x00,0x00,0x00,#000000
6.463620790000000,0,7,0x00,0x00,0x00,#000000
6.463648480000000,0,8,0x00,0x00,0x00,#000000
6.463676170000000,0,9,0x00,0x00,0x00,#000000
6.463703870000000,0,10,0x00,0x00,0x00,#000000
6.463731560000000,0,11,0x00,0x00,0x00,#000000
6.463759250000000,0,12,0x00,0x00,0x00,#000000
6.463786950000000,0,13,0x00,0x00,0x00,#000000
6.463814640000000,0,14,0x00,0x00,0x00,#000000
6.463842330000000,0,15,0x00,0x00,0x00,#000000
6.474312210000000,0,0,0x7E,0x00,0x00,#7e0000
6.474339910000000,0,1,0x00,0x00,0x00,#000000
6.474367600000000,0,2,0x00,0x00,0x00,#000000
6.474395290000000,0,3,0x00,0x00,0x00,#000000
6.474422990000000,0,4,0x00,0x00,0x00,#000000
6.474450680000000,0,5,0x00,0x00,0x00,#000000
6.474478370000000,0,6,0x00,0x00,0x00,#000000
6.474506060000000,0,7,0x00,0x00,0x00,#000000
6.474533760000000,0,8,0x00,0x00,0x00,#000000
6.474561450000000,0,9,0x00,0x00,0x00,#000000
6.474589150000000,0,10,0x00,0x00,0x00,#000000
6.474616840000000,0,11,0x00,0x00,0x00,#000000
6.474644530000000,0,12,0x00,0x00,0x00,#000000
6.474672220000000,0,13,0x00,0x00,0x00,#000000
6.474699920000000,0,14,0x00,0x00,0x00,#000000
6.474727610000000,0,15,0x00,0x00,0x00,#000000
6.485427980000000,0,0,0x7E,0x00,0x00,#7e0000
6.485455670000000,0,1,0x00,0x00,0x00,#000000
6.485483370000000,0,2,0x00,0x00,0x00,#000000
6.485511060000000,0,3,0x00,0x00,0x00,#000000
6.485538750000000,0,4,0x00,0x00,0x00,#000000
6.485566440000000,0,5,0x00,0x00,0x00,#000000
6.485594140000000,0,6,0x00,0x00,0x00,#000000
6.485621830000000,0,7,0x00,0x00,0x00,#000000
6.485649520000000,0,8,0x00,0x00,0x00,#000000
6.485677220000000,0,9,0x00,0x00,0x00,#000000
6.485704910000000,0,10,0x00,0x00,0x00,#000000
6.485732600000000,0,11,0x00,0x00,0x00,#000000
6.485760290000000,0,12,0x00,0x00,0x00,#000000
6.485787990000000,0,13,0x00,0x00,0x00,#000000
6.485815680000000,0,14,0x00,0x00,0x00,#000000
6.485843380000000,0,15,0x00,0x00,0x00,#000000
6.496406580000000,0,0,0x7E,0x00,0x00,#7e0000
6.496434270000000,0,1,0x00,0x00,0x00,#000000
6.496461960000000,0,2,0x00,0x00,0x00,#000000
6.496489650000000,0,3,0x00,0x00,0x00,#000000
6.496517350000000,0,4,0x00,0x00,0x00,#000000
6.496545040000000,0,5,0x00,0x00,0x00,#000000
6.496572730000000,0,6,0x00,0x00,0x00,#000000
6.496600430000000,0,7,0x00,0x00,0x00,#000000
6.496628120000000,0,8,0x00,0x00,0x00,#000000
6.496655810000000,0,9,0x00,0x00,0x00,#000000
6.496683500000000,0,10,0x00,0x00,0x00,#000000
6.496711200000000,0,11,0x00,0x00,0x00,#000000
6.496738890000000,0,12,0x00,0x00,0x00,#000000
6.496766590000000,0,13,0x00,0x00,0x00,#000000
6.496794280000000,0,14,0x00,0x00,0x00,#000000
6.496821970000000,0,15,0x00,0x00,0x00,#000000
6.507313200000000,0,0,0x7E,0x00,0x00,#7e0000
6.507340890000000,0,1,0x00,0x00,0x00,#000000
6.507368590000000,0,2,0x00,0x00,0x00,#000000
6.507396280000000,0,3,0x00,0x00,0x00,#000000
6.507423970000000,0,4,0x00,0x00,0x00,#000000
6.507451670000000,0,5,0x00,0x00,0x00,#000000
6.507479360000000,0,6,0x00,0x00,0x00,#000000
6.507507050000000,0,7,0x00,0x00,0x00,#000000
6.507534740000000,0,8,0x00,0x00,0x00,#000000
6.507562440000000,0,9,0x00,0x00,0x00,#000000
6.507590130000000,0,10,0x00,0x00,0x00,#000000
6.507617830000000,0,11,0x00,0x00,0x00,#000000
6.507645510000000,0,12,0x00,0x00,0x00,#000000
6.507673210000000,0,13,0x00,0x00,0x00,#000000
6.507700900000000,0,14,0x00,0x00,0x00,#000000
6.507728600000000,0,15,0x00,0x00,0x00,#000000
6.518414640000000,0,0,0x7E,0x00,0x00,#7e0000
6.518442330000000,0,1,0x00,0x00,0x00,#000000
6.518470020000000,0,2,0x00,0x00,0x00,#000000
6.518497720000000,0,3,0x00,0x00,0x00,#000000
6.518525410000000,0,4,0x00,0x00,0x00,#000000
6.518553100000000,0,5,0x00,0x00,0x00,#000000
6.518580790000000,0,6,0x00,0x00,0x00,#000000
6.518608490000000,0,7,0x00,0x00,0x00,#000000
6.518636180000000,0,8,0x00,0x00,0x00,#000000
6.518663880000000,0,9,0x00,0x00,0x00,#000000
6.518691560000000,0,10,0x00,0x00,0x00,#000000
6.518719260000000,0,11,0x00,0x00,0x00,#000000
6.518746950000000,0,12,0x00,0x00,0x00,#000000
6.518774650000000,0,13,0x00,0x00,0x00,#000000
6.518802340000000,0,14,0x00,0x00,0x00,#000000
6.518830030000000,0,15,0x00,0x00,0x00,#000000
6.529422800000000,0,0,0x7E,0x00,0x00,#7e0000
6.529450490000000,0,1,0x00,0x00,0x00,#000000
6.529478190000000,0,2,0x00,0x00,0x00,#000000
6.529505880000000,0,3,0x00,0x00,0x00,#000000
6.529533570000000,0,4,0x00,0x00,0x00,#000000
6.529561270000000,0,5,0x00,0x00,0x00,#000000
6.529588960000000,0,6,0x00,0x00,0x00,#000000
6.529616650000000,0,7,0x00,0x00,0x00,#000000
6.529644340000000,0,8,0x00,0x00,0x00,#000000
6.529672040000000,0,9,0x00,0x00,0x00,#000000
6.529699730000000,0,10,0x00,0x00,0x00,#000000
6.529727430000000,0,11,0x00,0x00,0x00,#000000
6.529755120000000,0,12,0x00,0x00,0x00,#000000
6.529782810000000,0,13,0x00,0x00,0x00,#000000
6.529810500000000,0,14,0x00,0x00,0x00,#000000
6.529838200000000,0,15,0x00,0x00,0x00,#000000
6.540313900000000,0,0,0x7E,0x00,0x00,#7e0000
6.540341590000000,0,1,0x00,0x00,0x00,#000000
6.540369280000000,0,2,0x00,0x00,0x00,#000000
6.540396970000000,0,3,0x00,0x00,0x00,#000000
6.540424670000000,0,4,0x00,0x00,0x00,#000000
6.540452360000000,0,5,0x00,0x00,0x00,#000000
6.540480060000000,0,6,0x00,0x00,0x00,#000000
6.540507740000000,0,7,0x00,0x00,0x00,#000000
6.540535440000000,0,8,0x00,0x00,0x00,#000000
6.540563130000000,0,9,0x00,0x00,0x00,#000000
6.540590830000000,0,10,0x00,0x00,0x00,#000000
6.540618520000000,0,11,0x00,0x00,0x00,#000000
6.540646210000000,0,12,0x00,0x00,0x00,#000000
6.540673910000000,0,13,0x00,0x00,0x00,#000000
6.540701600000000,0,14,0x00,0x00,0x00,#000000
6.540729290000000,0,15,0x00,0x00,0x00,#000000
6.551424710000000,0,0,0x7E,0x00,0x00,#7e0000
6.551452400000000,0,1,0x00,0x00,0x00,#000000
6.551480090000000,0,2,0x00,0x00,0x00,#000000
6.551507790000000,0,3,0x00,0x00,0x00,#000000
6.551535480000000,0,4,0x00,0x00,0x00,#000000
6.551563180000000,0,5,0x00,0x00,0x00,#000000
6.551590870000000,0,6,0x00,0x00,0x00,#000000
6.551618560000000,0,7,0x00,0x00,0x00,#000000
6.551646250000000,0,8,0x00,0x00,0x00,#000000
6.551673950000000,0,9,0x00,0x00,0x00,#000000
6.551701640000000,0,10,0x00,0x00,0x00,#000000
6.551729330000000,0,11,0x00,0x00,0x00,#000000
6.551757030000000,0,12,0x00,0x00,0x00,#000000
6.551784720000000,0,13,0x00,0x00,0x00,#000000
6.551812410000000,0,14,0x00,0x00,0x00,#000000
6.551840100000000,0,15,0x00,0x00,0x00,#000000
6.562415850000000,0,0,0x7E,0x00,0x00,#7e0000
6.562443550000000,0,1,0x00,0x00,0x00,#000000
6.562471240000000,0,2,0x00,0x00,0x00,#000000
6.562498930000000,0,3,0x00,0x00,0x00,#000000
6.562526620000000,0,4,0x00,0x00,0x00,#000000
6.562554320000000,0,5,0x00,0x00,0x00,#000000
6.562582010000000,0,6,0x00,0x00,0x00,#000000
6.562609710000000,0,7,0x00,0x00,0x00,#000000
6.562637400000000,0,8,0x00,0x00,0x00,#000000
6.562665090000000,0,9,0x00,0x00,0x00,#000000
6.562692780000000,0,10,0x00,0x00,0x00,#000000
6.562720480000000,0,11,0x00,0x00,0x00,#000000
6.562748170000000,0,12,0x00,0x00,0x00,#000000
6.562775860000000,0,13,0x00,0x00,0x00,#000000
6.562803560000000,0,14,0x00,0x00,0x00,#000000
6.562831250000000,0,15,0x00,0x00,0x00,#000000
6.573315410000000,0,0,0x7E,0x00,0x00,#7e0000
6.573343110000000,0,1,0x00,0x00,0x00,#000000
6.573370790000000,0,2,0x00,0x00,0x00,#000000
6.573398490000000,0,3,0x00,0x00,0x00,#000000
6.573426180000000,0,4,0x00,0x00,0x00,#000000
6.573453880000000,0,5,0x00,0x00,0x00,#000000
6.573481570000000,0,6,0x00,0x00,0x00,#000000
6.573509260000000,0,7,0x00,0x00,0x00,#000000
6.573536960000000,0,8,0x00,0x00,0x00,#000000
6.573564650000000,0,9,0x00,0x00,0x00,#000000
6.573592340000000,0,10,0x00,0x00,0x00,#000000
6.573620030000000,0,11,0x00,0x00,0x00,#000000
6.573647730000000,0,12,0x00,0x00,0x00,#000000
6.573675420000000,0,13,0x00,0x00,0x00,#000000
6.573703120000000,0,14,0x00,0x00,0x00,#000000
6.573730800000000,0,15,0x00,0x00,0x00,#000000
6.584426130000000,0,0,0x7E,0x00,0x00,#7e0000
6.584453820000000,0,1,0x00,0x00,0x00,#000000
6.584481520000000,0,2,0x00,0x00,0x00,#000000
6.584509200000000,0,3,0x00,0x00,0x00,#000000
6.584536900000000,0,4,0x00,0x00,0x00,#000000
6.584564590000000,0,5,0x00,0x00,0x00,#000000
6.584592290000000,0,6,0x00,0x00,0x00,#000000
6.584619980000000,0,7,0x00,0x00,0x00,#000000
6.584647670000000,0,8,0x00,0x00,0x00,#000000
6.584675360000000,0,9,0x00,0x00,0x00,#000000
6.584703060000000,0,10,0x00,0x00,0x00,#000000
6.584730750000000,0,11,0x00,0x00,0x00,#000000
6.584758440000000,0,12,0x00,0x00,0x00,#000000
6.584786140000000,0,13,0x00,0x00,0x00,#000000
6.584813830000000,0,14,0x00,0x00,0x00,#000000
6.584841520000000,0,15,0x00,0x00,0x00,#000000
6.595619200000000,0,0,0x7E,0x00,0x00,#7e0000
6.595646890000000,0,1,0x00,0x00,0x00,#000000
6.595674590000000,0,2,0x00,0x00,0x00,#000000
6.595702280000000,0,3,0x00,0x00,0x00,#000000
6.595729970000000,0,4,0x00,0x00,0x00,#000000
6.595757670000000,0,5,0x00,0x00,0x00,#000000
6.595785360000000,0,6,0x00,0x00,0x00,#000000
6.595813050000000,0,7,0x00,0x00,0x00,#000000
6.595840740000000,0,8,0x00,0x00,0x00,#000000
6.595868440000000,0,9,0x00,0x00,0x00,#000000
6.595896130000000,0,10,0x00,0x00,0x00,#000000
6.595923830000000,0,11,0x00,0x00,0x00,#000000
6.595951510000000,0,12,0x00,0x00,0x00,#000000
6.595979210000000,0,13,0x00,0x00,0x00,#000000
6.596006900000000,0,14,0x00,0x00,0x00,#000000
6.596034600000000,0,15,0x00,0x00,0x00,#000000
6.606321970000000,0,0,0x7E,0x00,0x00,#7e0000
6.606349670000000,0,1,0x00,0x00,0x00,#000000
6.606377360000000,0,2,0x00,0x00,0x00,#000000
6.606405050000000,0,3,0x00,0x00,0x00,#000000
6.606432740000000,0,4,0x00,0x00,0x00,#000000
6.606460440000000,0,5,0x00,0x00,0x00,#000000
6.606488130000000,0,6,0x00,0x00,0x00,#000000
6.606515830000000,0,7,0x00,0x00,0x00,#000000
6.606543510000000,0,8,0x00,0x00,0x00,#000000
6.606571210000000,0,9,0x00,0x00,0x00,#000000
6.606598900000000,0,10,0x00,0x00,0x00,#000000
6.606626600000000,0,11,0x00,0x00,0x00,#000000
6.606654290000000,0,12,0x00,0x00,0x00,#000000
6.606681980000000,0,13,0x00,0x00,0x00,#000000
6.606709680000000,0,14,0x00,0x00,0x00,#000000
6.606737370000000,0,15,0x00,0x00,0x00,#000000
6.617499760000000,0,0,0x7E,0x00,0x00,#7e0000
6.617527450000000,0,1,0x00,0x00,0x00,#000000
6.617555150000000,0,2,0x00,0x00,0x00,#000000
6.617582830000000,0,3,0x00,0x00,0x00,#000000
6.617610530000000,0,4,0x00,0x00,0x00,#000000
6.617638220000000,0,5,0x00,0x00,0x00,#000000
6.617665920000000,0,6,0x00,0x00,0x00,#000000
6.617693610000000,0,7,0x00,0x00,0x00,#000000
6.617721300000000,0,8,0x00,0x00,0x00,#000000
6.617748990000000,0,9,0x00,0x00,0x00,#000000
6.617776690000000,0,10,0x00,0x00,0x00,#000000
6.617804380000000,0,11,0x00,0x00,0x00,#000000
6.617832070000000,0,12,0x00,0x00,0x00,#000000
6.617859770000000,0,13,0x00,0x00,0x00,#000000
6.617887460000000,0,14,0x00,0x00,0x00,#000000
6.617915150000000,0,15,0x00,0x00,0x00,#000000
6.628418210000000,0,0,0x7E,0x00,0x00,#7e0000
6.628445900000000,0,1,0x00,0x00,0x00,#000000
6.628473590000000,0,2,0x00,0x00,0x00,#000000
6.628501290000000,0,3,0x00,0x00,0x00,#000000
6.628528980000000,0,4,0x00,0x00,0x00,#000000
6.628556680000000,0,5,0x00,0x00,0x00,#000000
6.628584360000000,0,6,0x00,0x00,0x00,#000000
6.628612060000000,0,7,0x00,0x00,0x00,#000000
6.628639750000000,0,8,0x00,0x00,0x00,#000000
6.628667450000000,0,9,0x00,0x00,0x00,#000000
6.628695140000000,0,10,0x00,0x00,0x00,#000000
6.628722830000000,0,11,0x00,0x00,0x00,#000000
6.628750530000000,0,12,0x00,0x00,0x00,#000000
6.628778220000000,0,13,0x00,0x00,0x00,#000000
6.628805910000000,0,14,0x00,0x00,0x00,#000000
6.628833600000000,0,15,0x00,0x00,0x00,#000000
6.639316420000000,0,0,0x7E,0x00,0x00,#7e0000
6.639344110000000,0,1,0x00,0x00,0x00,#000000
6.639371810000000,0,2,0x00,0x00,0x00,#000000
6.639399500000000,0,3,0x00,0x00,0x00,#000000
6.639427190000000,0,4,0x00,0x00,0x00,#000000
6.639454890000000,0,5,0x00,0x00,0x00,#000000
6.639482580000000,0,6,0x00,0x00,0x00,#000000
6.639510270000000,0,7,0x00,0x00,0x00,#000000
6.639537960000000,0,8,0x00,0x00,0x00,#000000
6.639565660000000,0,9,0x00,0x00,0x00,#000000
6.639593350000000,0,10,0x00,0x00,0x00,#000000
6.639621050000000,0,11,0x00,0x00,0x00,#000000
6.639648730000000,0,12,0x00,0x00,0x00,#000000
6.639676430000000,0,13,0x00,0x00,0x00,#000000
6.639704120000000,0,14,0x00,0x00,0x00,#000000
6.639731820000000,0,15,0x00,0x00,0x00,#000000
6.650568340000000,0,0,0x7E,0x00,0x00,#7e0000
6.650596030000000,0,1,0x00,0x00,0x00,#000000
6.650623730000000,0,2,0x00,0x00,0x00,#000000
6.650651420000000,0,3,0x00,0x00,0x00,#000000
6.650679110000000,0,4,0x00,0x00,0x00,#000000
6.650706800000000,0,5,0x00,0x00,0x00,#000000
6.650734500000000,0,6,0x00,0x00,0x00,#000000
6.650762190000000,0,7,0x00,0x00,0x00,#000000
6.650789890000000,0,8,0x00,0x00,0x00,#000000
6.650817580000000,0,9,0x00,0x00,0x00,#000000
6.650845270000000,0,10,0x00,0x00,0x00,#000000
6.650872960000000,0,11,0x00,0x00,0x00,#000000
6.650900660000000,0,12,0x00,0x00,0x00,#000000
6.650928350000000,0,13,0x00,0x00,0x00,#000000
6.650956040000000,0,14,0x00,0x00,0x00,#000000
6.650983730000000,0,15,0x00,0x00,0x00,#000000
6.661413380000000,0,0,0x7E,0x00,0x00,#7e0000
6.661441070000000,0,1,0x00,0x00,0x00,#000000
6.661468760000000,0,2,0x00,0x00,0x00,#000000
6.661496450000000,0,3,0x00,0x00,0x00,#000000
6.661524150000000,0,4,0x00,0x00,0x00,#000000
6.661551840000000,0,5,0x00,0x00,0x00,#000000
6.661579540000000,0,6,0x00,0x00,0x00,#000000
6.661607230000000,0,7,0x00,0x00,0x00,#000000
6.661634920000000,0,8,0x00,0x00,0x00,#000000
6.661662610000000,0,9,0x00,0x00,0x00,#000000
6.661690310000000,0,10,0x00,0x00,0x00,#000000
6.661718000000000,0,11,0x00,0x00,0x00,#000000
6.661745690000000,0,12,0x00,0x00,0x00,#000000
6.661773380000000,0,13,0x00,0x00,0x00,#000000
6.661801080000000,0,14,0x00,0x00,0x00,#000000
6.661828770000000,0,15,0x00,0x00,0x00,#000000
6.672317260000000,0,0,0x7E,0x00,0x00,#7e0000
6.672344950000000,0,1,0x00,0x00,0x00,#000000
6.672372650000000,0,2,0x00,0x00,0x00,#000000
6.672400340000000,0,3,0x00,0x00,0x00,#000000
6.672428030000000,0,4,0x00,0x00,0x00,#000000
6.672455730000000,0,5,0x00,0x00,0x00,#000000
6.672483420000000,0,6,0x00,0x00,0x00,#000000
6.672511110000000,0,7,0x00,0x00,0x00,#000000
6.672538800000000,0,8,0x00,0x00,0x00,#000000
6.672566500000000,0,9,0x00,0x00,0x00,#000000
6.672594190000000,0,10,0x00,0x00,0x00,#000000
6.672621890000000,0,11,0x00,0x00,0x00,#000000
6.672649570000000,0,12,0x00,0x00,0x00,#000000
6.672677270000000,0,13,0x00,0x00,0x00,#000000
6.672704960000000,0,14,0x00,0x00,0x00,#000000
6.672732660000000,0,15,0x00,0x00,0x00,#000000
6.683417110000000,0,0,0x7E,0x00,0x00,#7e0000
6.683444810000000,0,1,0x00,0x00,0x00,#000000
6.683472490000000,0,2,0x00,0x00,0x00,#000000
6.683500190000000,0,3,0x00,0x00,0x00,#000000
6.683527880000000,0,4,0x00,0x00,0x00,#000000
6.683555580000000,0,5,0x00,0x00,0x00,#000000
6.683583270000000,0,6,0x00,0x00,0x00,#000000
6.683610960000000,0,7,0x00,0x00,0x00,#000000
6.683638650000000,0,8,0x00,0x00,0x00,#000000
6.683666350000000,0,9,0x00,0x00,0x00,#000000
6.683694040000000,0,10,0x00,0x00,0x00,#000000
6.683721730000000,0,11,0x00,0x00,0x00,#000000
6.683749430000000,0,12,0x00,0x00,0x00,#000000
6.683777120000000,0,13,0x00,0x00,0x00,#000000
6.683804810000000,0,14,0x00,0x00,0x00,#000000
6.683832500000000,0,15,0x00,0x00,0x00,#000000
6.694420750000000,0,0,0x7E,0x00,0x00,#7e0000
6.694448450000000,0,1,0x00,0x00,0x00,#000000
6.694476140000000,0,2,0x00,0x00,0x00,#000000
6.694503840000000,0,3,0x00,0x00,0x00,#000000
6.694531530000000,0,4,0x00,0x00,0x00,#000000
6.694559220000000,0,5,0x00,0x00,0x00,#000000
6.694586910000000,0,6,0x00,0x00,0x00,#000000
6.694614610000000,0,7,0x00,0x00,0x00,#000000
6.694642300000000,0,8,0x00,0x00,0x00,#000000
6.694669990000000,0,9,0x00,0x00,0x00,#000000
6.694697690000000,0,10,0x00,0x00,0x00,#000000
6.694725380000000,0,11,0x00,0x00,0x00,#000000
6.694753080000000,0,12,0x00,0x00,0x00,#000000
6.694780760000000,0,13,0x00,0x00,0x00,#000000
6.694808460000000,0,14,0x00,0x00,0x00,#000000
6.694836150000000,0,15,0x00,0x00,0x00,#000000
6.705318100000000,0,0,0x7E,0x00,0x00,#7e0000
6.705345790000000,0,1,0x00,0x00,0x00,#000000
6.705373490000000,0,2,0x00,0x00,0x00,#000000
6.705401180000000,0,3,0x00,0x00,0x00,#000000
6.705428870000000,0,4,0x00,0x00,0x00,#000000
6.705456570000000,0,5,0x00,0x00,0x00,#000000
6.705484260000000,0,6,0x00,0x00,0x00,#000000
6.705511950000000,0,7,0x00,0x00,0x00,#000000
6.705539640000000,0,8,0x00,0x00,0x00,#000000
6.705567340000000,0,9,0x00,0x00,0x00,#000000
6.705595030000000,0,10,0x00,0x00,0x00,#000000
6.705622730000000,0,11,0x00,0x00,0x00,#000000
6.705650420000000,0,12,0x00,0x00,0x00,#000000
6.705678110000000,0,13,0x00,0x00,0x00,#000000
6.705705800000000,0,14,0x00,0x00,0x00,#000000
6.705733500000000,0,15,0x00,0x00,0x00,#000000
6.716419730000000,0,0,0x7E,0x00,0x00,#7e0000
6.716447420000000,0,1,0x00,0x00,0x00,#000000
6.716475120000000,0,2,0x00,0x00,0x00,#000000
6.716502810000000,0,3,0x00,0x00,0x00,#000000
6.716530500000000,0,4,0x00,0x00,0x00,#000000
6.716558190000000,0,5,0x00,0x00,0x00,#000000
6.716585890000000,0,6,0x00,0x00,0x00,#000000
6.716613580000000,0,7,0x00,0x00,0x00,#000000
6.716641280000000,0,8,0x00,0x00,0x00,#000000
6.716668960000000,0,9,0x00,0x00,0x00,#000000
6.716696660000000,0,10,0x00,0x00,0x00,#000000
6.716724350000000,0,11,0x00,0x00,0x00,#000000
6.716752050000000,0,12,0x00,0x00,0x00,#000000
6.716779740000000,0,13,0x00,0x00,0x00,#000000
6.716807430000000,0,14,0x00,0x00,0x00,#000000
6.716835120000000,0,15,0x00,0x00,0x00,#000000
6.727421360000000,0,0,0x7E,0x00,0x00,#7e0000
6.727449050000000,0,1,0x00,0x00,0x00,#000000
6.727476740000000,0,2,0x00,0x00,0x00,#000000
6.727504430000000,0,3,0x00,0x00,0x00,#000000
6.727532130000000,0,4,0x00,0x00,0x00,#000000
6.727559820000000,0,5,0x00,0x00,0x00,#000000
6.727587510000000,0,6,0x00,0x00,0x00,#000000
6.727615210000000,0,7,0x00,0x00,0x00,#000000
6.727642900000000,0,8,0x00,0x00,0x00,#000000
6.727670590000000,0,9,0x00,0x00,0x00,#000000
6.727698290000000,0,10,0x00,0x00,0x00,#000000
6.727725980000000,0,11,0x00,0x00,0x00,#000000
6.727753670000000,0,12,0x00,0x00,0x00,#000000
6.727781370000000,0,13,0x00,0x00,0x00,#000000
6.727809060000000,0,14,0x00,0x00,0x00,#000000
6.727836750000000,0,15,0x00,0x00,0x00,#000000
6.738318940000000,0,0,0x7E,0x00,0x00,#7e0000
6.738346640000000,0,1,0x00,0x00,0x00,#000000
6.738374330000000,0,2,0x00,0x00,0x00,#000000
6.738402020000000,0,3,0x00,0x00,0x00,#000000
6.738429710000000,0,4,0x00,0x00,0x00,#000000
6.738457410000000,0,5,0x00,0x00,0x00,#000000
6.738485100000000,0,6,0x00,0x00,0x00,#000000
6.738512790000000,0,7,0x00,0x00,0x00,#000000
6.738540480000000,0,8,0x00,0x00,0x00,#000000
6.738568180000000,0,9,0x00,0x00,0x00,#000000
6.738595870000000,0,10,0x00,0x00,0x00,#000000
6.738623570000000,0,11,0x00,0x00,0x00,#000000
6.738651260000000,0,12,0x00,0x00,0x00,#000000
6.738678950000000,0,13,0x00,0x00,0x00,#000000
6.738706640000000,0,14,0x00,0x00,0x00,#000000
6.738734340000000,0,15,0x00,0x00,0x00,#000000
6.749426770000000,0,0,0x7E,0x00,0x00,#7e0000
6.749454470000000,0,1,0x00,0x00,0x00,#000000
6.749482160000000,0,2,0x00,0x00,0x00,#000000
6.749509850000000,0,3,0x00,0x00,0x00,#000000
6.749537550000000,0,4,0x00,0x00,0x00,#000000
6.749565240000000,0,5,0x00,0x00,0x00,#000000
6.749592930000000,0,6,0x00,0x00,0x00,#000000
6.749620620000000,0,7,0x00,0x00,0x00,#000000
6.749648320000000,0,8,0x00,0x00,0x00,#000000
6.749676010000000,0,9,0x00,0x00,0x00,#000000
6.749703700000000,0,10,0x00,0x00,0x00,#000000
6.749731390000000,0,11,0x00,0x00,0x00,#000000
6.749759090000000,0,12,0x00,0x00,0x00,#000000
6.749786780000000,0,13,0x00,0x00,0x00,#000000
6.749814480000000,0,14,0x00,0x00,0x00,#000000
6.749842170000000,0,15,0x00,0x00,0x00,#000000
6.760417440000000,0,0,0x7E,0x00,0x00,#7e0000
6.760445130000000,0,1,0x00,0x00,0x00,#000000
6.760472820000000,0,2,0x00,0x00,0x00,#000000
6.760500520000000,0,3,0x00,0x00,0x00,#000000
6.760528210000000,0,4,0x00,0x00,0x00,#000000
6.760555900000000,0,5,0x00,0x00,0x00,#000000
6.760583600000000,0,6,0x00,0x00,0x00,#000000
6.760611290000000,0,7,0x00,0x00,0x00,#000000
6.760638980000000,0,8,0x00,0x00,0x00,#000000
6.760666670000000,0,9,0x00,0x00,0x00,#000000
6.760694370000000,0,10,0x00,0x00,0x00,#000000
6.760722060000000,0,11,0x00,0x00,0x00,#000000
6.760749760000000,0,12,0x00,0x00,0x00,#000000
6.760777440000000,0,13,0x00,0x00,0x00,#000000
6.760805140000000,0,14,0x00,0x00,0x00,#000000
6.760832830000000,0,15,0x00,0x00,0x00,#000000
6.771319780000000,0,0,0x7E,0x00,0x00,#7e0000
6.771347480000000,0,1,0x00,0x00,0x00,#000000
6.771375170000000,0,2,0x00,0x00,0x00,#000000
6.771402860000000,0,3,0x00,0x00,0x00,#000000
6.771430550000000,0,4,0x00,0x00,0x00,#000000
6.771458250000000,0,5,0x00,0x00,0x00,#000000
6.771485940000000,0,6,0x00,0x00,0x00,#000000
6.771513630000000,0,7,0x00,0x00,0x00,#000000
6.771541320000000,0,8,0x00,0x00,0x00,#000000
6.771569020000000,0,9,0x00,0x00,0x00,#000000
6.771596710000000,0,10,0x00,0x00,0x00,#000000
6.771624410000000,0,11,0x00,0x00,0x00,#000000
6.771652100000000,0,12,0x00,0x00,0x00,#000000
6.771679790000000,0,13,0x00,0x00,0x00,#000000
6.771707490000000,0,14,0x00,0x00,0x00,#000000
6.771735180000000,0,15,0x00,0x00,0x00,#000000
6.782422620000000,0,0,0x7E,0x00,0x00,#7e0000
6.782450310000000,0,1,0x00,0x00,0x00,#000000
6.782478000000000,0,2,0x00,0x00,0x00,#000000
6.782505690000000,0,3,0x00,0x00,0x00,#000000
6.782533390000000,0,4,0x00,0x00,0x00,#000000
6.782561080000000,0,5,0x00,0x00,0x00,#000000
6.782588770000000,0,6,0x00,0x00,0x00,#000000
6.782616460000000,0,7,0x00,0x00,0x00,#000000
6.782644160000000,0,8,0x00,0x00,0x00,#000000
6.782671850000000,0,9,0x00,0x00,0x00,#000000
6.782699540000000,0,10,0x00,0x00,0x00,#000000
6.782727230000000,0,11,0x00,0x00,0x00,#000000
6.782754930000000,0,12,0x00,0x00,0x00,#000000
6.782782620000000,0,13,0x00,0x00,0x00,#000000
6.782810320000000,0,14,0x00,0x00,0x00,#000000
6.782838010000000,0,15,0x00,0x00,0x00,#000000
6.793419720000000,0,0,0x7E,0x00,0x00,#7e0000
6.793447410000000,0,1,0x00,0x00,0x00,#000000
6.793475110000000,0,2,0x00,0x00,0x00,#000000
6.793502800000000,0,3,0x00,0x00,0x00,#000000
6.793530490000000,0,4,0x00,0x00,0x00,#000000
6.793558190000000,0,5,0x00,0x00,0x00,#000000
6.793585880000000,0,6,0x00,0x00,0x00,#000000
6.793613570000000,0,7,0x00,0x00,0x00,#000000
6.793641260000000,0,8,0x00,0x00,0x00,#000000
6.793668960000000,0,9,0x00,0x00,0x00,#000000
6.793696650000000,0,10,0x00,0x00,0x00,#000000
6.793724350000000,0,11,0x00,0x00,0x00,#000000
6.793752030000000,0,12,0x00,0x00,0x00,#000000
6.793779730000000,0,13,0x00,0x00,0x00,#000000
6.793807420000000,0,14,0x00,0x00,0x00,#000000
6.793835120000000,0,15,0x00,0x00,0x00,#000000
6.804330670000000,0,0,0x7E,0x00,0x00,#7e0000
6.804358370000000,0,1,0x00,0x00,0x00,#000000
6.804386050000000,0,2,0x00,0x00,0x00,#000000
6.804413750000000,0,3,0x00,0x00,0x00,#000000
6.804441440000000,0,4,0x00,0x00,0x00,#000000
6.804469140000000,0,5,0x00,0x00,0x00,#000000
6.804496830000000,0,6,0x00,0x00,0x00,#000000
6.804524520000000,0,7,0x00,0x00,0x00,#000000
6.804552220000000,0,8,0x00,0x00,0x00,#000000
6.804579910000000,0,9,0x00,0x00,0x00,#000000
6.804607600000000,0,10,0x00,0x00,0x00,#000000
6.804635290000000,0,11,0x00,0x00,0x00,#000000
6.804662990000000,0,12,0x00,0x00,0x00,#000000
6.804690680000000,0,13,0x00,0x00,0x00,#000000
6.804718380000000,0,14,0x00,0x00,0x00,#000000
6.804746060000000,0,15,0x00,0x00,0x00,#000000
6.815433690000000,0,0,0x7E,0x00,0x00,#7e0000
6.815461390000000,0,1,0x00,0x00,0x00,#000000
6.815489080000000,0,2,0x00,0x00,0x00,#000000
6.815516780000000,0,3,0x00,0x00,0x00,#000000
6.815544460000000,0,4,0x00,0x00,0x00,#000000
6.815572160000000,0,5,0x00,0x00,0x00,#000000
6.815599850000000,0,6,0x00,0x00,0x00,#000000
6.815627550000000,0,7,0x00,0x00,0x00,#000000
6.815655240000000,0,8,0x00,0x00,0x00,#000000
6.815682930000000,0,9,0x00,0x00,0x00,#000000
6.815710620000000,0,10,0x00,0x00,0x00,#000000
6.815738320000000,0,11,0x00,0x00,0x00,#000000
6.815766010000000,0,12,0x00,0x00,0x00,#000000
6.815793700000000,0,13,0x00,0x00,0x00,#000000
6.815821400000000,0,14,0x00,0x00,0x00,#000000
6.815849090000000,0,15,0x00,0x00,0x00,#000000
6.826419500000000,0,0,0x7E,0x00,0x00,#7e0000
6.826447200000000,0,1,0x00,0x00,0x00,#000000
6.826474890000000,0,2,0x00,0x00,0x00,#000000
6.826502580000000,0,3,0x00,0x00,0x00,#000000
6.826530270000000,0,4,0x00,0x00,0x00,#000000
6.826557970000000,0,5,0x00,0x00,0x00,#000000
6.826585660000000,0,6,0x00,0x00,0x00,#000000
6.826613350000000,0,7,0x00,0x00,0x00,#000000
6.826641050000000,0,8,0x00,0x00,0x00,#000000
6.826668740000000,0,9,0x00,0x00,0x00,#000000
6.826696440000000,0,10,0x00,0x00,0x00,#000000
6.826724120000000,0,11,0x00,0x00,0x00,#000000
6.826751820000000,0,12,0x00,0x00,0x00,#000000
6.826779510000000,0,13,0x00,0x00,0x00,#000000
6.826807210000000,0,14,0x00,0x00,0x00,#000000
6.826834900000000,0,15,0x00,0x00,0x00,#000000
6.837322860000000,0,0,0x7E,0x00,0x00,#7e0000
6.837350550000000,0,1,0x00,0x00,0x00,#000000
6.837378250000000,0,2,0x00,0x00,0x00,#000000
6.837405930000000,0,3,0x00,0x00,0x00,#000000
6.837433630000000,0,4,0x00,0x00,0x00,#000000
6.837461320000000,0,5,0x00,0x00,0x00,#000000
6.837489020000000,0,6,0x00,0x00,0x00,#000000
6.837516710000000,0,7,0x00,0x00,0x00,#000000
6.837544400000000,0,8,0x00,0x00,0x00,#000000
6.837572090000000,0,9,0x00,0x00,0x00,#000000
6.837599790000000,0,10,0x00,0x00,0x00,#000000
6.837627480000000,0,11,0x00,0x00,0x00,#000000
6.837655170000000,0,12,0x00,0x00,0x00,#000000
6.837682870000000,0,13,0x00,0x00,0x00,#000000
6.837710560000000,0,14,0x00,0x00,0x00,#000000
6.837738250000000,0,15,0x00,0x00,0x00,#000000
6.848426360000000,0,0,0x7E,0x00,0x00,#7e0000
6.848454050000000,0,1,0x00,0x00,0x00,#000000
6.848481750000000,0,2,0x00,0x00,0x00,#000000
6.848509440000000,0,3,0x00,0x00,0x00,#000000
6.848537140000000,0,4,0x00,0x00,0x00,#000000
6.848564820000000,0,5,0x00,0x00,0x00,#000000
6.848592520000000,0,6,0x00,0x00,0x00,#000000
6.848620210000000,0,7,0x00,0x00,0x00,#000000
6.848647910000000,0,8,0x00,0x00,0x00,#000000
6.848675600000000,0,9,0x00,0x00,0x00,#000000
6.848703290000000,0,10,0x00,0x00,0x00,#000000
6.848730980000000,0,11,0x00,0x00,0x00,#000000
6.848758680000000,0,12,0x00,0x00,0x00,#000000
6.848786370000000,0,13,0x00,0x00,0x00,#000000
6.848814060000000,0,14,0x00,0x00,0x00,#000000
6.848841760000000,0,15,0x00,0x00,0x00,#000000
6.859413660000000,0,0,0x7E,0x00,0x00,#7e0000
6.859441350000000,0,1,0x00,0x00,0x00,#000000
6.859469050000000,0,2,0x00,0x00,0x00,#000000
6.859496740000000,0,3,0x00,0x00,0x00,#000000
6.859524430000000,0,4,0x00,0x00,0x00,#000000
6.859552120000000,0,5,0x00,0x00,0x00,#000000
6.859579820000000,0,6,0x00,0x00,0x00,#000000
6.859607510000000,0,7,0x00,0x00,0x00,#000000
6.859635210000000,0,8,0x00,0x00,0x00,#000000
6.859662900000000,0,9,0x00,0x00,0x00,#000000
6.859690590000000,0,10,0x00,0x00,0x00,#000000
6.859718280000000,0,11,0x00,0x00,0x00,#000000
6.859745980000000,0,12,0x00,0x00,0x00,#000000
6.859773670000000,0,13,0x00,0x00,0x00,#000000
6.859801360000000,0,14,0x00,0x00,0x00,#000000
6.859829050000000,0,15,0x00,0x00,0x00,#000000
6.870322300000000,0,0,0x7E,0x00,0x00,#7e0000
6.870350000000000,0,1,0x00,0x00,0x00,#000000
6.870377690000000,0,2,0x00,0x00,0x00,#000000
6.870405380000000,0,3,0x00,0x00,0x00,#000000
6.870433070000000,0,4,0x00,0x00,0x00,#000000
6.870460770000000,0,5,0x00,0x00,0x00,#000000
6.870488460000000,0,6,0x00,0x00,0x00,#000000
6.870516150000000,0,7,0x00,0x00,0x00,#000000
6.870543850000000,0,8,0x00,0x00,0x00,#000000
6.870571540000000,0,9,0x00,0x00,0x00,#000000
6.870599240000000,0,10,0x00,0x00,0x00,#000000
6.870626930000000,0,11,0x00,0x00,0x00,#000000
6.870654620000000,0,12,0x00,0x00,0x00,#000000
6.870682310000000,0,13,0x00,0x00,0x00,#000000
6.870710010000000,0,14,0x00,0x00,0x00,#000000
6.870737700000000,0,15,0x00,0x00,0x00,#000000
6.881464850000000,0,0,0x7E,0x00,0x00,#7e0000
6.881492540000000,0,1,0x00,0x00,0x00,#000000
6.881520230000000,0,2,0x00,0x00,0x00,#000000
6.881547930000000,0,3,0x00,0x00,0x00,#000000
6.881575620000000,0,4,0x00,0x00,0x00,#000000
6.881603310000000,0,5,0x00,0x00,0x00,#000000
6.881631000000000,0,6,0x00,0x00,0x00,#000000
6.881658700000000,0,7,0x00,0x00,0x00,#000000
6.881686390000000,0,8,0x00,0x00,0x00,#000000
6.881714090000000,0,9,0x00,0x00,0x00,#000000
6.881741780000000,0,10,0x00,0x00,0x00,#000000
6.881769470000000,0,11,0x00,0x00,0x00,#000000
6.881797160000000,0,12,0x00,0x00,0x00,#000000
6.881824860000000,0,13,0x00,0x00,0x00,#000000
6.881852550000000,0,14,0x00,0x00,0x00,#000000
6.881880240000000,0,15,0x00,0x00,0x00,#000000
6.892333730000000,0,0,0x7E,0x00,0x00,#7e0000
6.892361420000000,0,1,0x00,0x00,0x00,#000000
6.892389110000000,0,2,0x00,0x00,0x00,#000000
6.892416810000000,0,3,0x00,0x00,0x00,#000000
6.892444500000000,0,4,0x00,0x00,0x00,#000000
6.892472190000000,0,5,0x00,0x00,0x00,#000000
6.892499890000000,0,6,0x00,0x00,0x00,#000000
6.892527580000000,0,7,0x00,0x00,0x00,#000000
6.892555280000000,0,8,0x00,0x00,0x00,#000000
6.892582960000000,0,9,0x00,0x00,0x00,#000000
6.892610660000000,0,10,0x00,0x00,0x00,#000000
6.892638350000000,0,11,0x00,0x00,0x00,#000000
6.892666050000000,0,12,0x00,0x00,0x00,#000000
6.892693740000000,0,13,0x00,0x00,0x00,#000000
6.892721430000000,0,14,0x00,0x00,0x00,#000000
6.892749120000000,0,15,0x00,0x00,0x00,#000000
6.903444590000000,0,0,0x7E,0x00,0x00,#7e0000
6.903472280000000,0,1,0x00,0x00,0x00,#000000
6.903499970000000,0,2,0x00,0x00,0x00,#000000
6.903527670000000,0,3,0x00,0x00,0x00,#000000
6.903555360000000,0,4,0x00,0x00,0x00,#000000
6.903583060000000,0,5,0x00,0x00,0x00,#000000
6.903610740000000,0,6,0x00,0x00,0x00,#000000
6.903638440000000,0,7,0x00,0x00,0x00,#000000
6.903666130000000,0,8,0x00,0x00,0x00,#000000
6.903693830000000,0,9,0x00,0x00,0x00,#000000
6.903721520000000,0,10,0x00,0x00,0x00,#000000
6.903749210000000,0,11,0x00,0x00,0x00,#000000
6.903776910000000,0,12,0x00,0x00,0x00,#000000
6.903804600000000,0,13,0x00,0x00,0x00,#000000
6.903832290000000,0,14,0x00,0x00,0x00,#000000
6.903859980000000,0,15,0x00,0x00,0x00,#000000
6.914426310000000,0,0,0x7E,0x00,0x00,#7e0000
6.914454000000000,0,1,0x00,0x00,0x00,#000000
6.914481700000000,0,2,0x00,0x00,0x00,#000000
6.914509390000000,0,3,0x00,0x00,0x00,#000000
6.914537090000000,0,4,0x00,0x00,0x00,#000000
6.914564770000000,0,5,0x00,0x00,0x00,#000000
6.914592470000000,0,6,0x00,0x00,0x00,#000000
6.914620160000000,0,7,0x00,0x00,0x00,#000000
6.914647860000000,0,8,0x00,0x00,0x00,#000000
6.914675550000000,0,9,0x00,0x00,0x00,#000000
6.914703240000000,0,10,0x00,0x00,0x00,#000000
6.914730930000000,0,11,0x00,0x00,0x00,#000000
6.914758630000000,0,12,0x00,0x00,0x00,#000000
6.914786320000000,0,13,0x00,0x00,0x00,#000000
6.914814010000000,0,14,0x00,0x00,0x00,#000000
6.914841710000000,0,15,0x00,0x00,0x00,#000000
6.925424670000000,0,0,0x7E,0x00,0x00,#7e0000
6.925452360000000,0,1,0x00,0x00,0x00,#000000
6.925480050000000,0,2,0x00,0x00,0x00,#000000
6.925507750000000,0,3,0x00,0x00,0x00,#000000
6.925535440000000,0,4,0x00,0x00,0x00,#000000
6.925563130000000,0,5,0x00,0x00,0x00,#000000
6.925590830000000,0,6,0x00,0x00,0x00,#000000
6.925618520000000,0,7,0x00,0x00,0x00,#000000
6.925646210000000,0,8,0x00,0x00,0x00,#000000
6.925673910000000,0,9,0x00,0x00,0x00,#000000
6.925701600000000,0,10,0x00,0x00,0x00,#000000
6.925729290000000,0,11,0x00,0x00,0x00,#000000
6.925756980000000,0,12,0x00,0x00,0x00,#000000
6.925784680000000,0,13,0x00,0x00,0x00,#000000
6.925812370000000,0,14,0x00,0x00,0x00,#000000
6.925840060000000,0,15,0x00,0x00,0x00,#000000
6.936323980000000,0,0,0x7E,0x00,0x00,#7e0000
6.936351680000000,0,1,0x00,0x00,0x00,#000000
6.936379370000000,0,2,0x00,0x00,0x00,#000000
6.936407060000000,0,3,0x00,0x00,0x00,#000000
6.936434760000000,0,4,0x00,0x00,0x00,#000000
6.936462450000000,0,5,0x00,0x00,0x00,#000000
6.936490140000000,0,6,0x00,0x00,0x00,#000000
6.936517830000000,0,7,0x00,0x00,0x00,#000000
6.936545530000000,0,8,0x00,0x00,0x00,#000000
6.936573220000000,0,9,0x00,0x00,0x00,#000000
6.936600920000000,0,10,0x00,0x00,0x00,#000000
6.936628610000000,0,11,0x00,0x00,0x00,#000000
6.936656300000000,0,12,0x00,0x00,0x00,#000000
6.936683990000000,0,13,0x00,0x00,0x00,#000000
6.936711690000000,0,14,0x00,0x00,0x00,#000000
6.936739380000000,0,15,0x00,0x00,0x00,#000000
6.947427250000000,0,0,0x7E,0x00,0x00,#7e0000
6.947454940000000,0,1,0x00,0x00,0x00,#000000
6.947482640000000,0,2,0x00,0x00,0x00,#000000
6.947510330000000,0,3,0x00,0x00,0x00,#000000
6.947538020000000,0,4,0x00,0x00,0x00,#000000
6.947565710000000,0,5,0x00,0x00,0x00,#000000
6.947593410000000,0,6,0x00,0x00,0x00,#000000
6.947621100000000,0,7,0x00,0x00,0x00,#000000
6.947648790000000,0,8,0x00,0x00,0x00,#000000
6.947676490000000,0,9,0x00,0x00,0x00,#000000
6.947704180000000,0,10,0x00,0x00,0x00,#000000
6.947731870000000,0,11,0x00,0x00,0x00,#000000
6.947759560000000,0,12,0x00,0x00,0x00,#000000
6.947787260000000,0,13,0x00,0x00,0x00,#000000
6.947814950000000,0,14,0x00,0x00,0x00,#000000
6.947842650000000,0,15,0x00,0x00,0x00,#000000
6.958422050000000,0,0,0x7E,0x00,0x00,#7e0000
6.958449740000000,0,1,0x00,0x00,0x00,#000000
6.958477440000000,0,2,0x00,0x00,0x00,#000000
6.958505120000000,0,3,0x00,0x00,0x00,#000000
6.958532820000000,0,4,0x00,0x00,0x00,#000000
6.958560510000000,0,5,0x00,0x00,0x00,#000000
6.958588210000000,0,6,0x00,0x00,0x00,#000000
6.958615900000000,0,7,0x00,0x00,0x00,#000000
6.958643590000000,0,8,0x00,0x00,0x00,#000000
6.958671280000000,0,9,0x00,0x00,0x00,#000000
6.958698980000000,0,10,0x00,0x00,0x00,#000000
6.958726670000000,0,11,0x00,0x00,0x00,#000000
6.958754360000000,0,12,0x00,0x00,0x00,#000000
6.958782060000000,0,13,0x00,0x00,0x00,#000000
6.958809750000000,0,14,0x00,0x00,0x00,#000000
6.958837440000000,0,15,0x00,0x00,0x00,#000000
6.969333530000000,0,0,0x7E,0x00,0x00,#7e0000
6.969361220000000,0,1,0x00,0x00,0x00,#000000
6.969388910000000,0,2,0x00,0x00,0x00,#000000
6.969416610000000,0,3,0x00,0x00,0x00,#000000
6.969444300000000,0,4,0x00,0x00,0x00,#000000
6.969471990000000,0,5,0x00,0x00,0x00,#000000
6.969499680000000,0,6,0x00,0x00,0x00,#000000
6.969527380000000,0,7,0x00,0x00,0x00,#000000
6.969555070000000,0,8,0x00,0x00,0x00,#000000
6.969582760000000,0,9,0x00,0x00,0x00,#000000
6.969610460000000,0,10,0x00,0x00,0x00,#000000
6.969638150000000,0,11,0x00,0x00,0x00,#000000
6.969665850000000,0,12,0x00,0x00,0x00,#000000
6.969693530000000,0,13,0x00,0x00,0x00,#000000
6.969721230000000,0,14,0x00,0x00,0x00,#000000
6.969748920000000,0,15,0x00,0x00,0x00,#000000
6.980432850000000,0,0,0x7E,0x00,0x00,#7e0000
6.980460540000000,0,1,0x00,0x00,0x00,#000000
6.980488230000000,0,2,0x00,0x00,0x00,#000000
6.980515930000000,0,3,0x00,0x00,0x00,#000000
6.980543620000000,0,4,0x00,0x00,0x00,#000000
6.980571310000000,0,5,0x00,0x00,0x00,#000000
6.980599010000000,0,6,0x00,0x00,0x00,#000000
6.980626700000000,0,7,0x00,0x00,0x00,#000000
6.980654390000000,0,8,0x00,0x00,0x00,#000000
6.980682080000000,0,9,0x00,0x00,0x00,#000000
6.980709780000000,0,10,0x00,0x00,0x00,#000000
6.980737470000000,0,11,0x00,0x00,0x00,#000000
6.980765170000000,0,12,0x00,0x00,0x00,#000000
6.980792860000000,0,13,0x00,0x00,0x00,#000000
6.980820550000000,0,14,0x00,0x00,0x00,#000000
6.980848240000000,0,15,0x00,0x00,0x00,#000000
6.991424620000000,0,0,0x7E,0x00,0x00,#7e0000
6.991452310000000,0,1,0x00,0x00,0x00,#000000
6.991480010000000,0,2,0x00,0x00,0x00,#000000
6.991507700000000,0,3,0x00,0x00,0x00,#000000
6.991535390000000,0,4,0x00,0x00,0x00,#000000
6.991563080000000,0,5,0x00,0x00,0x00,#000000
6.991590780000000,0,6,0x00,0x00,0x00,#000000
6.991618470000000,0,7,0x00,0x00,0x00,#000000
6.991646160000000,0,8,0x00,0x00,0x00,#000000
6.991673860000000,0,9,0x00,0x00,0x00,#000000
6.991701550000000,0,10,0x00,0x00,0x00,#000000
6.991729240000000,0,11,0x00,0x00,0x00,#000000
6.991756930000000,0,12,0x00,0x00,0x00,#000000
6.991784630000000,0,13,0x00,0x00,0x00,#000000
6.991812320000000,0,14,0x00,0x00,0x00,#000000
6.991840020000000,0,15,0x00,0x00,0x00,#000000
7.002380860000000,0,0,0x7E,0x00,0x00,#7e0000
7.002408550000000,0,1,0x00,0x00,0x00,#000000
7.002436240000000,0,2,0x00,0x00,0x00,#000000
7.002463940000000,0,3,0x00,0x00,0x00,#000000
7.002491630000000,0,4,0x00,0x00,0x00,#000000
7.002519330000000,0,5,0x00,0x00,0x00,#000000
7.002547010000000,0,6,0x00,0x00,0x00,#000000
7.002574710000000,0,7,0x00,0x00,0x00,#000000
7.002602400000000,0,8,0x00,0x00,0x00,#000000
7.002630100000000,0,9,0x00,0x00,0x00,#000000
7.002657790000000,0,10,0x00,0x00,0x00,#000000
7.002685480000000,0,11,0x00,0x00,0x00,#000000
7.002713170000000,0,12,0x00,0x00,0x00,#000000
7.002740870000000,0,13,0x00,0x00,0x00,#000000
7.002768560000000,0,14,0x00,0x00,0x00,#000000
7.002796250000000,0,15,0x00,0x00,0x00,#000000
7.013434550000000,0,0,0x7E,0x00,0x00,#7e0000
7.013462250000000,0,1,0x00,0x00,0x00,#000000
7.013489940000000,0,2,0x00,0x00,0x00,#000000
7.013517630000000,0,3,0x00,0x00,0x00,#000000
7.013545330000000,0,4,0x00,0x00,0x00,#000000
7.013573020000000,0,5,0x00,0x00,0x00,#000000
7.013600710000000,0,6,0x00,0x00,0x00,#000000
7.013628400000000,0,7,0x00,0x00,0x00,#000000
7.013656100000000,0,8,0x00,0x00,0x00,#000000
7.013683790000000,0,9,0x00,0x00,0x00,#000000
7.013711490000000,0,10,0x00,0x00,0x00,#000000
7.013739170000000,0,11,0x00,0x00,0x00,#000000
7.013766870000000,0,12,0x00,0x00,0x00,#000000
7.013794560000000,0,13,0x00,0x00,0x00,#000000
7.013822260000000,0,14,0x00,0x00,0x00,#000000
7.013849950000000,0,15,0x00,0x00,0x00,#000000
7.024422240000000,0,0,0x7E,0x00,0x00,#7e0000
7.024449930000000,0,1,0x00,0x00,0x00,#000000
7.024477620000000,0,2,0x00,0x00,0x00,#000000
7.024505320000000,0,3,0x00,0x00,0x00,#000000
7.024533010000000,0,4,0x00,0x00,0x00,#000000
7.024560700000000,0,5,0x00,0x00,0x00,#000000
7.024588390000000,0,6,0x00,0x00,0x00,#000000
7.024616090000000,0,7,0x00,0x00,0x00,#000000
7.024643780000000,0,8,0x00,0x00,0x00,#000000
7.024671480000000,0,9,0x00,0x00,0x00,#000000
7.024699170000000,0,10,0x00,0x00,0x00,#000000
7.024726860000000,0,11,0x00,0x00,0x00,#000000
7.024754550000000,0,12,0x00,0x00,0x00,#000000
7.024782250000000,0,13,0x00,0x00,0x00,#000000
7.024809940000000,0,14,0x00,0x00,0x00,#000000
7.024837630000000,0,15,0x00,0x00,0x00,#000000
7.035326510000000,0,0,0x7E,0x00,0x00,#7e0000
7.035354200000000,0,1,0x00,0x00,0x00,#000000
7.035381890000000,0,2,0x00,0x00,0x00,#000000
7.035409580000000,0,3,0x00,0x00,0x00,#000000
7.035437280000000,0,4,0x00,0x00,0x00,#000000
7.035464970000000,0,5,0x00,0x00,0x00,#000000
7.035492670000000,0,6,0x00,0x00,0x00,#000000
7.035520350000000,0,7,0x00,0x00,0x00,#000000
7.035548050000000,0,8,0x00,0x00,0x00,#000000
7.035575740000000,0,9,0x00,0x00,0x00,#000000
7.035603440000000,0,10,0x00,0x00,0x00,#000000
7.035631130000000,0,11,0x00,0x00,0x00,#000000
7.035658820000000,0,12,0x00,0x00,0x00,#000000
7.035686510000000,0,13,0x00,0x00,0x00,#000000
7.035714210000000,0,14,0x00,0x00,0x00,#000000
7.035741900000000,0,15,0x00,0x00,0x00,#000000
7.046475590000000,0,0,0x7E,0x00,0x00,#7e0000
7.046503280000000,0,1,0x00,0x00,0x00,#000000
7.046530970000000,0,2,0x00,0x00,0x00,#000000
7.046558670000000,0,3,0x00,0x00,0x00,#000000
7.046586360000000,0,4,0x00,0x00,0x00,#000000
7.046614050000000,0,5,0x00,0x00,0x00,#000000
7.046641740000000,0,6,0x00,0x00,0x00,#000000
7.046669440000000,0,7,0x00,0x00,0x00,#000000
7.046697130000000,0,8,0x00,0x00,0x00,#000000
7.046724830000000,0,9,0x00,0x00,0x00,#000000
7.046752510000000,0,10,0x00,0x00,0x00,#000000
7.046780210000000,0,11,0x00,0x00,0x00,#000000
7.046807900000000,0,12,0x00,0x00,0x00,#000000
7.046835600000000,0,13,0x00,0x00,0x00,#000000
7.046863290000000,0,14,0x00,0x00,0x00,#000000
7.046890980000000,0,15,0x00,0x00,0x00,#000000
7.057433170000000,0,0,0x7E,0x00,0x00,#7e0000
7.057460870000000,0,1,0x00,0x00,0x00,#000000
7.057488560000000,0,2,0x00,0x00,0x00,#000000
7.057516250000000,0,3,0x00,0x00,0x00,#000000
7.057543950000000,0,4,0x00,0x00,0x00,#000000
7.057571640000000,0,5,0x00,0x00,0x00,#000000
7.057599330000000,0,6,0x00,0x00,0x00,#000000
7.057627020000000,0,7,0x00,0x00,0x00,#000000
7.057654720000000,0,8,0x00,0x00,0x00,#000000
7.057682410000000,0,9,0x00,0x00,0x00,#000000
7.057710110000000,0,10,0x00,0x00,0x00,#000000
7.057737790000000,0,11,0x00,0x00,0x00,#000000
7.057765490000000,0,12,0x00,0x00,0x00,#000000
7.057793180000000,0,13,0x00,0x00,0x00,#000000
7.057820880000000,0,14,0x00,0x00,0x00,#000000
7.057848570000000,0,15,0x00,0x00,0x00,#000000
7.068531010000000,0,0,0x7E,0x00,0x00,#7e0000
7.068558690000000,0,1,0x00,0x00,0x00,#000000
7.068586390000000,0,2,0x00,0x00,0x00,#000000
7.068614080000000,0,3,0x00,0x00,0x00,#000000
7.068641780000000,0,4,0x00,0x00,0x00,#000000
7.068669470000000,0,5,0x00,0x00,0x00,#000000
7.068697160000000,0,6,0x00,0x00,0x00,#000000
7.068724850000000,0,7,0x00,0x00,0x00,#000000
7.068752550000000,0,8,0x00,0x00,0x00,#000000
7.068780240000000,0,9,0x00,0x00,0x00,#000000
7.068807930000000,0,10,0x00,0x00,0x00,#000000
7.068835630000000,0,11,0x00,0x00,0x00,#000000
7.068863320000000,0,12,0x00,0x00,0x00,#000000
7.068891020000000,0,13,0x00,0x00,0x00,#000000
7.068918700000000,0,14,0x00,0x00,0x00,#000000
7.068946400000000,0,15,0x00,0x00,0x00,#000000
7.079449120000000,0,0,0x7E,0x00,0x00,#7e0000
7.079476810000000,0,1,0x00,0x00,0x00,#000000
7.079504500000000,0,2,0x00,0x00,0x00,#000000
7.079532200000000,0,3,0x00,0x00,0x00,#000000
7.079559890000000,0,4,0x00,0x00,0x00,#000000
7.079587580000000,0,5,0x00,0x00,0x00,#000000
7.079615280000000,0,6,0x00,0x00,0x00,#000000
7.079642970000000,0,7,0x00,0x00,0x00,#000000
7.079670670000000,0,8,0x00,0x00,0x00,#000000
7.079698350000000,0,9,0x00,0x00,0x00,#000000
7.079726050000000,0,10,0x00,0x00,0x00,#000000
7.079753740000000,0,11,0x00,0x00,0x00,#000000
7.079781440000000,0,12,0x00,0x00,0x00,#000000
7.079809130000000,0,13,0x00,0x00,0x00,#000000
7.079836820000000,0,14,0x00,0x00,0x00,#000000
7.079864510000000,0,15,0x00,0x00,0x00,#000000
7.090427280000000,0,0,0x7E,0x00,0x00,#7e0000
7.090454980000000,0,1,0x00,0x00,0x00,#000000
7.090482670000000,0,2,0x00,0x00,0x00,#000000
7.090510360000000,0,3,0x00,0x00,0x00,#000000
7.090538050000000,0,4,0x00,0x00,0x00,#000000
7.090565750000000,0,5,0x00,0x00,0x00,#000000
7.090593440000000,0,6,0x00,0x00,0x00,#000000
7.090621130000000,0,7,0x00,0x00,0x00,#000000
7.090648830000000,0,8,0x00,0x00,0x00,#000000
7.090676520000000,0,9,0x00,0x00,0x00,#000000
7.090704210000000,0,10,0x00,0x00,0x00,#000000
7.090731910000000,0,11,0x00,0x00,0x00,#000000
7.090759600000000,0,12,0x00,0x00,0x00,#000000
7.090787290000000,0,13,0x00,0x00,0x00,#000000
7.090814990000000,0,14,0x00,0x00,0x00,#000000
7.090842680000000,0,15,0x00,0x00,0x00,#000000
7.101328190000000,0,0,0x7E,0x00,0x00,#7e0000
7.101355880000000,0,1,0x00,0x00,0x00,#000000
7.101383570000000,0,2,0x00,0x00,0x00,#000000
7.101411260000000,0,3,0x00,0x00,0x00,#000000
7.101438960000000,0,4,0x00,0x00,0x00,#000000
7.101466650000000,0,5,0x00,0x00,0x00,#000000
7.101494350000000,0,6,0x00,0x00,0x00,#000000
7.101522030000000,0,7,0x00,0x00,0x00,#000000
7.101549730000000,0,8,0x00,0x00,0x00,#000000
7.101577420000000,0,9,0x00,0x00,0x00,#000000
7.101605120000000,0,10,0x00,0x00,0x00,#000000
7.101632810000000,0,11,0x00,0x00,0x00,#000000
7.101660500000000,0,12,0x00,0x00,0x00,#000000
7.101688190000000,0,13,0x00,0x00,0x00,#000000
7.101715890000000,0,14,0x00,0x00,0x00,#000000
7.101743580000000,0,15,0x00,0x00,0x00,#000000
7.112429810000000,0,0,0x7E,0x00,0x00,#7e0000
7.112457510000000,0,1,0x00,0x00,0x00,#000000
7.112485200000000,0,2,0x00,0x00,0x00,#000000
7.112512900000000,0,3,0x00,0x00,0x00,#000000
7.112540590000000,0,4,0x00,0x00,0x00,#000000
7.112568280000000,0,5,0x00,0x00,0x00,#000000
7.112595970000000,0,6,0x00,0x00,0x00,#000000
7.112623670000000,0,7,0x00,0x00,0x00,#000000
7.112651360000000,0,8,0x00,0x00,0x00,#000000
7.112679050000000,0,9,0x00,0x00,0x00,#000000
7.112706740000000,0,10,0x00,0x00,0x00,#000000
7.112734440000000,0,11,0x00,0x00,0x00,#000000
7.112762130000000,0,12,0x00,0x00,0x00,#000000
7.112789820000000,0,13,0x00,0x00,0x00,#000000
7.112817520000000,0,14,0x00,0x00,0x00,#000000
7.112845210000000,0,15,0x00,0x00,0x00,#000000
7.123421490000000,0,0,0x7E,0x00,0x00,#7e0000
7.123449180000000,0,1,0x00,0x00,0x00,#000000
7.123476870000000,0,2,0x00,0x00,0x00,#000000
7.123504570000000,0,3,0x00,0x00,0x00,#000000
7.123532260000000,0,4,0x00,0x00,0x00,#000000
7.123559950000000,0,5,0x00,0x00,0x00,#000000
7.123587650000000,0,6,0x00,0x00,0x00,#000000
7.123615340000000,0,7,0x00,0x00,0x00,#000000
7.123643030000000,0,8,0x00,0x00,0x00,#000000
7.123670720000000,0,9,0x00,0x00,0x00,#000000
7.123698420000000,0,10,0x00,0x00,0x00,#000000
7.123726110000000,0,11,0x00,0x00,0x00,#000000
7.123753810000000,0,12,0x00,0x00,0x00,#000000
7.123781500000000,0,13,0x00,0x00,0x00,#000000
7.123809190000000,0,14,0x00,0x00,0x00,#000000
7.123836880000000,0,15,0x00,0x00,0x00,#000000
7.134329030000000,0,0,0x7E,0x00,0x00,#7e0000
7.134356720000000,0,1,0x00,0x00,0x00,#000000
7.134384410000000,0,2,0x00,0x00,0x00,#000000
7.134412100000000,0,3,0x00,0x00,0x00,#000000
7.134439800000000,0,4,0x00,0x00,0x00,#000000
7.134467490000000,0,5,0x00,0x00,0x00,#000000
7.134495190000000,0,6,0x00,0x00,0x00,#000000
7.134522870000000,0,7,0x00,0x00,0x00,#000000
7.134550570000000,0,8,0x00,0x00,0x00,#000000
7.134578260000000,0,9,0x00,0x00,0x00,#000000
7.134605960000000,0,10,0x00,0x00,0x00,#000000
7.134633650000000,0,11,0x00,0x00,0x00,#000000
7.134661340000000,0,12,0x00,0x00,0x00,#000000
7.134689030000000,0,13,0x00,0x00,0x00,#000000
7.134716730000000,0,14,0x00,0x00,0x00,#000000
7.134744420000000,0,15,0x00,0x00,0x00,#000000
7.145428930000000,0,0,0x7E,0x00,0x00,#7e0000
7.145456610000000,0,1,0x00,0x00,0x00,#000000
7.145484310000000,0,2,0x00,0x00,0x00,#000000
7.145512000000000,0,3,0x00,0x00,0x00,#000000
7.145539700000000,0,4,0x00,0x00,0x00,#000000
7.145567390000000,0,5,0x00,0x00,0x00,#000000
7.145595080000000,0,6,0x00,0x00,0x00,#000000
7.145622770000000,0,7,0x00,0x00,0x00,#000000
7.145650470000000,0,8,0x00,0x00,0x00,#000000
7.145678160000000,0,9,0x00,0x00,0x00,#000000
7.145705850000000,0,10,0x00,0x00,0x00,#000000
7.145733550000000,0,11,0x00,0x00,0x00,#000000
7.145761240000000,0,12,0x00,0x00,0x00,#000000
7.145788940000000,0,13,0x00,0x00,0x00,#000000
7.145816620000000,0,14,0x00,0x00,0x00,#000000
7.145844320000000,0,15,0x00,0x00,0x00,#000000
7.156437090000000,0,0,0x7E,0x00,0x00,#7e0000
7.156464780000000,0,1,0x00,0x00,0x00,#000000
7.156492480000000,0,2,0x00,0x00,0x00,#000000
7.156520160000000,0,3,0x00,0x00,0x00,#000000
7.156547860000000,0,4,0x00,0x00,0x00,#000000
7.156575550000000,0,5,0x00,0x00,0x00,#000000
7.156603250000000,0,6,0x00,0x00,0x00,#000000
7.156630940000000,0,7,0x00,0x00,0x00,#000000
7.156658630000000,0,8,0x00,0x00,0x00,#000000
7.156686330000000,0,9,0x00,0x00,0x00,#000000
7.156714020000000,0,10,0x00,0x00,0x00,#000000
7.156741710000000,0,11,0x00,0x00,0x00,#000000
7.156769400000000,0,12,0x00,0x00,0x00,#000000
7.156797100000000,0,13,0x00,0x00,0x00,#000000
7.156824790000000,0,14,0x00,0x00,0x00,#000000
7.156852490000000,0,15,0x00,0x00,0x00,#000000
7.167329960000000,0,0,0x7E,0x00,0x00,#7e0000
7.167357650000000,0,1,0x00,0x00,0x00,#000000
7.167385350000000,0,2,0x00,0x00,0x00,#000000
7.167413040000000,0,3,0x00,0x00,0x00,#000000
7.167440740000000,0,4,0x00,0x00,0x00,#000000
7.167468430000000,0,5,0x00,0x00,0x00,#000000
7.167496120000000,0,6,0x00,0x00,0x00,#000000
7.167523810000000,0,7,0x00,0x00,0x00,#000000
7.167551510000000,0,8,0x00,0x00,0x00,#000000
7.167579200000000,0,9,0x00,0x00,0x00,#000000
7.167606890000000,0,10,0x00,0x00,0x00,#000000
7.167634590000000,0,11,0x00,0x00,0x00,#000000
7.167662280000000,0,12,0x00,0x00,0x00,#000000
7.167689970000000,0,13,0x00,0x00,0x00,#000000
7.167717660000000,0,14,0x00,0x00,0x00,#000000
7.167745360000000,0,15,0x00,0x00,0x00,#000000
7.178433520000000,0,0,0x7E,0x00,0x00,#7e0000
7.178461200000000,0,1,0x00,0x00,0x00,#000000
7.178488900000000,0,2,0x00,0x00,0x00,#000000
7.178516590000000,0,3,0x00,0x00,0x00,#000000
7.178544290000000,0,4,0x00,0x00,0x00,#000000
7.178571980000000,0,5,0x00,0x00,0x00,#000000
7.178599670000000,0,6,0x00,0x00,0x00,#000000
7.178627370000000,0,7,0x00,0x00,0x00,#000000
7.178655060000000,0,8,0x00,0x00,0x00,#000000
7.178682750000000,0,9,0x00,0x00,0x00,#000000
7.178710440000000,0,10,0x00,0x00,0x00,#000000
7.178738140000000,0,11,0x00,0x00,0x00,#000000
7.178765830000000,0,12,0x00,0x00,0x00,#000000
7.178793530000000,0,13,0x00,0x00,0x00,#000000
7.178821210000000,0,14,0x00,0x00,0x00,#000000
7.178848910000000,0,15,0x00,0x00,0x00,#000000
7.189422500000000,0,0,0x7E,0x00,0x00,#7e0000
7.189450190000000,0,1,0x00,0x00,0x00,#000000
7.189477880000000,0,2,0x00,0x00,0x00,#000000
7.189505570000000,0,3,0x00,0x00,0x00,#000000
7.189533270000000,0,4,0x00,0x00,0x00,#000000
7.189560960000000,0,5,0x00,0x00,0x00,#000000
7.189588650000000,0,6,0x00,0x00,0x00,#000000
7.189616350000000,0,7,0x00,0x00,0x00,#000000
7.189644040000000,0,8,0x00,0x00,0x00,#000000
7.189671730000000,0,9,0x00,0x00,0x00,#000000
7.189699430000000,0,10,0x00,0x00,0x00,#000000
7.189727120000000,0,11,0x00,0x00,0x00,#000000
7.189754810000000,0,12,0x00,0x00,0x00,#000000
7.189782510000000,0,13,0x00,0x00,0x00,#000000
7.189810200000000,0,14,0x00,0x00,0x00,#000000
7.189837890000000,0,15,0x00,0x00,0x00,#000000
7.200331380000000,0,0,0x7E,0x00,0x00,#7e0000
7.200359070000000,0,1,0x00,0x00,0x00,#000000
7.200386760000000,0,2,0x00,0x00,0x00,#000000
7.200414460000000,0,3,0x00,0x00,0x00,#000000
7.200442150000000,0,4,0x00,0x00,0x00,#000000
7.200469850000000,0,5,0x00,0x00,0x00,#000000
7.200497530000000,0,6,0x00,0x00,0x00,#000000
7.200525230000000,0,7,0x00,0x00,0x00,#000000
7.200552920000000,0,8,0x00,0x00,0x00,#000000
7.200580620000000,0,9,0x00,0x00,0x00,#000000
7.200608310000000,0,10,0x00,0x00,0x00,#000000
7.200636000000000,0,11,0x00,0x00,0x00,#000000
7.200663700000000,0,12,0x00,0x00,0x00,#000000
7.200691390000000,0,13,0x00,0x00,0x00,#000000
7.200719080000000,0,14,0x00,0x00,0x00,#000000
7.200746770000000,0,15,0x00,0x00,0x00,#000000
7.211439590000000,0,0,0x7E,0x00,0x00,#7e0000
7.211467290000000,0,1,0x00,0x00,0x00,#000000
7.211494980000000,0,2,0x00,0x00,0x00,#000000
7.211522670000000,0,3,0x00,0x00,0x00,#000000
7.211550370000000,0,4,0x00,0x00,0x00,#000000
7.211578060000000,0,5,0x00,0x00,0x00,#000000
7.211605750000000,0,6,0x00,0x00,0x00,#000000
7.211633440000000,0,7,0x00,0x00,0x00,#000000
7.211661140000000,0,8,0x00,0x00,0x00,#000000
7.211688830000000,0,9,0x00,0x00,0x00,#000000
7.211716530000000,0,10,0x00,0x00,0x00,#000000
7.211744210000000,0,11,0x00,0x00,0x00,#000000
7.211771910000000,0,12,0x00,0x00,0x00,#000000
7.211799600000000,0,13,0x00,0x00,0x00,#000000
7.211827300000000,0,14,0x00,0x00,0x00,#000000
7.211854990000000,0,15,0x00,0x00,0x00,#000000
7.222427810000000,0,0,0x7E,0x00,0x00,#7e0000
7.222455500000000,0,1,0x00,0x00,0x00,#000000
7.222483190000000,0,2,0x00,0x00,0x00,#000000
7.222510890000000,0,3,0x00,0x00,0x00,#000000
7.222538580000000,0,4,0x00,0x00,0x00,#000000
7.222566270000000,0,5,0x00,0x00,0x00,#000000
7.222593970000000,0,6,0x00,0x00,0x00,#000000
7.222621660000000,0,7,0x00,0x00,0x00,#000000
7.222649350000000,0,8,0x00,0x00,0x00,#000000
7.222677040000000,0,9,0x00,0x00,0x00,#000000
7.222704740000000,0,10,0x00,0x00,0x00,#000000
7.222732430000000,0,11,0x00,0x00,0x00,#000000
7.222760120000000,0,12,0x00,0x00,0x00,#000000
7.222787810000000,0,13,0x00,0x00,0x00,#000000
7.222815510000000,0,14,0x00,0x00,0x00,#000000
7.222843200000000,0,15,0x00,0x00,0x00,#000000
7.233331550000000,0,0,0x7E,0x00,0x00,#7e0000
7.233359240000000,0,1,0x00,0x00,0x00,#000000
7.233386930000000,0,2,0x00,0x00,0x00,#000000
7.233414620000000,0,3,0x00,0x00,0x00,#000000
7.233442320000000,0,4,0x00,0x00,0x00,#000000
7.233470010000000,0,5,0x00,0x00,0x00,#000000
7.233497710000000,0,6,0x00,0x00,0x00,#000000
7.233525390000000,0,7,0x00,0x00,0x00,#000000
7.233553090000000,0,8,0x00,0x00,0x00,#000000
7.233580780000000,0,9,0x00,0x00,0x00,#000000
7.233608480000000,0,10,0x00,0x00,0x00,#000000
7.233636170000000,0,11,0x00,0x00,0x00,#000000
7.233663860000000,0,12,0x00,0x00,0x00,#000000
7.233691550000000,0,13,0x00,0x00,0x00,#000000
7.233719250000000,0,14,0x00,0x00,0x00,#000000
7.233746940000000,0,15,0x00,0x00,0x00,#000000
7.244435580000000,0,0,0x7E,0x00,0x00,#7e0000
7.244463270000000,0,1,0x00,0x00,0x00,#000000
7.244490970000000,0,2,0x00,0x00,0x00,#000000
7.244518660000000,0,3,0x00,0x00,0x00,#000000
7.244546350000000,0,4,0x00,0x00,0x00,#000000
7.244574040000000,0,5,0x00,0x00,0x00,#000000
7.244601740000000,0,6,0x00,0x00,0x00,#000000
7.244629430000000,0,7,0x00,0x00,0x00,#000000
7.244657120000000,0,8,0x00,0x00,0x00,#000000
7.244684820000000,0,9,0x00,0x00,0x00,#000000
7.244712510000000,0,10,0x00,0x00,0x00,#000000
7.244740200000000,0,11,0x00,0x00,0x00,#000000
7.244767890000000,0,12,0x00,0x00,0x00,#000000
7.244795590000000,0,13,0x00,0x00,0x00,#000000
7.244823280000000,0,14,0x00,0x00,0x00,#000000
7.244850980000000,0,15,0x00,0x00,0x00,#000000
7.255332540000000,0,0,0x7E,0x00,0x00,#7e0000
7.255360230000000,0,1,0x00,0x00,0x00,#000000
7.255387930000000,0,2,0x00,0x00,0x00,#000000
7.255415620000000,0,3,0x00,0x00,0x00,#000000
7.255443310000000,0,4,0x00,0x00,0x00,#000000
7.255471000000000,0,5,0x00,0x00,0x00,#000000
7.255498700000000,0,6,0x00,0x00,0x00,#000000
7.255526390000000,0,7,0x00,0x00,0x00,#000000
7.255554080000000,0,8,0x00,0x00,0x00,#000000
7.255581770000000,0,9,0x00,0x00,0x00,#000000
7.255609470000000,0,10,0x00,0x00,0x00,#000000
7.255637160000000,0,11,0x00,0x00,0x00,#000000
7.255664860000000,0,12,0x00,0x00,0x00,#000000
7.255692550000000,0,13,0x00,0x00,0x00,#000000
7.255720240000000,0,14,0x00,0x00,0x00,#000000
7.255747930000000,0,15,0x00,0x00,0x00,#000000
7.266437960000000,0,0,0x7E,0x00,0x00,#7e0000
7.266465660000000,0,1,0x00,0x00,0x00,#000000
7.266493350000000,0,2,0x00,0x00,0x00,#000000
7.266521050000000,0,3,0x00,0x00,0x00,#000000
7.266548730000000,0,4,0x00,0x00,0x00,#000000
7.266576430000000,0,5,0x00,0x00,0x00,#000000
7.266604120000000,0,6,0x00,0x00,0x00,#000000
7.266631820000000,0,7,0x00,0x00,0x00,#000000
7.266659510000000,0,8,0x00,0x00,0x00,#000000
7.266687200000000,0,9,0x00,0x00,0x00,#000000
7.266714900000000,0,10,0x00,0x00,0x00,#000000
7.266742590000000,0,11,0x00,0x00,0x00,#000000
7.266770280000000,0,12,0x00,0x00,0x00,#000000
7.266797970000000,0,13,0x00,0x00,0x00,#000000
7.266825670000000,0,14,0x00,0x00,0x00,#000000
7.266853360000000,0,15,0x00,0x00,0x00,#000000
7.277440650000000,0,0,0x7E,0x00,0x00,#7e0000
7.277468340000000,0,1,0x00,0x00,0x00,#000000
7.277496040000000,0,2,0x00,0x00,0x00,#000000
7.277523730000000,0,3,0x00,0x00,0x00,#000000
7.277551420000000,0,4,0x00,0x00,0x00,#000000
7.277579120000000,0,5,0x00,0x00,0x00,#000000
7.277606810000000,0,6,0x00,0x00,0x00,#000000
7.277634500000000,0,7,0x00,0x00,0x00,#000000
7.277662190000000,0,8,0x00,0x00,0x00,#000000
7.277689890000000,0,9,0x00,0x00,0x00,#000000
7.277717580000000,0,10,0x00,0x00,0x00,#000000
7.277745270000000,0,11,0x00,0x00,0x00,#000000
7.277772960000000,0,12,0x00,0x00,0x00,#000000
7.277800660000000,0,13,0x00,0x00,0x00,#000000
7.277828350000000,0,14,0x00,0x00,0x00,#000000
7.277856050000000,0,15,0x00,0x00,0x00,#000000
7.288433340000000,0,0,0x7E,0x00,0x00,#7e0000
7.288461020000000,0,1,0x00,0x00,0x00,#000000
7.288488720000000,0,2,0x00,0x00,0x00,#000000
7.288516410000000,0,3,0x00,0x00,0x00,#000000
7.288544110000000,0,4,0x00,0x00,0x00,#000000
7.288571800000000,0,5,0x00,0x00,0x00,#000000
7.288599490000000,0,6,0x00,0x00,0x00,#000000
7.288627180000000,0,7,0x00,0x00,0x00,#000000
7.288654880000000,0,8,0x00,0x00,0x00,#000000
7.288682570000000,0,9,0x00,0x00,0x00,#000000
7.288710260000000,0,10,0x00,0x00,0x00,#000000
7.288737960000000,0,11,0x00,0x00,0x00,#000000
7.288765650000000,0,12,0x00,0x00,0x00,#000000
7.288793340000000,0,13,0x00,0x00,0x00,#000000
7.288821030000000,0,14,0x00,0x00,0x00,#000000
7.288848730000000,0,15,0x00,0x00,0x00,#000000
7.299428520000000,0,0,0x7E,0x00,0x00,#7e0000
7.299456210000000,0,1,0x00,0x00,0x00,#000000
7.299483900000000,0,2,0x00,0x00,0x00,#000000
7.299511600000000,0,3,0x00,0x00,0x00,#000000
7.299539290000000,0,4,0x00,0x00,0x00,#000000
7.299566980000000,0,5,0x00,0x00,0x00,#000000
7.299594680000000,0,6,0x00,0x00,0x00,#000000
7.299622370000000,0,7,0x00,0x00,0x00,#000000
7.299650060000000,0,8,0x00,0x00,0x00,#000000
7.299677750000000,0,9,0x00,0x00,0x00,#000000
7.299705450000000,0,10,0x00,0x00,0x00,#000000
7.299733140000000,0,11,0x00,0x00,0x00,#000000
7.299760830000000,0,12,0x00,0x00,0x00,#000000
7.299788520000000,0,13,0x00,0x00,0x00,#000000
7.299816220000000,0,14,0x00,0x00,0x00,#000000
7.299843910000000,0,15,0x00,0x00,0x00,#000000
7.310561970000000,0,0,0x7E,0x00,0x00,#7e0000
7.310589670000000,0,1,0x00,0x00,0x00,#000000
7.310617360000000,0,2,0x00,0x00,0x00,#000000
7.310645050000000,0,3,0x00,0x00,0x00,#000000
7.310672740000000,0,4,0x00,0x00,0x00,#000000
7.310700440000000,0,5,0x00,0x00,0x00,#000000
7.310728130000000,0,6,0x00,0x00,0x00,#000000
7.310755820000000,0,7,0x00,0x00,0x00,#000000
7.310783520000000,0,8,0x00,0x00,0x00,#000000
7.310811210000000,0,9,0x00,0x00,0x00,#000000
7.310838910000000,0,10,0x00,0x00,0x00,#000000
7.310866590000000,0,11,0x00,0x00,0x00,#000000
7.310894290000000,0,12,0x00,0x00,0x00,#000000
7.310921980000000,0,13,0x00,0x00,0x00,#000000
7.310949680000000,0,14,0x00,0x00,0x00,#000000
7.310977370000000,0,15,0x00,0x00,0x00,#000000
7.321432390000000,0,0,0x7E,0x00,0x00,#7e0000
7.321460090000000,0,1,0x00,0x00,0x00,#000000
7.321487780000000,0,2,0x00,0x00,0x00,#000000
7.321515470000000,0,3,0x00,0x00,0x00,#000000
7.321543170000000,0,4,0x00,0x00,0x00,#000000
7.321570860000000,0,5,0x00,0x00,0x00,#000000
7.321598550000000,0,6,0x00,0x00,0x00,#000000
7.321626240000000,0,7,0x00,0x00,0x00,#000000
7.321653940000000,0,8,0x00,0x00,0x00,#000000
7.321681630000000,0,9,0x00,0x00,0x00,#000000
7.321709330000000,0,10,0x00,0x00,0x00,#000000
7.321737010000000,0,11,0x00,0x00,0x00,#000000
7.321764710000000,0,12,0x00,0x00,0x00,#000000
7.321792400000000,0,13,0x00,0x00,0x00,#000000
7.321820100000000,0,14,0x00,0x00,0x00,#000000
7.321847790000000,0,15,0x00,0x00,0x00,#000000
7.332334740000000,0,0,0x7E,0x00,0x00,#7e0000
7.332362430000000,0,1,0x00,0x00,0x00,#000000
7.332390120000000,0,2,0x00,0x00,0x00,#000000
7.332417820000000,0,3,0x00,0x00,0x00,#000000
7.332445510000000,0,4,0x00,0x00,0x00,#000000
7.332473210000000,0,5,0x00,0x00,0x00,#000000
7.332500890000000,0,6,0x00,0x00,0x00,#000000
7.332528590000000,0,7,0x00,0x00,0x00,#000000
7.332556280000000,0,8,0x00,0x00,0x00,#000000
7.332583980000000,0,9,0x00,0x00,0x00,#000000
7.332611670000000,0,10,0x00,0x00,0x00,#000000
7.332639360000000,0,11,0x00,0x00,0x00,#000000
7.332667050000000,0,12,0x00,0x00,0x00,#000000
7.332694750000000,0,13,0x00,0x00,0x00,#000000
7.332722440000000,0,14,0x00,0x00,0x00,#000000
7.332750130000000,0,15,0x00,0x00,0x00,#000000
7.343436560000000,0,0,0x7E,0x00,0x00,#7e0000
7.343464250000000,0,1,0x00,0x00,0x00,#000000
7.343491940000000,0,2,0x00,0x00,0x00,#000000
7.343519640000000,0,3,0x00,0x00,0x00,#000000
7.343547330000000,0,4,0x00,0x00,0x00,#000000
7.343575030000000,0,5,0x00,0x00,0x00,#000000
7.343602720000000,0,6,0x00,0x00,0x00,#000000
7.343630410000000,0,7,0x00,0x00,0x00,#000000
7.343658100000000,0,8,0x00,0x00,0x00,#000000
7.343685800000000,0,9,0x00,0x00,0x00,#000000
7.343713490000000,0,10,0x00,0x00,0x00,#000000
7.343741180000000,0,11,0x00,0x00,0x00,#000000
7.343768870000000,0,12,0x00,0x00,0x00,#000000
7.343796570000000,0,13,0x00,0x00,0x00,#000000
7.343824260000000,0,14,0x00,0x00,0x00,#000000
7.343851950000000,0,15,0x00,0x00,0x00,#000000
7.354335730000000,0,0,0x7E,0x00,0x00,#7e0000
7.354363430000000,0,1,0x00,0x00,0x00,#000000
7.354391120000000,0,2,0x00,0x00,0x00,#000000
7.354418810000000,0,3,0x00,0x00,0x00,#000000
7.354446500000000,0,4,0x00,0x00,0x00,#000000
7.354474200000000,0,5,0x00,0x00,0x00,#000000
7.354501890000000,0,6,0x00,0x00,0x00,#000000
7.354529580000000,0,7,0x00,0x00,0x00,#000000
7.354557270000000,0,8,0x00,0x00,0x00,#000000
7.354584970000000,0,9,0x00,0x00,0x00,#000000
7.354612660000000,0,10,0x00,0x00,0x00,#000000
7.354640350000000,0,11,0x00,0x00,0x00,#000000
7.354668050000000,0,12,0x00,0x00,0x00,#000000
7.354695740000000,0,13,0x00,0x00,0x00,#000000
7.354723430000000,0,14,0x00,0x00,0x00,#000000
7.354751130000000,0,15,0x00,0x00,0x00,#000000
7.365442750000000,0,0,0x7E,0x00,0x00,#7e0000
7.365470440000000,0,1,0x00,0x00,0x00,#000000
7.365498130000000,0,2,0x00,0x00,0x00,#000000
7.365525820000000,0,3,0x00,0x00,0x00,#000000
7.365553520000000,0,4,0x00,0x00,0x00,#000000
7.365581210000000,0,5,0x00,0x00,0x00,#000000
7.365608910000000,0,6,0x00,0x00,0x00,#000000
7.365636590000000,0,7,0x00,0x00,0x00,#000000
7.365664290000000,0,8,0x00,0x00,0x00,#000000
7.365691980000000,0,9,0x00,0x00,0x00,#000000
7.365719680000000,0,10,0x00,0x00,0x00,#000000
7.365747370000000,0,11,0x00,0x00,0x00,#000000
7.365775060000000,0,12,0x00,0x00,0x00,#000000
7.365802750000000,0,13,0x00,0x00,0x00,#000000
7.365830450000000,0,14,0x00,0x00,0x00,#000000
7.365858140000000,0,15,0x00,0x00,0x00,#000000
7.376443170000000,0,0,0x7E,0x00,0x00,#7e0000
7.376470860000000,0,1,0x00,0x00,0x00,#000000
7.376498560000000,0,2,0x00,0x00,0x00,#000000
7.376526250000000,0,3,0x00,0x00,0x00,#000000
7.376553940000000,0,4,0x00,0x00,0x00,#000000
7.376581630000000,0,5,0x00,0x00,0x00,#000000
7.376609330000000,0,6,0x00,0x00,0x00,#000000
7.376637020000000,0,7,0x00,0x00,0x00,#000000
7.376664710000000,0,8,0x00,0x00,0x00,#000000
7.376692410000000,0,9,0x00,0x00,0x00,#000000
7.376720100000000,0,10,0x00,0x00,0x00,#000000
7.376747790000000,0,11,0x00,0x00,0x00,#000000
7.376775480000000,0,12,0x00,0x00,0x00,#000000
7.376803180000000,0,13,0x00,0x00,0x00,#000000
7.376830870000000,0,14,0x00,0x00,0x00,#000000
7.376858570000000,0,15,0x00,0x00,0x00,#000000
7.387427200000000,0,0,0x7E,0x00,0x00,#7e0000
7.387454890000000,0,1,0x00,0x00,0x00,#000000
7.387482590000000,0,2,0x00,0x00,0x00,#000000
7.387510280000000,0,3,0x00,0x00,0x00,#000000
7.387537970000000,0,4,0x00,0x00,0x00,#000000
7.387565660000000,0,5,0x00,0x00,0x00,#000000
7.387593360000000,0,6,0x00,0x00,0x00,#000000
7.387621050000000,0,7,0x00,0x00,0x00,#000000
7.387648740000000,0,8,0x00,0x00,0x00,#000000
7.387676440000000,0,9,0x00,0x00,0x00,#000000
7.387704130000000,0,10,0x00,0x00,0x00,#000000
7.387731820000000,0,11,0x00,0x00,0x00,#000000
7.387759510000000,0,12,0x00,0x00,0x00,#000000
7.387787210000000,0,13,0x00,0x00,0x00,#000000
7.387814900000000,0,14,0x00,0x00,0x00,#000000
7.387842600000000,0,15,0x00,0x00,0x00,#000000
7.398336420000000,0,0,0x7E,0x00,0x00,#7e0000
7.398364110000000,0,1,0x00,0x00,0x00,#000000
7.398391800000000,0,2,0x00,0x00,0x00,#000000
7.398419500000000,0,3,0x00,0x00,0x00,#000000
7.398447190000000,0,4,0x00,0x00,0x00,#000000
7.398474890000000,0,5,0x00,0x00,0x00,#000000
7.398502570000000,0,6,0x00,0x00,0x00,#000000
7.398530270000000,0,7,0x00,0x00,0x00,#000000
7.398557960000000,0,8,0x00,0x00,0x00,#000000
7.398585660000000,0,9,0x00,0x00,0x00,#000000
7.398613350000000,0,10,0x00,0x00,0x00,#000000
7.398641040000000,0,11,0x00,0x00,0x00,#000000
7.398668730000000,0,12,0x00,0x00,0x00,#000000
7.398696430000000,0,13,0x00,0x00,0x00,#000000
7.398724120000000,0,14,0x00,0x00,0x00,#000000
7.398751810000000,0,15,0x00,0x00,0x00,#000000
7.409437370000000,0,0,0x7E,0x00,0x00,#7e0000
7.409465070000000,0,1,0x00,0x00,0x00,#000000
7.409492760000000,0,2,0x00,0x00,0x00,#000000
7.409520450000000,0,3,0x00,0x00,0x00,#000000
7.409548150000000,0,4,0x00,0x00,0x00,#000000
7.409575840000000,0,5,0x00,0x00,0x00,#000000
7.409603530000000,0,6,0x00,0x00,0x00,#000000
7.409631230000000,0,7,0x00,0x00,0x00,#000000
7.409658920000000,0,8,0x00,0x00,0x00,#000000
7.409686610000000,0,9,0x00,0x00,0x00,#000000
7.409714300000000,0,10,0x00,0x00,0x00,#000000
7.409742000000000,0,11,0x00,0x00,0x00,#000000
7.409769690000000,0,12,0x00,0x00,0x00,#000000
7.409797380000000,0,13,0x00,0x00,0x00,#000000
7.409825070000000,0,14,0x00,0x00,0x00,#000000
7.409852770000000,0,15,0x00,0x00,0x00,#000000
7.420428280000000,0,0,0x7E,0x00,0x00,#7e0000
7.420455970000000,0,1,0x00,0x00,0x00,#000000
7.420483660000000,0,2,0x00,0x00,0x00,#000000
7.420511360000000,0,3,0x00,0x00,0x00,#000000
7.420539050000000,0,4,0x00,0x00,0x00,#000000
7.420566740000000,0,5,0x00,0x00,0x00,#000000
7.420594440000000,0,6,0x00,0x00,0x00,#000000
7.420622130000000,0,7,0x00,0x00,0x00,#000000
7.420649820000000,0,8,0x00,0x00,0x00,#000000
7.420677510000000,0,9,0x00,0x00,0x00,#000000
7.420705210000000,0,10,0x00,0x00,0x00,#000000
7.420732900000000,0,11,0x00,0x00,0x00,#000000
7.420760600000000,0,12,0x00,0x00,0x00,#000000
7.420788280000000,0,13,0x00,0x00,0x00,#000000
7.420815980000000,0,14,0x00,0x00,0x00,#000000
7.420843670000000,0,15,0x00,0x00,0x00,#000000
7.431360290000000,0,0,0x7E,0x00,0x00,#7e0000
7.431387980000000,0,1,0x00,0x00,0x00,#000000
7.431415670000000,0,2,0x00,0x00,0x00,#000000
7.431443370000000,0,3,0x00,0x00,0x00,#000000
7.431471060000000,0,4,0x00,0x00,0x00,#000000
7.431498750000000,0,5,0x00,0x00,0x00,#000000
7.431526450000000,0,6,0x00,0x00,0x00,#000000
7.431554140000000,0,7,0x00,0x00,0x00,#000000
7.431581830000000,0,8,0x00,0x00,0x00,#000000
7.431609520000000,0,9,0x00,0x00,0x00,#000000
7.431637220000000,0,10,0x00,0x00,0x00,#000000
7.431664910000000,0,11,0x00,0x00,0x00,#000000
7.431692610000000,0,12,0x00,0x00,0x00,#000000
7.431720290000000,0,13,0x00,0x00,0x00,#000000
7.431747990000000,0,14,0x00,0x00,0x00,#000000
7.431775680000000,0,15,0x00,0x00,0x00,#000000
7.442441580000000,0,0,0x7E,0x00,0x00,#7e0000
7.442469270000000,0,1,0x00,0x00,0x00,#000000
7.442496960000000,0,2,0x00,0x00,0x00,#000000
7.442524660000000,0,3,0x00,0x00,0x00,#000000
7.442552350000000,0,4,0x00,0x00,0x00,#000000
7.442580050000000,0,5,0x00,0x00,0x00,#000000
7.442607740000000,0,6,0x00,0x00,0x00,#000000
7.442635430000000,0,7,0x00,0x00,0x00,#000000
7.442663120000000,0,8,0x00,0x00,0x00,#000000
7.442690820000000,0,9,0x00,0x00,0x00,#000000
7.442718510000000,0,10,0x00,0x00,0x00,#000000
7.442746200000000,0,11,0x00,0x00,0x00,#000000
7.442773890000000,0,12,0x00,0x00,0x00,#000000
7.442801590000000,0,13,0x00,0x00,0x00,#000000
7.442829280000000,0,14,0x00,0x00,0x00,#000000
7.442856970000000,0,15,0x00,0x00,0x00,#000000
7.454034610000000,0,0,0x7E,0x00,0x00,#7e0000
7.454062310000000,0,1,0x00,0x00,0x00,#000000
7.454090000000000,0,2,0x00,0x00,0x00,#000000
7.454117700000000,0,3,0x00,0x00,0x00,#000000
7.454145380000000,0,4,0x00,0x00,0x00,#000000
7.454173080000000,0,5,0x00,0x00,0x00,#000000
7.454200770000000,0,6,0x00,0x00,0x00,#000000
7.454228470000000,0,7,0x00,0x00,0x00,#000000
7.454256160000000,0,8,0x00,0x00,0x00,#000000
7.454283850000000,0,9,0x00,0x00,0x00,#000000
7.454311540000000,0,10,0x00,0x00,0x00,#000000
7.454339240000000,0,11,0x00,0x00,0x00,#000000
7.454366930000000,0,12,0x00,0x00,0x00,#000000
7.454394620000000,0,13,0x00,0x00,0x00,#000000
7.454422320000000,0,14,0x00,0x00,0x00,#000000
7.454450010000000,0,15,0x00,0x00,0x00,#000000
7.464337420000000,0,0,0x7E,0x00,0x00,#7e0000
7.464365120000000,0,1,0x00,0x00,0x00,#000000
7.464392810000000,0,2,0x00,0x00,0x00,#000000
7.464420500000000,0,3,0x00,0x00,0x00,#000000
7.464448200000000,0,4,0x00,0x00,0x00,#000000
7.464475890000000,0,5,0x00,0x00,0x00,#000000
7.464503580000000,0,6,0x00,0x00,0x00,#000000
7.464531270000000,0,7,0x00,0x00,0x00,#000000
7.464558970000000,0,8,0x00,0x00,0x00,#000000
7.464586660000000,0,9,0x00,0x00,0x00,#000000
7.464614360000000,0,10,0x00,0x00,0x00,#000000
7.464642050000000,0,11,0x00,0x00,0x00,#000000
7.464669740000000,0,12,0x00,0x00,0x00,#000000
7.464697430000000,0,13,0x00,0x00,0x00,#000000
7.464725130000000,0,14,0x00,0x00,0x00,#000000
7.464752820000000,0,15,0x00,0x00,0x00,#000000
7.475451940000000,0,0,0x7E,0x00,0x00,#7e0000
7.475479630000000,0,1,0x00,0x00,0x00,#000000
7.475507330000000,0,2,0x00,0x00,0x00,#000000
7.475535010000000,0,3,0x00,0x00,0x00,#000000
7.475562710000000,0,4,0x00,0x00,0x00,#000000
7.475590400000000,0,5,0x00,0x00,0x00,#000000
7.475618100000000,0,6,0x00,0x00,0x00,#000000
7.475645790000000,0,7,0x00,0x00,0x00,#000000
7.475673480000000,0,8,0x00,0x00,0x00,#000000
7.475701180000000,0,9,0x00,0x00,0x00,#000000
7.475728870000000,0,10,0x00,0x00,0x00,#000000
7.475756560000000,0,11,0x00,0x00,0x00,#000000
7.475784250000000,0,12,0x00,0x00,0x00,#000000
7.475811950000000,0,13,0x00,0x00,0x00,#000000
7.475839640000000,0,14,0x00,0x00,0x00,#000000
7.475867340000000,0,15,0x00,0x00,0x00,#000000
7.486430340000000,0,0,0x7E,0x00,0x00,#7e0000
7.486458040000000,0,1,0x00,0x00,0x00,#000000
7.486485730000000,0,2,0x00,0x00,0x00,#000000
7.486513420000000,0,3,0x00,0x00,0x00,#000000
7.486541110000000,0,4,0x00,0x00,0x00,#000000
7.486568810000000,0,5,0x00,0x00,0x00,#000000
7.486596500000000,0,6,0x00,0x00,0x00,#000000
7.486624190000000,0,7,0x00,0x00,0x00,#000000
7.486651890000000,0,8,0x00,0x00,0x00,#000000
7.486679580000000,0,9,0x00,0x00,0x00,#000000
7.486707270000000,0,10,0x00,0x00,0x00,#000000
7.486734960000000,0,11,0x00,0x00,0x00,#000000
7.486762660000000,0,12,0x00,0x00,0x00,#000000
7.486790350000000,0,13,0x00,0x00,0x00,#000000
7.486818050000000,0,14,0x00,0x00,0x00,#000000
7.486845740000000,0,15,0x00,0x00,0x00,#000000
7.497364230000000,0,0,0x7E,0x00,0x00,#7e0000
7.497391920000000,0,1,0x00,0x00,0x00,#000000
7.497419610000000,0,2,0x00,0x00,0x00,#000000
7.497447300000000,0,3,0x00,0x00,0x00,#000000
7.497475000000000,0,4,0x00,0x00,0x00,#000000
7.497502690000000,0,5,0x00,0x00,0x00,#000000
7.497530390000000,0,6,0x00,0x00,0x00,#000000
7.497558080000000,0,7,0x00,0x00,0x00,#000000
7.497585770000000,0,8,0x00,0x00,0x00,#000000
7.497613460000000,0,9,0x00,0x00,0x00,#000000
7.497641160000000,0,10,0x00,0x00,0x00,#000000
7.497668850000000,0,11,0x00,0x00,0x00,#000000
7.497696540000000,0,12,0x00,0x00,0x00,#000000
7.497724240000000,0,13,0x00,0x00,0x00,#000000
7.497751930000000,0,14,0x00,0x00,0x00,#000000
7.497779620000000,0,15,0x00,0x00,0x00,#000000
7.508455230000000,0,0,0x7E,0x00,0x00,#7e0000
7.508482920000000,0,1,0x00,0x00,0x00,#000000
7.508510620000000,0,2,0x00,0x00,0x00,#000000
7.508538310000000,0,3,0x00,0x00,0x00,#000000
7.508566000000000,0,4,0x00,0x00,0x00,#000000
7.508593690000000,0,5,0x00,0x00,0x00,#000000
7.508621390000000,0,6,0x00,0x00,0x00,#000000
7.508649080000000,0,7,0x00,0x00,0x00,#000000
7.508676770000000,0,8,0x00,0x00,0x00,#000000
7.508704470000000,0,9,0x00,0x00,0x00,#000000
7.508732160000000,0,10,0x00,0x00,0x00,#000000
7.508759850000000,0,11,0x00,0x00,0x00,#000000
7.508787550000000,0,12,0x00,0x00,0x00,#000000
7.508815240000000,0,13,0x00,0x00,0x00,#000000
7.508842930000000,0,14,0x00,0x00,0x00,#000000
7.508870630000000,0,15,0x00,0x00,0x00,#000000
7.519438450000000,0,0,0x7E,0x00,0x00,#7e0000
7.519466130000000,0,1,0x00,0x00,0x00,#000000
7.519493830000000,0,2,0x00,0x00,0x00,#000000
7.519521520000000,0,3,0x00,0x00,0x00,#000000
7.519549220000000,0,4,0x00,0x00,0x00,#000000
7.519576900000000,0,5,0x00,0x00,0x00,#000000
7.519604600000000,0,6,0x00,0x00,0x00,#000000
7.519632290000000,0,7,0x00,0x00,0x00,#000000
7.519659990000000,0,8,0x00,0x00,0x00,#000000
7.519687680000000,0,9,0x00,0x00,0x00,#000000
7.519715370000000,0,10,0x00,0x00,0x00,#000000
7.519743060000000,0,11,0x00,0x00,0x00,#000000
7.519770760000000,0,12,0x00,0x00,0x00,#000000
7.519798450000000,0,13,0x00,0x00,0x00,#000000
7.519826140000000,0,14,0x00,0x00,0x00,#000000
7.519853840000000,0,15,0x00,0x00,0x00,#000000
7.530339780000000,0,0,0x7E,0x00,0x00,#7e0000
7.530367470000000,0,1,0x00,0x00,0x00,#000000
7.530395160000000,0,2,0x00,0x00,0x00,#000000
7.530422860000000,0,3,0x00,0x00,0x00,#000000
7.530450550000000,0,4,0x00,0x00,0x00,#000000
7.530478240000000,0,5,0x00,0x00,0x00,#000000
7.530505930000000,0,6,0x00,0x00,0x00,#000000
7.530533630000000,0,7,0x00,0x00,0x00,#000000
7.530561320000000,0,8,0x00,0x00,0x00,#000000
7.530589020000000,0,9,0x00,0x00,0x00,#000000
7.530616700000000,0,10,0x00,0x00,0x00,#000000
7.530644400000000,0,11,0x00,0x00,0x00,#000000
7.530672090000000,0,12,0x00,0x00,0x00,#000000
7.530699790000000,0,13,0x00,0x00,0x00,#000000
7.530727480000000,0,14,0x00,0x00,0x00,#000000
7.530755170000000,0,15,0x00,0x00,0x00,#000000
7.541437270000000,0,0,0x7E,0x00,0x00,#7e0000
7.541464960000000,0,1,0x00,0x00,0x00,#000000
7.541492660000000,0,2,0x00,0x00,0x00,#000000
7.541520350000000,0,3,0x00,0x00,0x00,#000000
7.541548040000000,0,4,0x00,0x00,0x00,#000000
7.541575730000000,0,5,0x00,0x00,0x00,#000000
7.541603430000000,0,6,0x00,0x00,0x00,#000000
7.541631120000000,0,7,0x00,0x00,0x00,#000000
7.541658820000000,0,8,0x00,0x00,0x00,#000000
7.541686510000000,0,9,0x00,0x00,0x00,#000000
7.541714200000000,0,10,0x00,0x00,0x00,#000000
7.541741890000000,0,11,0x00,0x00,0x00,#000000
7.541769590000000,0,12,0x00,0x00,0x00,#000000
7.541797280000000,0,13,0x00,0x00,0x00,#000000
7.541824970000000,0,14,0x00,0x00,0x00,#000000
7.541852660000000,0,15,0x00,0x00,0x00,#000000
7.552439470000000,0,0,0x7E,0x00,0x00,#7e0000
7.552467170000000,0,1,0x00,0x00,0x00,#000000
7.552494860000000,0,2,0x00,0x00,0x00,#000000
7.552522560000000,0,3,0x00,0x00,0x00,#000000
7.552550240000000,0,4,0x00,0x00,0x00,#000000
7.552577940000000,0,5,0x00,0x00,0x00,#000000
7.552605630000000,0,6,0x00,0x00,0x00,#000000
7.552633330000000,0,7,0x00,0x00,0x00,#000000
7.552661010000000,0,8,0x00,0x00,0x00,#000000
7.552688710000000,0,9,0x00,0x00,0x00,#000000
7.552716400000000,0,10,0x00,0x00,0x00,#000000
7.552744100000000,0,11,0x00,0x00,0x00,#000000
7.552771790000000,0,12,0x00,0x00,0x00,#000000
7.552799480000000,0,13,0x00,0x00,0x00,#000000
7.552827180000000,0,14,0x00,0x00,0x00,#000000
7.552854870000000,0,15,0x00,0x00,0x00,#000000
7.563397830000000,0,0,0x7E,0x00,0x00,#7e0000
7.563425520000000,0,1,0x00,0x00,0x00,#000000
7.563453210000000,0,2,0x00,0x00,0x00,#000000
7.563480910000000,0,3,0x00,0x00,0x00,#000000
7.563508600000000,0,4,0x00,0x00,0x00,#000000
7.563536290000000,0,5,0x00,0x00,0x00,#000000
7.563563990000000,0,6,0x00,0x00,0x00,#000000
7.563591680000000,0,7,0x00,0x00,0x00,#000000
7.563619370000000,0,8,0x00,0x00,0x00,#000000
7.563647070000000,0,9,0x00,0x00,0x00,#000000
7.563674760000000,0,10,0x00,0x00,0x00,#000000
7.563702450000000,0,11,0x00,0x00,0x00,#000000
7.563730150000000,0,12,0x00,0x00,0x00,#000000
7.563757840000000,0,13,0x00,0x00,0x00,#000000
7.563785530000000,0,14,0x00,0x00,0x00,#000000
7.563813220000000,0,15,0x00,0x00,0x00,#000000
7.574452580000000,0,0,0x7E,0x00,0x00,#7e0000
7.574480280000000,0,1,0x00,0x00,0x00,#000000
7.574507970000000,0,2,0x00,0x00,0x00,#000000
7.574535660000000,0,3,0x00,0x00,0x00,#000000
7.574563350000000,0,4,0x00,0x00,0x00,#000000
7.574591050000000,0,5,0x00,0x00,0x00,#000000
7.574618740000000,0,6,0x00,0x00,0x00,#000000
7.574646430000000,0,7,0x00,0x00,0x00,#000000
7.574674120000000,0,8,0x00,0x00,0x00,#000000
7.574701820000000,0,9,0x00,0x00,0x00,#000000
7.574729510000000,0,10,0x00,0x00,0x00,#000000
7.574757200000000,0,11,0x00,0x00,0x00,#000000
7.574784900000000,0,12,0x00,0x00,0x00,#000000
7.574812590000000,0,13,0x00,0x00,0x00,#000000
7.574840290000000,0,14,0x00,0x00,0x00,#000000
7.574867980000000,0,15,0x00,0x00,0x00,#000000
7.585445790000000,0,0,0x7E,0x00,0x00,#7e0000
7.585473490000000,0,1,0x00,0x00,0x00,#000000
7.585501180000000,0,2,0x00,0x00,0x00,#000000
7.585528880000000,0,3,0x00,0x00,0x00,#000000
7.585556560000000,0,4,0x00,0x00,0x00,#000000
7.585584260000000,0,5,0x00,0x00,0x00,#000000
7.585611950000000,0,6,0x00,0x00,0x00,#000000
7.585639650000000,0,7,0x00,0x00,0x00,#000000
7.585667340000000,0,8,0x00,0x00,0x00,#000000
7.585695030000000,0,9,0x00,0x00,0x00,#000000
7.585722730000000,0,10,0x00,0x00,0x00,#000000
7.585750420000000,0,11,0x00,0x00,0x00,#000000
7.585778110000000,0,12,0x00,0x00,0x00,#000000
7.585805800000000,0,13,0x00,0x00,0x00,#000000
7.585833500000000,0,14,0x00,0x00,0x00,#000000
7.585861190000000,0,15,0x00,0x00,0x00,#000000
7.596340780000000,0,0,0x7E,0x00,0x00,#7e0000
7.596368480000000,0,1,0x00,0x00,0x00,#000000
7.596396170000000,0,2,0x00,0x00,0x00,#000000
7.596423860000000,0,3,0x00,0x00,0x00,#000000
7.596451550000000,0,4,0x00,0x00,0x00,#000000
7.596479250000000,0,5,0x00,0x00,0x00,#000000
7.596506940000000,0,6,0x00,0x00,0x00,#000000
7.596534630000000,0,7,0x00,0x00,0x00,#000000
7.596562330000000,0,8,0x00,0x00,0x00,#000000
7.596590020000000,0,9,0x00,0x00,0x00,#000000
7.596617720000000,0,10,0x00,0x00,0x00,#000000
7.596645410000000,0,11,0x00,0x00,0x00,#000000
7.596673100000000,0,12,0x00,0x00,0x00,#000000
7.596700790000000,0,13,0x00,0x00,0x00,#000000
7.596728490000000,0,14,0x00,0x00,0x00,#000000
7.596756180000000,0,15,0x00,0x00,0x00,#000000
7.607455780000000,0,0,0x7E,0x00,0x00,#7e0000
7.607483470000000,0,1,0x00,0x00,0x00,#000000
7.607511160000000,0,2,0x00,0x00,0x00,#000000
7.607538850000000,0,3,0x00,0x00,0x00,#000000
7.607566550000000,0,4,0x00,0x00,0x00,#000000
7.607594240000000,0,5,0x00,0x00,0x00,#000000
7.607621940000000,0,6,0x00,0x00,0x00,#000000
7.607649630000000,0,7,0x00,0x00,0x00,#000000
7.607677320000000,0,8,0x00,0x00,0x00,#000000
7.607705010000000,0,9,0x00,0x00,0x00,#000000
7.607732710000000,0,10,0x00,0x00,0x00,#000000
7.607760400000000,0,11,0x00,0x00,0x00,#000000
7.607788090000000,0,12,0x00,0x00,0x00,#000000
7.607815790000000,0,13,0x00,0x00,0x00,#000000
7.607843480000000,0,14,0x00,0x00,0x00,#000000
7.607871170000000,0,15,0x00,0x00,0x00,#000000
7.618445050000000,0,0,0x7E,0x00,0x00,#7e0000
7.618472740000000,0,1,0x00,0x00,0x00,#000000
7.618500430000000,0,2,0x00,0x00,0x00,#000000
7.618528130000000,0,3,0x00,0x00,0x00,#000000
7.618555820000000,0,4,0x00,0x00,0x00,#000000
7.618583510000000,0,5,0x00,0x00,0x00,#000000
7.618611210000000,0,6,0x00,0x00,0x00,#000000
7.618638900000000,0,7,0x00,0x00,0x00,#000000
7.618666590000000,0,8,0x00,0x00,0x00,#000000
7.618694280000000,0,9,0x00,0x00,0x00,#000000
7.618721980000000,0,10,0x00,0x00,0x00,#000000
7.618749670000000,0,11,0x00,0x00,0x00,#000000
7.618777370000000,0,12,0x00,0x00,0x00,#000000
7.618805050000000,0,13,0x00,0x00,0x00,#000000
7.618832750000000,0,14,0x00,0x00,0x00,#000000
7.618860440000000,0,15,0x00,0x00,0x00,#000000
7.629409030000000,0,0,0x7E,0x00,0x00,#7e0000
7.629436720000000,0,1,0x00,0x00,0x00,#000000
7.629464410000000,0,2,0x00,0x00,0x00,#000000
7.629492110000000,0,3,0x00,0x00,0x00,#000000
7.629519800000000,0,4,0x00,0x00,0x00,#000000
7.629547500000000,0,5,0x00,0x00,0x00,#000000
7.629575180000000,0,6,0x00,0x00,0x00,#000000
7.629602880000000,0,7,0x00,0x00,0x00,#000000
7.629630570000000,0,8,0x00,0x00,0x00,#000000
7.629658270000000,0,9,0x00,0x00,0x00,#000000
7.629685960000000,0,10,0x00,0x00,0x00,#000000
7.629713650000000,0,11,0x00,0x00,0x00,#000000
7.629741340000000,0,12,0x00,0x00,0x00,#000000
7.629769040000000,0,13,0x00,0x00,0x00,#000000
7.629796730000000,0,14,0x00,0x00,0x00,#000000
7.629824420000000,0,15,0x00,0x00,0x00,#000000
7.640536230000000,0,0,0x7E,0x00,0x00,#7e0000
7.640563930000000,0,1,0x00,0x00,0x00,#000000
7.640591620000000,0,2,0x00,0x00,0x00,#000000
7.640619310000000,0,3,0x00,0x00,0x00,#000000
7.640647000000000,0,4,0x00,0x00,0x00,#000000
7.640674700000000,0,5,0x00,0x00,0x00,#000000
7.640702390000000,0,6,0x00,0x00,0x00,#000000
7.640730090000000,0,7,0x00,0x00,0x00,#000000
7.640757780000000,0,8,0x00,0x00,0x00,#000000
7.640785470000000,0,9,0x00,0x00,0x00,#000000
7.640813160000000,0,10,0x00,0x00,0x00,#000000
7.640840860000000,0,11,0x00,0x00,0x00,#000000
7.640868550000000,0,12,0x00,0x00,0x00,#000000
7.640896240000000,0,13,0x00,0x00,0x00,#000000
7.640923940000000,0,14,0x00,0x00,0x00,#000000
7.640951630000000,0,15,0x00,0x00,0x00,#000000
7.651438580000000,0,0,0x7E,0x00,0x00,#7e0000
7.651466270000000,0,1,0x00,0x00,0x00,#000000
7.651493970000000,0,2,0x00,0x00,0x00,#000000
7.651521650000000,0,3,0x00,0x00,0x00,#000000
7.651549350000000,0,4,0x00,0x00,0x00,#000000
7.651577040000000,0,5,0x00,0x00,0x00,#000000
7.651604740000000,0,6,0x00,0x00,0x00,#000000
7.651632430000000,0,7,0x00,0x00,0x00,#000000
7.651660120000000,0,8,0x00,0x00,0x00,#000000
7.651687820000000,0,9,0x00,0x00,0x00,#000000
7.651715510000000,0,10,0x00,0x00,0x00,#000000
7.651743200000000,0,11,0x00,0x00,0x00,#000000
7.651770890000000,0,12,0x00,0x00,0x00,#000000
7.651798590000000,0,13,0x00,0x00,0x00,#000000
7.651826280000000,0,14,0x00,0x00,0x00,#000000
7.651853980000000,0,15,0x00,0x00,0x00,#000000
7.662342460000000,0,0,0x7E,0x00,0x00,#7e0000
7.662370160000000,0,1,0x00,0x00,0x00,#000000
7.662397850000000,0,2,0x00,0x00,0x00,#000000
7.662425540000000,0,3,0x00,0x00,0x00,#000000
7.662453230000000,0,4,0x00,0x00,0x00,#000000
7.662480930000000,0,5,0x00,0x00,0x00,#000000
7.662508620000000,0,6,0x00,0x00,0x00,#000000
7.662536310000000,0,7,0x00,0x00,0x00,#000000
7.662564000000000,0,8,0x00,0x00,0x00,#000000
7.662591700000000,0,9,0x00,0x00,0x00,#000000
7.662619390000000,0,10,0x00,0x00,0x00,#000000
7.662647090000000,0,11,0x00,0x00,0x00,#000000
7.662674780000000,0,12,0x00,0x00,0x00,#000000
7.662702470000000,0,13,0x00,0x00,0x00,#000000
7.662730170000000,0,14,0x00,0x00,0x00,#000000
7.662757860000000,0,15,0x00,0x00,0x00,#000000
7.673462310000000,0,0,0x7E,0x00,0x00,#7e0000
7.673490010000000,0,1,0x00,0x00,0x00,#000000
7.673517700000000,0,2,0x00,0x00,0x00,#000000
7.673545390000000,0,3,0x00,0x00,0x00,#000000
7.673573080000000,0,4,0x00,0x00,0x00,#000000
7.673600780000000,0,5,0x00,0x00,0x00,#000000
7.673628470000000,0,6,0x00,0x00,0x00,#000000
7.673656160000000,0,7,0x00,0x00,0x00,#000000
7.673683860000000,0,8,0x00,0x00,0x00,#000000
7.673711550000000,0,9,0x00,0x00,0x00,#000000
7.673739240000000,0,10,0x00,0x00,0x00,#000000
7.673766930000000,0,11,0x00,0x00,0x00,#000000
7.673794630000000,0,12,0x00,0x00,0x00,#000000
7.673822320000000,0,13,0x00,0x00,0x00,#000000
7.673850020000000,0,14,0x00,0x00,0x00,#000000
7.673877700000000,0,15,0x00,0x00,0x00,#000000
7.684445910000000,0,0,0x7E,0x00,0x00,#7e0000
7.684473600000000,0,1,0x00,0x00,0x00,#000000
7.684501290000000,0,2,0x00,0x00,0x00,#000000
7.684528990000000,0,3,0x00,0x00,0x00,#000000
7.684556680000000,0,4,0x00,0x00,0x00,#000000
7.684584370000000,0,5,0x00,0x00,0x00,#000000
7.684612070000000,0,6,0x00,0x00,0x00,#000000
7.684639760000000,0,7,0x00,0x00,0x00,#000000
7.684667450000000,0,8,0x00,0x00,0x00,#000000
7.684695150000000,0,9,0x00,0x00,0x00,#000000
7.684722840000000,0,10,0x00,0x00,0x00,#000000
7.684750530000000,0,11,0x00,0x00,0x00,#000000
7.684778230000000,0,12,0x00,0x00,0x00,#000000
7.684805920000000,0,13,0x00,0x00,0x00,#000000
7.684833610000000,0,14,0x00,0x00,0x00,#000000
7.684861300000000,0,15,0x00,0x00,0x00,#000000
7.695343300000000,0,0,0x7E,0x00,0x00,#7e0000
7.695370990000000,0,1,0x00,0x00,0x00,#000000
7.695398690000000,0,2,0x00,0x00,0x00,#000000
7.695426380000000,0,3,0x00,0x00,0x00,#000000
7.695454070000000,0,4,0x00,0x00,0x00,#000000
7.695481770000000,0,5,0x00,0x00,0x00,#000000
7.695509460000000,0,6,0x00,0x00,0x00,#000000
7.695537150000000,0,7,0x00,0x00,0x00,#000000
7.695564840000000,0,8,0x00,0x00,0x00,#000000
7.695592540000000,0,9,0x00,0x00,0x00,#000000
7.695620230000000,0,10,0x00,0x00,0x00,#000000
7.695647930000000,0,11,0x00,0x00,0x00,#000000
7.695675620000000,0,12,0x00,0x00,0x00,#000000
7.695703310000000,0,13,0x00,0x00,0x00,#000000
7.695731000000000,0,14,0x00,0x00,0x00,#000000
7.695758700000000,0,15,0x00,0x00,0x00,#000000
7.706450030000000,0,0,0x7E,0x00,0x00,#7e0000
7.706477720000000,0,1,0x00,0x00,0x00,#000000
7.706505410000000,0,2,0x00,0x00,0x00,#000000
7.706533100000000,0,3,0x00,0x00,0x00,#000000
7.706560800000000,0,4,0x00,0x00,0x00,#000000
7.706588490000000,0,5,0x00,0x00,0x00,#000000
7.706616180000000,0,6,0x00,0x00,0x00,#000000
7.706643880000000,0,7,0x00,0x00,0x00,#000000
7.706671570000000,0,8,0x00,0x00,0x00,#000000
7.706699260000000,0,9,0x00,0x00,0x00,#000000
7.706726960000000,0,10,0x00,0x00,0x00,#000000
7.706754650000000,0,11,0x00,0x00,0x00,#000000
7.706782340000000,0,12,0x00,0x00,0x00,#000000
7.706810040000000,0,13,0x00,0x00,0x00,#000000
7.706837730000000,0,14,0x00,0x00,0x00,#000000
7.706865420000000,0,15,0x00,0x00,0x00,#000000
7.717444250000000,0,0,0x7E,0x00,0x00,#7e0000
7.717471940000000,0,1,0x00,0x00,0x00,#000000
7.717499630000000,0,2,0x00,0x00,0x00,#000000
7.717527330000000,0,3,0x00,0x00,0x00,#000000
7.717555020000000,0,4,0x00,0x00,0x00,#000000
7.717582710000000,0,5,0x00,0x00,0x00,#000000
7.717610400000000,0,6,0x00,0x00,0x00,#000000
7.717638100000000,0,7,0x00,0x00,0x00,#000000
7.717665790000000,0,8,0x00,0x00,0x00,#000000
7.717693490000000,0,9,0x00,0x00,0x00,#000000
7.717721180000000,0,10,0x00,0x00,0x00,#000000
7.717748870000000,0,11,0x00,0x00,0x00,#000000
7.717776560000000,0,12,0x00,0x00,0x00,#000000
7.717804260000000,0,13,0x00,0x00,0x00,#000000
7.717831950000000,0,14,0x00,0x00,0x00,#000000
7.717859640000000,0,15,0x00,0x00,0x00,#000000
7.728344820000000,0,0,0x7E,0x00,0x00,#7e0000
7.728372510000000,0,1,0x00,0x00,0x00,#000000
7.728400200000000,0,2,0x00,0x00,0x00,#000000
7.728427890000000,0,3,0x00,0x00,0x00,#000000
7.728455590000000,0,4,0x00,0x00,0x00,#000000
7.728483280000000,0,5,0x00,0x00,0x00,#000000
7.728510970000000,0,6,0x00,0x00,0x00,#000000
7.728538660000000,0,7,0x00,0x00,0x00,#000000
7.728566360000000,0,8,0x00,0x00,0x00,#000000
7.728594050000000,0,9,0x00,0x00,0x00,#000000
7.728621740000000,0,10,0x00,0x00,0x00,#000000
7.728649440000000,0,11,0x00,0x00,0x00,#000000
7.728677130000000,0,12,0x00,0x00,0x00,#000000
7.728704820000000,0,13,0x00,0x00,0x00,#000000
7.728732520000000,0,14,0x00,0x00,0x00,#000000
7.728760210000000,0,15,0x00,0x00,0x00,#000000
7.739447310000000,0,0,0x7E,0x00,0x00,#7e0000
7.739475000000000,0,1,0x00,0x00,0x00,#000000
7.739502690000000,0,2,0x00,0x00,0x00,#000000
7.739530390000000,0,3,0x00,0x00,0x00,#000000
7.739558080000000,0,4,0x00,0x00,0x00,#000000
7.739585770000000,0,5,0x00,0x00,0x00,#000000
7.739613460000000,0,6,0x00,0x00,0x00,#000000
7.739641160000000,0,7,0x00,0x00,0x00,#000000
7.739668850000000,0,8,0x00,0x00,0x00,#000000
7.739696550000000,0,9,0x00,0x00,0x00,#000000
7.739724240000000,0,10,0x00,0x00,0x00,#000000
7.739751930000000,0,11,0x00,0x00,0x00,#000000
7.739779620000000,0,12,0x00,0x00,0x00,#000000
7.739807320000000,0,13,0x00,0x00,0x00,#000000
7.739835010000000,0,14,0x00,0x00,0x00,#000000
7.739862700000000,0,15,0x00,0x00,0x00,#000000
7.750440670000000,0,0,0x7E,0x00,0x00,#7e0000
7.750468360000000,0,1,0x00,0x00,0x00,#000000
7.750496050000000,0,2,0x00,0x00,0x00,#000000
7.750523740000000,0,3,0x00,0x00,0x00,#000000
7.750551440000000,0,4,0x00,0x00,0x00,#000000
7.750579130000000,0,5,0x00,0x00,0x00,#000000
7.750606830000000,0,6,0x00,0x00,0x00,#000000
7.750634510000000,0,7,0x00,0x00,0x00,#000000
7.750662210000000,0,8,0x00,0x00,0x00,#000000
7.750689900000000,0,9,0x00,0x00,0x00,#000000
7.750717600000000,0,10,0x00,0x00,0x00,#000000
7.750745280000000,0,11,0x00,0x00,0x00,#000000
7.750772980000000,0,12,0x00,0x00,0x00,#000000
7.750800670000000,0,13,0x00,0x00,0x00,#000000
7.750828370000000,0,14,0x00,0x00,0x00,#000000
7.750856060000000,0,15,0x00,0x00,0x00,#000000
7.761344980000000,0,0,0x7E,0x00,0x00,#7e0000
7.761372670000000,0,1,0x00,0x00,0x00,#000000
7.761400370000000,0,2,0x00,0x00,0x00,#000000
7.761428060000000,0,3,0x00,0x00,0x00,#000000
7.761455750000000,0,4,0x00,0x00,0x00,#000000
7.761483450000000,0,5,0x00,0x00,0x00,#000000
7.761511140000000,0,6,0x00,0x00,0x00,#000000
7.761538830000000,0,7,0x00,0x00,0x00,#000000
7.761566520000000,0,8,0x00,0x00,0x00,#000000
7.761594220000000,0,9,0x00,0x00,0x00,#000000
7.761621910000000,0,10,0x00,0x00,0x00,#000000
7.761649610000000,0,11,0x00,0x00,0x00,#000000
7.761677290000000,0,12,0x00,0x00,0x00,#000000
7.761704990000000,0,13,0x00,0x00,0x00,#000000
7.761732680000000,0,14,0x00,0x00,0x00,#000000
7.761760380000000,0,15,0x00,0x00,0x00,#000000
7.772446560000000,0,0,0x7E,0x00,0x00,#7e0000
7.772474260000000,0,1,0x00,0x00,0x00,#000000
7.772501940000000,0,2,0x00,0x00,0x00,#000000
7.772529640000000,0,3,0x00,0x00,0x00,#000000
7.772557330000000,0,4,0x00,0x00,0x00,#000000
7.772585030000000,0,5,0x00,0x00,0x00,#000000
7.772612720000000,0,6,0x00,0x00,0x00,#000000
7.772640410000000,0,7,0x00,0x00,0x00,#000000
7.772668100000000,0,8,0x00,0x00,0x00,#000000
7.772695800000000,0,9,0x00,0x00,0x00,#000000
7.772723490000000,0,10,0x00,0x00,0x00,#000000
7.772751180000000,0,11,0x00,0x00,0x00,#000000
7.772778880000000,0,12,0x00,0x00,0x00,#000000
7.772806570000000,0,13,0x00,0x00,0x00,#000000
7.772834260000000,0,14,0x00,0x00,0x00,#000000
7.772861950000000,0,15,0x00,0x00,0x00,#000000
7.783443140000000,0,0,0x7E,0x00,0x00,#7e0000
7.783470830000000,0,1,0x00,0x00,0x00,#000000
7.783498520000000,0,2,0x00,0x00,0x00,#000000
7.783526220000000,0,3,0x00,0x00,0x00,#000000
7.783553910000000,0,4,0x00,0x00,0x00,#000000
7.783581600000000,0,5,0x00,0x00,0x00,#000000
7.783609300000000,0,6,0x00,0x00,0x00,#000000
7.783636990000000,0,7,0x00,0x00,0x00,#000000
7.783664680000000,0,8,0x00,0x00,0x00,#000000
7.783692370000000,0,9,0x00,0x00,0x00,#000000
7.783720070000000,0,10,0x00,0x00,0x00,#000000
7.783747760000000,0,11,0x00,0x00,0x00,#000000
7.783775460000000,0,12,0x00,0x00,0x00,#000000
7.783803140000000,0,13,0x00,0x00,0x00,#000000
7.783830840000000,0,14,0x00,0x00,0x00,#000000
7.783858530000000,0,15,0x00,0x00,0x00,#000000
7.794345820000000,0,0,0x7E,0x00,0x00,#7e0000
7.794373510000000,0,1,0x00,0x00,0x00,#000000
7.794401210000000,0,2,0x00,0x00,0x00,#000000
7.794428900000000,0,3,0x00,0x00,0x00,#000000
7.794456590000000,0,4,0x00,0x00,0x00,#000000
7.794484280000000,0,5,0x00,0x00,0x00,#000000
7.794511980000000,0,6,0x00,0x00,0x00,#000000
7.794539670000000,0,7,0x00,0x00,0x00,#000000
7.794567360000000,0,8,0x00,0x00,0x00,#000000
7.794595060000000,0,9,0x00,0x00,0x00,#000000
7.794622750000000,0,10,0x00,0x00,0x00,#000000
7.794650440000000,0,11,0x00,0x00,0x00,#000000
7.794678130000000,0,12,0x00,0x00,0x00,#000000
7.794705830000000,0,13,0x00,0x00,0x00,#000000
7.794733520000000,0,14,0x00,0x00,0x00,#000000
7.794761220000000,0,15,0x00,0x00,0x00,#000000
7.805458550000000,0,0,0x7E,0x00,0x00,#7e0000
7.805486250000000,0,1,0x00,0x00,0x00,#000000
7.805513940000000,0,2,0x00,0x00,0x00,#000000
7.805541630000000,0,3,0x00,0x00,0x00,#000000
7.805569320000000,0,4,0x00,0x00,0x00,#000000
7.805597020000000,0,5,0x00,0x00,0x00,#000000
7.805624710000000,0,6,0x00,0x00,0x00,#000000
7.805652410000000,0,7,0x00,0x00,0x00,#000000
7.805680100000000,0,8,0x00,0x00,0x00,#000000
7.805707790000000,0,9,0x00,0x00,0x00,#000000
7.805735480000000,0,10,0x00,0x00,0x00,#000000
7.805763180000000,0,11,0x00,0x00,0x00,#000000
7.805790870000000,0,12,0x00,0x00,0x00,#000000
7.805818560000000,0,13,0x00,0x00,0x00,#000000
7.805846250000000,0,14,0x00,0x00,0x00,#000000
7.805873950000000,0,15,0x00,0x00,0x00,#000000
7.817227410000000,0,0,0x7E,0x00,0x00,#7e0000
7.817255100000000,0,1,0x00,0x00,0x00,#000000
7.817282800000000,0,2,0x00,0x00,0x00,#000000
7.817310490000000,0,3,0x00,0x00,0x00,#000000
7.817338180000000,0,4,0x00,0x00,0x00,#000000
7.817365870000000,0,5,0x00,0x00,0x00,#000000
7.817393570000000,0,6,0x00,0x00,0x00,#000000
7.817421260000000,0,7,0x00,0x00,0x00,#000000
7.817448960000000,0,8,0x00,0x00,0x00,#000000
7.817476650000000,0,9,0x00,0x00,0x00,#000000
7.817504340000000,0,10,0x00,0x00,0x00,#000000
7.817532030000000,0,11,0x00,0x00,0x00,#000000
7.817559730000000,0,12,0x00,0x00,0x00,#000000
7.817587420000000,0,13,0x00,0x00,0x00,#000000
7.817615110000000,0,14,0x00,0x00,0x00,#000000
7.817642800000000,0,15,0x00,0x00,0x00,#000000
7.827441800000000,0,0,0x7E,0x00,0x00,#7e0000
7.827469500000000,0,1,0x00,0x00,0x00,#000000
7.827497190000000,0,2,0x00,0x00,0x00,#000000
7.827524880000000,0,3,0x00,0x00,0x00,#000000
7.827552580000000,0,4,0x00,0x00,0x00,#000000
7.827580270000000,0,5,0x00,0x00,0x00,#000000
7.827607960000000,0,6,0x00,0x00,0x00,#000000
7.827635660000000,0,7,0x00,0x00,0x00,#000000
7.827663350000000,0,8,0x00,0x00,0x00,#000000
7.827691040000000,0,9,0x00,0x00,0x00,#000000
7.827718740000000,0,10,0x00,0x00,0x00,#000000
7.827746430000000,0,11,0x00,0x00,0x00,#000000
7.827774120000000,0,12,0x00,0x00,0x00,#000000
7.827801810000000,0,13,0x00,0x00,0x00,#000000
7.827829510000000,0,14,0x00,0x00,0x00,#000000
7.827857200000000,0,15,0x00,0x00,0x00,#000000
7.838653770000000,0,0,0x7E,0x00,0x00,#7e0000
7.838681460000000,0,1,0x00,0x00,0x00,#000000
7.838709160000000,0,2,0x00,0x00,0x00,#000000
7.838736850000000,0,3,0x00,0x00,0x00,#000000
7.838764540000000,0,4,0x00,0x00,0x00,#000000
7.838792240000000,0,5,0x00,0x00,0x00,#000000
7.838819930000000,0,6,0x00,0x00,0x00,#000000
7.838847620000000,0,7,0x00,0x00,0x00,#000000
7.838875320000000,0,8,0x00,0x00,0x00,#000000
7.838903010000000,0,9,0x00,0x00,0x00,#000000
7.838930700000000,0,10,0x00,0x00,0x00,#000000
7.838958400000000,0,11,0x00,0x00,0x00,#000000
7.838986090000000,0,12,0x00,0x00,0x00,#000000
7.839013780000000,0,13,0x00,0x00,0x00,#000000
7.839041470000000,0,14,0x00,0x00,0x00,#000000
7.839069170000000,0,15,0x00,0x00,0x00,#000000
7.849454580000000,0,0,0x7E,0x00,0x00,#7e0000
7.849482270000000,0,1,0x00,0x00,0x00,#000000
7.849509960000000,0,2,0x00,0x00,0x00,#000000
7.849537650000000,0,3,0x00,0x00,0x00,#000000
7.849565350000000,0,4,0x00,0x00,0x00,#000000
7.849593040000000,0,5,0x00,0x00,0x00,#000000
7.849620740000000,0,6,0x00,0x00,0x00,#000000
7.849648420000000,0,7,0x00,0x00,0x00,#000000
7.849676120000000,0,8,0x00,0x00,0x00,#000000
7.849703810000000,0,9,0x00,0x00,0x00,#000000
7.849731510000000,0,10,0x00,0x00,0x00,#000000
7.849759200000000,0,11,0x00,0x00,0x00,#000000
7.849786890000000,0,12,0x00,0x00,0x00,#000000
7.849814590000000,0,13,0x00,0x00,0x00,#000000
7.849842280000000,0,14,0x00,0x00,0x00,#000000
7.849869970000000,0,15,0x00,0x00,0x00,#000000
7.860472840000000,0,0,0x7E,0x00,0x00,#7e0000
7.860500530000000,0,1,0x00,0x00,0x00,#000000
7.860528220000000,0,2,0x00,0x00,0x00,#000000
7.860555910000000,0,3,0x00,0x00,0x00,#000000
7.860583610000000,0,4,0x00,0x00,0x00,#000000
7.860611300000000,0,5,0x00,0x00,0x00,#000000
7.860639000000000,0,6,0x00,0x00,0x00,#000000
7.860666690000000,0,7,0x00,0x00,0x00,#000000
7.860694380000000,0,8,0x00,0x00,0x00,#000000
7.860722070000000,0,9,0x00,0x00,0x00,#000000
7.860749770000000,0,10,0x00,0x00,0x00,#000000
7.860777460000000,0,11,0x00,0x00,0x00,#000000
7.860805150000000,0,12,0x00,0x00,0x00,#000000
7.860832850000000,0,13,0x00,0x00,0x00,#000000
7.860860540000000,0,14,0x00,0x00,0x00,#000000
7.860888230000000,0,15,0x00,0x00,0x00,#000000
7.871456670000000,0,0,0x7E,0x00,0x00,#7e0000
7.871484370000000,0,1,0x00,0x00,0x00,#000000
7.871512060000000,0,2,0x00,0x00,0x00,#000000
7.871539750000000,0,3,0x00,0x00,0x00,#000000
7.871567440000000,0,4,0x00,0x00,0x00,#000000
7.871595140000000,0,5,0x00,0x00,0x00,#000000
7.871622830000000,0,6,0x00,0x00,0x00,#000000
7.871650530000000,0,7,0x00,0x00,0x00,#000000
7.871678220000000,0,8,0x00,0x00,0x00,#000000
7.871705910000000,0,9,0x00,0x00,0x00,#000000
7.871733600000000,0,10,0x00,0x00,0x00,#000000
7.871761300000000,0,11,0x00,0x00,0x00,#000000
7.871788990000000,0,12,0x00,0x00,0x00,#000000
7.871816680000000,0,13,0x00,0x00,0x00,#000000
7.871844380000000,0,14,0x00,0x00,0x00,#000000
7.871872070000000,0,15,0x00,0x00,0x00,#000000
7.882440130000000,0,0,0x7E,0x00,0x00,#7e0000
7.882467820000000,0,1,0x00,0x00,0x00,#000000
7.882495510000000,0,2,0x00,0x00,0x00,#000000
7.882523200000000,0,3,0x00,0x00,0x00,#000000
7.882550900000000,0,4,0x00,0x00,0x00,#000000
7.882578590000000,0,5,0x00,0x00,0x00,#000000
7.882606280000000,0,6,0x00,0x00,0x00,#000000
7.882633980000000,0,7,0x00,0x00,0x00,#000000
7.882661670000000,0,8,0x00,0x00,0x00,#000000
7.882689360000000,0,9,0x00,0x00,0x00,#000000
7.882717060000000,0,10,0x00,0x00,0x00,#000000
7.882744750000000,0,11,0x00,0x00,0x00,#000000
7.882772440000000,0,12,0x00,0x00,0x00,#000000
7.882800140000000,0,13,0x00,0x00,0x00,#000000
7.882827830000000,0,14,0x00,0x00,0x00,#000000
7.882855520000000,0,15,0x00,0x00,0x00,#000000
7.893349970000000,0,0,0x7E,0x00,0x00,#7e0000
7.893377660000000,0,1,0x00,0x00,0x00,#000000
7.893405360000000,0,2,0x00,0x00,0x00,#000000
7.893433050000000,0,3,0x00,0x00,0x00,#000000
7.893460740000000,0,4,0x00,0x00,0x00,#000000
7.893488430000000,0,5,0x00,0x00,0x00,#000000
7.893516130000000,0,6,0x00,0x00,0x00,#000000
7.893543820000000,0,7,0x00,0x00,0x00,#000000
7.893571520000000,0,8,0x00,0x00,0x00,#000000
7.893599210000000,0,9,0x00,0x00,0x00,#000000
7.893626900000000,0,10,0x00,0x00,0x00,#000000
7.893654590000000,0,11,0x00,0x00,0x00,#000000
7.893682290000000,0,12,0x00,0x00,0x00,#000000
7.893709980000000,0,13,0x00,0x00,0x00,#000000
7.893737670000000,0,14,0x00,0x00,0x00,#000000
7.893765360000000,0,15,0x00,0x00,0x00,#000000
7.904619440000000,0,0,0x7E,0x00,0x00,#7e0000
7.904647140000000,0,1,0x00,0x00,0x00,#000000
7.904674820000000,0,2,0x00,0x00,0x00,#000000
7.904702520000000,0,3,0x00,0x00,0x00,#000000
7.904730210000000,0,4,0x00,0x00,0x00,#000000
7.904757910000000,0,5,0x00,0x00,0x00,#000000
7.904785600000000,0,6,0x00,0x00,0x00,#000000
7.904813290000000,0,7,0x00,0x00,0x00,#000000
7.904840980000000,0,8,0x00,0x00,0x00,#000000
7.904868680000000,0,9,0x00,0x00,0x00,#000000
7.904896370000000,0,10,0x00,0x00,0x00,#000000
7.904924060000000,0,11,0x00,0x00,0x00,#000000
7.904951760000000,0,12,0x00,0x00,0x00,#000000
7.904979450000000,0,13,0x00,0x00,0x00,#000000
7.905007140000000,0,14,0x00,0x00,0x00,#000000
7.905034830000000,0,15,0x00,0x00,0x00,#000000
7.915446200000000,0,0,0x7E,0x00,0x00,#7e0000
7.915473900000000,0,1,0x00,0x00,0x00,#000000
7.915501590000000,0,2,0x00,0x00,0x00,#000000
7.915529290000000,0,3,0x00,0x00,0x00,#000000
7.915556980000000,0,4,0x00,0x00,0x00,#000000
7.915584670000000,0,5,0x00,0x00,0x00,#000000
7.915612360000000,0,6,0x00,0x00,0x00,#000000
7.915640060000000,0,7,0x00,0x00,0x00,#000000
7.915667750000000,0,8,0x00,0x00,0x00,#000000
7.915695440000000,0,9,0x00,0x00,0x00,#000000
7.915723140000000,0,10,0x00,0x00,0x00,#000000
7.915750830000000,0,11,0x00,0x00,0x00,#000000
7.915778520000000,0,12,0x00,0x00,0x00,#000000
7.915806210000000,0,13,0x00,0x00,0x00,#000000
7.915833910000000,0,14,0x00,0x00,0x00,#000000
7.915861600000000,0,15,0x00,0x00,0x00,#000000
7.926411150000000,0,0,0x7E,0x00,0x00,#7e0000
7.926438840000000,0,1,0x00,0x00,0x00,#000000
7.926466530000000,0,2,0x00,0x00,0x00,#000000
7.926494230000000,0,3,0x00,0x00,0x00,#000000
7.926521920000000,0,4,0x00,0x00,0x00,#000000
7.926549610000000,0,5,0x00,0x00,0x00,#000000
7.926577310000000,0,6,0x00,0x00,0x00,#000000
7.926605000000000,0,7,0x00,0x00,0x00,#000000
7.926632690000000,0,8,0x00,0x00,0x00,#000000
7.926660380000000,0,9,0x00,0x00,0x00,#000000
7.926688080000000,0,10,0x00,0x00,0x00,#000000
7.926715770000000,0,11,0x00,0x00,0x00,#000000
7.926743470000000,0,12,0x00,0x00,0x00,#000000
7.926771150000000,0,13,0x00,0x00,0x00,#000000
7.926798850000000,0,14,0x00,0x00,0x00,#000000
7.926826540000000,0,15,0x00,0x00,0x00,#000000
7.937451100000000,0,0,0x7E,0x00,0x00,#7e0000
7.937478780000000,0,1,0x00,0x00,0x00,#000000
7.937506480000000,0,2,0x00,0x00,0x00,#000000
7.937534170000000,0,3,0x00,0x00,0x00,#000000
7.937561870000000,0,4,0x00,0x00,0x00,#000000
7.937589550000000,0,5,0x00,0x00,0x00,#000000
7.937617250000000,0,6,0x00,0x00,0x00,#000000
7.937644940000000,0,7,0x00,0x00,0x00,#000000
7.937672640000000,0,8,0x00,0x00,0x00,#000000
7.937700330000000,0,9,0x00,0x00,0x00,#000000
7.937728020000000,0,10,0x00,0x00,0x00,#000000
7.937755710000000,0,11,0x00,0x00,0x00,#000000
7.937783410000000,0,12,0x00,0x00,0x00,#000000
7.937811100000000,0,13,0x00,0x00,0x00,#000000
7.937838790000000,0,14,0x00,0x00,0x00,#000000
7.937866490000000,0,15,0x00,0x00,0x00,#000000
7.948458290000000,0,0,0x7E,0x00,0x00,#7e0000
7.948485990000000,0,1,0x00,0x00,0x00,#000000
7.948513680000000,0,2,0x00,0x00,0x00,#000000
7.948541380000000,0,3,0x00,0x00,0x00,#000000
7.948569060000000,0,4,0x00,0x00,0x00,#000000
7.948596760000000,0,5,0x00,0x00,0x00,#000000
7.948624450000000,0,6,0x00,0x00,0x00,#000000
7.948652150000000,0,7,0x00,0x00,0x00,#000000
7.948679840000000,0,8,0x00,0x00,0x00,#000000
7.948707530000000,0,9,0x00,0x00,0x00,#000000
7.948735230000000,0,10,0x00,0x00,0x00,#000000
7.948762920000000,0,11,0x00,0x00,0x00,#000000
7.948790610000000,0,12,0x00,0x00,0x00,#000000
7.948818300000000,0,13,0x00,0x00,0x00,#000000
7.948846000000000,0,14,0x00,0x00,0x00,#000000
7.948873690000000,0,15,0x00,0x00,0x00,#000000
7.959350010000000,0,0,0x7E,0x00,0x00,#7e0000
7.959377710000000,0,1,0x00,0x00,0x00,#000000
7.959405400000000,0,2,0x00,0x00,0x00,#000000
7.959433090000000,0,3,0x00,0x00,0x00,#000000
7.959460790000000,0,4,0x00,0x00,0x00,#000000
7.959488480000000,0,5,0x00,0x00,0x00,#000000
7.959516170000000,0,6,0x00,0x00,0x00,#000000
7.959543860000000,0,7,0x00,0x00,0x00,#000000
7.959571560000000,0,8,0x00,0x00,0x00,#000000
7.959599250000000,0,9,0x00,0x00,0x00,#000000
7.959626950000000,0,10,0x00,0x00,0x00,#000000
7.959654640000000,0,11,0x00,0x00,0x00,#000000
7.959682330000000,0,12,0x00,0x00,0x00,#000000
7.959710020000000,0,13,0x00,0x00,0x00,#000000
7.959737720000000,0,14,0x00,0x00,0x00,#000000
7.959765410000000,0,15,0x00,0x00,0x00,#000000
7.970451210000000,0,0,0x7E,0x00,0x00,#7e0000
7.970478900000000,0,1,0x00,0x00,0x00,#000000
7.970506600000000,0,2,0x00,0x00,0x00,#000000
7.970534290000000,0,3,0x00,0x00,0x00,#000000
7.970561980000000,0,4,0x00,0x00,0x00,#000000
7.970589680000000,0,5,0x00,0x00,0x00,#000000
7.970617370000000,0,6,0x00,0x00,0x00,#000000
7.970645060000000,0,7,0x00,0x00,0x00,#000000
7.970672750000000,0,8,0x00,0x00,0x00,#000000
7.970700450000000,0,9,0x00,0x00,0x00,#000000
7.970728140000000,0,10,0x00,0x00,0x00,#000000
7.970755830000000,0,11,0x00,0x00,0x00,#000000
7.970783520000000,0,12,0x00,0x00,0x00,#000000
7.970811220000000,0,13,0x00,0x00,0x00,#000000
7.970838910000000,0,14,0x00,0x00,0x00,#000000
7.970866610000000,0,15,0x00,0x00,0x00,#000000
