Time [s], Packet ID, LED Index, Red, Green, Blue, Web-CSS
0.007203740000000,0,0,0x01,0x00,0x00,#010000
0.007231430000000,0,1,0x00,0x00,0x00,#000000
0.007259120000000,0,2,0x00,0x00,0x00,#000000
0.007286820000000,0,3,0x00,0x00,0x00,#000000
0.007314510000000,0,4,0x00,0x00,0x00,#000000
0.007342210000000,0,5,0x00,0x00,0x00,#000000
0.007369890000000,0,6,0x00,0x00,0x00,#000000
0.007397590000000,0,7,0x00,0x00,0x00,#000000
0.007425280000000,0,8,0x00,0x00,0x00,#000000
0.007452980000000,0,9,0x00,0x00,0x00,#000000
0.007480670000000,0,10,0x00,0x00,0x00,#000000
0.007508360000000,0,11,0x00,0x00,0x00,#000000
0.007536050000000,0,12,0x00,0x00,0x00,#000000
0.007563750000000,0,13,0x00,0x00,0x00,#000000
0.007591440000000,0,14,0x00,0x00,0x00,#000000
0.007619130000000,0,15,0x00,0x00,0x00,#000000
0.018101470000000,0,0,0x01,0x00,0x00,#010000
0.018129160000000,0,1,0x00,0x00,0x00,#000000
0.018156860000000,0,2,0x00,0x00,0x00,#000000
0.018184550000000,0,3,0x00,0x00,0x00,#000000
0.018212240000000,0,4,0x00,0x00,0x00,#000000
0.018239940000000,0,5,0x00,0x00,0x00,#000000
0.018267630000000,0,6,0x00,0x00,0x00,#000000
0.018295320000000,0,7,0x00,0x00,0x00,#000000
0.018323010000000,0,8,0x00,0x00,0x00,#000000
0.018350710000000,0,9,0x00,0x00,0x00,#000000
0.018378400000000,0,10,0x00,0x00,0x00,#000000
0.018406100000000,0,11,0x00,0x00,0x00,#000000
0.018433780000000,0,12,0x00,0x00,0x00,#000000
0.018461480000000,0,13,0x00,0x00,0x00,#000000
0.018489170000000,0,14,0x00,0x00,0x00,#000000
0.018516870000000,0,15,0x00,0x00,0x00,#000000
0.029344600000000,0,0,0x01,0x00,0x00,#010000
0.029372290000000,0,1,0x00,0x00,0x00,#000000
0.029399980000000,0,2,0x00,0x00,0x00,#000000
0.029427670000000,0,3,0x00,0x00,0x00,#000000
0.029455370000000,0,4,0x00,0x00,0x00,#000000
0.029483060000000,0,5,0x00,0x00,0x00,#000000
0.029510760000000,0,6,0x00,0x00,0x00,#000000
0.029538440000000,0,7,0x00,0x00,0x00,#000000
0.029566140000000,0,8,0x00,0x00,0x00,#000000
0.029593830000000,0,9,0x00,0x00,0x00,#000000
0.029621530000000,0,10,0x00,0x00,0x00,#000000
0.029649220000000,0,11,0x00,0x00,0x00,#000000
0.029676910000000,0,12,0x00,0x00,0x00,#000000
0.029704600000000,0,13,0x00,0x00,0x00,#000000
0.029732300000000,0,14,0x00,0x00,0x00,#000000
0.029759990000000,0,15,0x00,0x00,0x00,#000000
0.040204160000000,0,0,0x01,0x00,0x00,#010000
0.040231840000000,0,1,0x00,0x00,0x00,#000000
0.040259540000000,0,2,0x00,0x00,0x00,#000000
0.040287230000000,0,3,0x00,0x00,0x00,#000000
0.040314930000000,0,4,0x00,0x00,0x00,#000000
0.040342620000000,0,5,0x00,0x00,0x00,#000000
0.040370310000000,0,6,0x00,0x00,0x00,#000000
0.040398000000000,0,7,0x00,0x00,0x00,#000000
0.040425700000000,0,8,0x00,0x00,0x00,#000000
0.040453390000000,0,9,0x00,0x00,0x00,#000000
0.040481080000000,0,10,0x00,0x00,0x00,#000000
0.040508780000000,0,11,0x00,0x00,0x00,#000000
0.040536470000000,0,12,0x00,0x00,0x00,#000000
0.040564160000000,0,13,0x00,0x00,0x00,#000000
0.040591850000000,0,14,0x00,0x00,0x00,#000000
0.040619550000000,0,15,0x00,0x00,0x00,#000000
0.051102320000000,0,0,0x01,0x00,0x00,#010000
0.051130010000000,0,1,0x00,0x00,0x00,#000000
0.051157710000000,0,2,0x00,0x00,0x00,#000000
0.051185390000000,0,3,0x00,0x00,0x00,#000000
0.051213090000000,0,4,0x00,0x00,0x00,#000000
0.051240780000000,0,5,0x00,0x00,0x00,#000000
0.051268480000000,0,6,0x00,0x00,0x00,#000000
0.051296170000000,0,7,0x00,0x00,0x00,#000000
0.051323860000000,0,8,0x00,0x00,0x00,#000000
0.051351550000000,0,9,0x00,0x00,0x00,#000000
0.051379250000000,0,10,0x00,0x00,0x00,#000000
0.051406940000000,0,11,0x00,0x00,0x00,#000000
0.051434630000000,0,12,0x00,0x00,0x00,#000000
0.051462330000000,0,13,0x00,0x00,0x00,#000000
0.051490020000000,0,14,0x00,0x00,0x00,#000000
0.051517710000000,0,15,0x00,0x00,0x00,#000000
0.062219330000000,0,0,0x01,0x00,0x00,#010000
0.062247030000000,0,1,0x00,0x00,0x00,#000000
0.062274720000000,0,2,0x00,0x00,0x00,#000000
0.062302410000000,0,3,0x00,0x00,0x00,#000000
0.062330100000000,0,4,0x00,0x00,0x00,#000000
0.062357800000000,0,5,0x00,0x00,0x00,#000000
0.062385490000000,0,6,0x00,0x00,0x00,#000000
0.062413180000000,0,7,0x00,0x00,0x00,#000000
0.062440880000000,0,8,0x00,0x00,0x00,#000000
0.062468570000000,0,9,0x00,0x00,0x00,#000000
0.062496270000000,0,10,0x00,0x00,0x00,#000000
0.062523950000000,0,11,0x00,0x00,0x00,#000000
0.062551650000000,0,12,0x00,0x00,0x00,#000000
0.062579340000000,0,13,0x00,0x00,0x00,#000000
0.062607040000000,0,14,0x00,0x00,0x00,#000000
0.062634730000000,0,15,0x00,0x00,0x00,#000000
0.073194520000000,0,0,0x01,0x00,0x00,#010000
0.073222210000000,0,1,0x00,0x00,0x00,#000000
0.073249900000000,0,2,0x00,0x00,0x00,#000000
0.073277600000000,0,3,0x00,0x00,0x00,#000000
0.073305290000000,0,4,0x00,0x00,0x00,#000000
0.073332980000000,0,5,0x00,0x00,0x00,#000000
0.073360680000000,0,6,0x00,0x00,0x00,#000000
0.073388370000000,0,7,0x00,0x00,0x00,#000000
0.073416060000000,0,8,0x00,0x00,0x00,#000000
0.073443760000000,0,9,0x00,0x00,0x00,#000000
0.073471450000000,0,10,0x00,0x00,0x00,#000000
0.073499140000000,0,11,0x00,0x00,0x00,#000000
0.073526840000000,0,12,0x00,0x00,0x00,#000000
0.073554530000000,0,13,0x00,0x00,0x00,#000000
0.073582220000000,0,14,0x00,0x00,0x00,#000000
0.073609910000000,0,15,0x00,0x00,0x00,#000000
0.084103160000000,0,0,0x01,0x00,0x00,#010000
0.084130860000000,0,1,0x00,0x00,0x00,#000000
0.084158550000000,0,2,0x00,0x00,0x00,#000000
0.084186240000000,0,3,0x00,0x00,0x00,#000000
0.084213930000000,0,4,0x00,0x00,0x00,#000000
0.084241630000000,0,5,0x00,0x00,0x00,#000000
0.084269320000000,0,6,0x00,0x00,0x00,#000000
0.084297010000000,0,7,0x00,0x00,0x00,#000000
0.084324710000000,0,8,0x00,0x00,0x00,#000000
0.084352400000000,0,9,0x00,0x00,0x00,#000000
0.084380100000000,0,10,0x00,0x00,0x00,#000000
0.084407790000000,0,11,0x00,0x00,0x00,#000000
0.084435480000000,0,12,0x00,0x00,0x00,#000000
0.084463170000000,0,13,0x00,0x00,0x00,#000000
0.084490870000000,0,14,0x00,0x00,0x00,#000000
0.084518560000000,0,15,0x00,0x00,0x00,#000000
0.095209320000000,0,0,0x01,0x00,0x00,#010000
0.095237010000000,0,1,0x00,0x00,0x00,#000000
0.095264700000000,0,2,0x00,0x00,0x00,#000000
0.095292390000000,0,3,0x00,0x00,0x00,#000000
0.095320090000000,0,4,0x00,0x00,0x00,#000000
0.095347780000000,0,5,0x00,0x00,0x00,#000000
0.095375470000000,0,6,0x00,0x00,0x00,#000000
0.095403170000000,0,7,0x00,0x00,0x00,#000000
0.095430860000000,0,8,0x00,0x00,0x00,#000000
0.095458550000000,0,9,0x00,0x00,0x00,#000000
0.095486240000000,0,10,0x00,0x00,0x00,#000000
0.095513940000000,0,11,0x00,0x00,0x00,#000000
0.095541630000000,0,12,0x00,0x00,0x00,#000000
0.095569330000000,0,13,0x00,0x00,0x00,#000000
0.095597010000000,0,14,0x00,0x00,0x00,#000000
0.095624710000000,0,15,0x00,0x00,0x00,#000000
0.106120650000000,0,0,0x01,0x00,0x00,#010000
0.106148350000000,0,1,0x00,0x00,0x00,#000000
0.106176040000000,0,2,0x00,0x00,0x00,#000000
0.106203730000000,0,3,0x00,0x00,0x00,#000000
0.106231430000000,0,4,0x00,0x00,0x00,#000000
0.106259120000000,0,5,0x00,0x00,0x00,#000000
0.106286810000000,0,6,0x00,0x00,0x00,#000000
0.106314500000000,0,7,0x00,0x00,0x00,#000000
0.106342200000000,0,8,0x00,0x00,0x00,#000000
0.106369890000000,0,9,0x00,0x00,0x00,#000000
0.106397580000000,0,10,0x00,0x00,0x00,#000000
0.106425270000000,0,11,0x00,0x00,0x00,#000000
0.106452970000000,0,12,0x00,0x00,0x00,#000000
0.106480660000000,0,13,0x00,0x00,0x00,#000000
0.106508360000000,0,14,0x00,0x00,0x00,#000000
0.106536050000000,0,15,0x00,0x00,0x00,#000000
0.117190840000000,0,0,0x01,0x00,0x00,#010000
0.117218530000000,0,1,0x00,0x00,0x00,#000000
0.117246230000000,0,2,0x00,0x00,0x00,#000000
0.117273920000000,0,3,0x00,0x00,0x00,#000000
0.117301610000000,0,4,0x00,0x00,0x00,#000000
0.117329300000000,0,5,0x00,0x00,0x00,#000000
0.117357000000000,0,6,0x00,0x00,0x00,#000000
0.117384690000000,0,7,0x00,0x00,0x00,#000000
0.117412390000000,0,8,0x00,0x00,0x00,#000000
0.117440080000000,0,9,0x00,0x00,0x00,#000000
0.117467770000000,0,10,0x00,0x00,0x00,#000000
0.117495460000000,0,11,0x00,0x00,0x00,#000000
0.117523160000000,0,12,0x00,0x00,0x00,#000000
0.117550850000000,0,13,0x00,0x00,0x00,#000000
0.117578540000000,0,14,0x00,0x00,0x00,#000000
0.117606240000000,0,15,0x00,0x00,0x00,#000000
0.128210400000000,0,0,0x01,0x00,0x00,#010000
0.128238100000000,0,1,0x00,0x00,0x00,#000000
0.128265790000000,0,2,0x00,0x00,0x00,#000000
0.128293480000000,0,3,0x00,0x00,0x00,#000000
0.128321170000000,0,4,0x00,0x00,0x00,#000000
0.128348870000000,0,5,0x00,0x00,0x00,#000000
0.128376560000000,0,6,0x00,0x00,0x00,#000000
0.128404250000000,0,7,0x00,0x00,0x00,#000000
0.128431950000000,0,8,0x00,0x00,0x00,#000000
0.128459640000000,0,9,0x00,0x00,0x00,#000000
0.128487330000000,0,10,0x00,0x00,0x00,#000000
0.128515020000000,0,11,0x00,0x00,0x00,#000000
0.128542720000000,0,12,0x00,0x00,0x00,#000000
0.128570410000000,0,13,0x00,0x00,0x00,#000000
0.128598110000000,0,14,0x00,0x00,0x00,#000000
0.128625800000000,0,15,0x00,0x00,0x00,#000000
0.139198900000000,0,0,0x01,0x00,0x00,#010000
0.139226600000000,0,1,0x00,0x00,0x00,#000000
0.139254290000000,0,2,0x00,0x00,0x00,#000000
0.139281990000000,0,3,0x00,0x00,0x00,#000000
0.139309670000000,0,4,0x00,0x00,0x00,#000000
0.139337370000000,0,5,0x00,0x00,0x00,#000000
0.139365060000000,0,6,0x00,0x00,0x00,#000000
0.139392760000000,0,7,0x00,0x00,0x00,#000000
0.139420450000000,0,8,0x00,0x00,0x00,#000000
0.139448140000000,0,9,0x00,0x00,0x00,#000000
0.139475830000000,0,10,0x00,0x00,0x00,#000000
0.139503530000000,0,11,0x00,0x00,0x00,#000000
0.139531220000000,0,12,0x00,0x00,0x00,#000000
0.139558910000000,0,13,0x00,0x00,0x00,#000000
0.139586610000000,0,14,0x00,0x00,0x00,#000000
0.139614300000000,0,15,0x00,0x00,0x00,#000000
0.150104860000000,0,0,0x01,0x00,0x00,#010000
0.150132550000000,0,1,0x00,0x00,0x00,#000000
0.150160250000000,0,2,0x00,0x00,0x00,#000000
0.150187930000000,0,3,0x00,0x00,0x00,#000000
0.150215630000000,0,4,0x00,0x00,0x00,#000000
0.150243320000000,0,5,0x00,0x00,0x00,#000000
0.150271020000000,0,6,0x00,0x00,0x00,#000000
0.150298710000000,0,7,0x00,0x00,0x00,#000000
0.150326400000000,0,8,0x00,0x00,0x00,#000000
0.150354100000000,0,9,0x00,0x00,0x00,#000000
0.150381790000000,0,10,0x00,0x00,0x00,#000000
0.150409480000000,0,11,0x00,0x00,0x00,#000000
0.150437170000000,0,12,0x00,0x00,0x00,#000000
0.150464870000000,0,13,0x00,0x00,0x00,#000000
0.150492560000000,0,14,0x00,0x00,0x00,#000000
0.150520260000000,0,15,0x00,0x00,0x00,#000000
0.161206110000000,0,0,0x01,0x00,0x00,#010000
0.161233800000000,0,1,0x00,0x00,0x00,#000000
0.161261490000000,0,2,0x00,0x00,0x00,#000000
0.161289180000000,0,3,0x00,0x00,0x00,#000000
0.161316880000000,0,4,0x00,0x00,0x00,#000000
0.161344570000000,0,5,0x00,0x00,0x00,#000000
0.161372270000000,0,6,0x00,0x00,0x00,#000000
0.161399950000000,0,7,0x00,0x00,0x00,#000000
0.161427650000000,0,8,0x00,0x00,0x00,#000000
0.161455340000000,0,9,0x00,0x00,0x00,#000000
0.161483040000000,0,10,0x00,0x00,0x00,#000000
0.161510730000000,0,11,0x00,0x00,0x00,#000000
0.161538420000000,0,12,0x00,0x00,0x00,#000000
0.161566110000000,0,13,0x00,0x00,0x00,#000000
0.161593810000000,0,14,0x00,0x00,0x00,#000000
0.161621500000000,0,15,0x00,0x00,0x00,#000000
0.172205330000000,0,0,0x01,0x00,0x00,#010000
0.172233020000000,0,1,0x00,0x00,0x00,#000000
0.172260710000000,0,2,0x00,0x00,0x00,#000000
0.172288410000000,0,3,0x00,0x00,0x00,#000000
0.172316100000000,0,4,0x00,0x00,0x00,#000000
0.172343800000000,0,5,0x00,0x00,0x00,#000000
0.172371490000000,0,6,0x00,0x00,0x00,#000000
0.172399180000000,0,7,0x00,0x00,0x00,#000000
0.172426870000000,0,8,0x00,0x00,0x00,#000000
0.172454570000000,0,9,0x00,0x00,0x00,#000000
0.172482260000000,0,10,0x00,0x00,0x00,#000000
0.172509950000000,0,11,0x00,0x00,0x00,#000000
0.172537650000000,0,12,0x00,0x00,0x00,#000000
0.172565340000000,0,13,0x00,0x00,0x00,#000000
0.172593030000000,0,14,0x00,0x00,0x00,#000000
0.172620720000000,0,15,0x00,0x00,0x00,#000000
0.183105710000000,0,0,0x01,0x00,0x00,#010000
0.183133400000000,0,1,0x00,0x00,0x00,#000000
0.183161090000000,0,2,0x00,0x00,0x00,#000000
0.183188780000000,0,3,0x00,0x00,0x00,#000000
0.183216480000000,0,4,0x00,0x00,0x00,#000000
0.183244170000000,0,5,0x00,0x00,0x00,#000000
0.183271870000000,0,6,0x00,0x00,0x00,#000000
0.183299550000000,0,7,0x00,0x00,0x00,#000000
0.183327250000000,0,8,0x00,0x00,0x00,#000000
0.183354940000000,0,9,0x00,0x00,0x00,#000000
0.183382640000000,0,10,0x00,0x00,0x00,#000000
0.183410330000000,0,11,0x00,0x00,0x00,#000000
0.183438020000000,0,12,0x00,0x00,0x00,#000000
0.183465710000000,0,13,0x00,0x00,0x00,#000000
0.183493410000000,0,14,0x00,0x00,0x00,#000000
0.183521100000000,0,15,0x00,0x00,0x00,#000000
0.194347440000000,0,0,0x01,0x00,0x00,#010000
0.194375130000000,0,1,0x00,0x00,0x00,#000000
0.194402820000000,0,2,0x00,0x00,0x00,#000000
0.194430510000000,0,3,0x00,0x00,0x00,#000000
0.194458210000000,0,4,0x00,0x00,0x00,#000000
0.194485900000000,0,5,0x00,0x00,0x00,#000000
0.194513590000000,0,6,0x00,0x00,0x00,#000000
0.194541290000000,0,7,0x00,0x00,0x00,#000000
0.194568980000000,0,8,0x00,0x00,0x00,#000000
0.194596670000000,0,9,0x00,0x00,0x00,#000000
0.194624370000000,0,10,0x00,0x00,0x00,#000000
0.194652060000000,0,11,0x00,0x00,0x00,#000000
0.194679750000000,0,12,0x00,0x00,0x00,#000000
0.194707450000000,0,13,0x00,0x00,0x00,#000000
0.194735140000000,0,14,0x00,0x00,0x00,#000000
0.194762830000000,0,15,0x00,0x00,0x00,#000000
0.205207520000000,0,0,0x01,0x00,0x00,#010000
0.205235220000000,0,1,0x00,0x00,0x00,#000000
0.205262910000000,0,2,0x00,0x00,0x00,#000000
0.205290600000000,0,3,0x00,0x00,0x00,#000000
0.205318290000000,0,4,0x00,0x00,0x00,#000000
0.205345990000000,0,5,0x00,0x00,0x00,#000000
0.205373680000000,0,6,0x00,0x00,0x00,#000000
0.205401370000000,0,7,0x00,0x00,0x00,#000000
0.205429070000000,0,8,0x00,0x00,0x00,#000000
0.205456760000000,0,9,0x00,0x00,0x00,#000000
0.205484450000000,0,10,0x00,0x00,0x00,#000000
0.205512150000000,0,11,0x00,0x00,0x00,#000000
0.205539840000000,0,12,0x00,0x00,0x00,#000000
0.205567530000000,0,13,0x00,0x00,0x00,#000000
0.205595230000000,0,14,0x00,0x00,0x00,#000000
0.205622920000000,0,15,0x00,0x00,0x00,#000000
0.216158670000000,0,0,0x01,0x00,0x00,#010000
0.216186360000000,0,1,0x00,0x00,0x00,#000000
0.216214050000000,0,2,0x00,0x00,0x00,#000000
0.216241750000000,0,3,0x00,0x00,0x00,#000000
0.216269440000000,0,4,0x00,0x00,0x00,#000000
0.216297130000000,0,5,0x00,0x00,0x00,#000000
0.216324830000000,0,6,0x00,0x00,0x00,#000000
0.216352520000000,0,7,0x00,0x00,0x00,#000000
0.216380220000000,0,8,0x00,0x00,0x00,#000000
0.216407900000000,0,9,0x00,0x00,0x00,#000000
0.216435600000000,0,10,0x00,0x00,0x00,#000000
0.216463290000000,0,11,0x00,0x00,0x00,#000000
0.216490990000000,0,12,0x00,0x00,0x00,#000000
0.216518680000000,0,13,0x00,0x00,0x00,#000000
0.216546370000000,0,14,0x00,0x00,0x00,#000000
0.216574060000000,0,15,0x00,0x00,0x00,#000000
0.227215440000000,0,0,0x01,0x00,0x00,#010000
0.227243140000000,0,1,0x00,0x00,0x00,#000000
0.227270830000000,0,2,0x00,0x00,0x00,#000000
0.227298520000000,0,3,0x00,0x00,0x00,#000000
0.227326210000000,0,4,0x00,0x00,0x00,#000000
0.227353910000000,0,5,0x00,0x00,0x00,#000000
0.227381600000000,0,6,0x00,0x00,0x00,#000000
0.227409290000000,0,7,0x00,0x00,0x00,#000000
0.227436990000000,0,8,0x00,0x00,0x00,#000000
0.227464680000000,0,9,0x00,0x00,0x00,#000000
0.227492380000000,0,10,0x00,0x00,0x00,#000000
0.227520060000000,0,11,0x00,0x00,0x00,#000000
0.227547760000000,0,12,0x00,0x00,0x00,#000000
0.227575450000000,0,13,0x00,0x00,0x00,#000000
0.227603150000000,0,14,0x00,0x00,0x00,#000000
0.227630840000000,0,15,0x00,0x00,0x00,#000000
0.238202940000000,0,0,0x01,0x00,0x00,#010000
0.238230630000000,0,1,0x00,0x00,0x00,#000000
0.238258320000000,0,2,0x00,0x00,0x00,#000000
0.238286020000000,0,3,0x00,0x00,0x00,#000000
0.238313710000000,0,4,0x00,0x00,0x00,#000000
0.238341400000000,0,5,0x00,0x00,0x00,#000000
0.238369090000000,0,6,0x00,0x00,0x00,#000000
0.238396790000000,0,7,0x00,0x00,0x00,#000000
0.238424480000000,0,8,0x00,0x00,0x00,#000000
0.238452180000000,0,9,0x00,0x00,0x00,#000000
0.238479870000000,0,10,0x00,0x00,0x00,#000000
0.238507560000000,0,11,0x00,0x00,0x00,#000000
0.238535250000000,0,12,0x00,0x00,0x00,#000000
0.238562950000000,0,13,0x00,0x00,0x00,#000000
0.238590640000000,0,14,0x00,0x00,0x00,#000000
0.238618330000000,0,15,0x00,0x00,0x00,#000000
0.249107540000000,0,0,0x01,0x00,0x00,#010000
0.249135240000000,0,1,0x00,0x00,0x00,#000000
0.249162930000000,0,2,0x00,0x00,0x00,#000000
0.249190620000000,0,3,0x00,0x00,0x00,#000000
0.249218320000000,0,4,0x00,0x00,0x00,#000000
0.249246010000000,0,5,0x00,0x00,0x00,#000000
0.249273700000000,0,6,0x00,0x00,0x00,#000000
0.249301400000000,0,7,0x00,0x00,0x00,#000000
0.249329090000000,0,8,0x00,0x00,0x00,#000000
0.249356780000000,0,9,0x00,0x00,0x00,#000000
0.249384480000000,0,10,0x00,0x00,0x00,#000000
0.249412170000000,0,11,0x00,0x00,0x00,#000000
0.249439860000000,0,12,0x00,0x00,0x00,#000000
0.249467550000000,0,13,0x00,0x00,0x00,#000000
0.249495250000000,0,14,0x00,0x00,0x00,#000000
0.249522940000000,0,15,0x00,0x00,0x00,#000000
0.260210810000000,0,0,0x01,0x00,0x00,#010000
0.260238500000000,0,1,0x00,0x00,0x00,#000000
0.260266200000000,0,2,0x00,0x00,0x00,#000000
0.260293890000000,0,3,0x00,0x00,0x00,#000000
0.260321580000000,0,4,0x00,0x00,0x00,#000000
0.260349280000000,0,5,0x00,0x00,0x00,#000000
0.260376970000000,0,6,0x00,0x00,0x00,#000000
0.260404660000000,0,7,0x00,0x00,0x00,#000000
0.260432350000000,0,8,0x00,0x00,0x00,#000000
0.260460050000000,0,9,0x00,0x00,0x00,#000000
0.260487740000000,0,10,0x00,0x00,0x00,#000000
0.260515440000000,0,11,0x00,0x00,0x00,#000000
0.260543120000000,0,12,0x00,0x00,0x00,#000000
0.260570820000000,0,13,0x00,0x00,0x00,#000000
0.260598510000000,0,14,0x00,0x00,0x00,#000000
0.260626210000000,0,15,0x00,0x00,0x00,#000000
0.271208840000000,0,0,0x01,0x00,0x00,#010000
0.271236520000000,0,1,0x00,0x00,0x00,#000000
0.271264220000000,0,2,0x00,0x00,0x00,#000000
0.271291910000000,0,3,0x00,0x00,0x00,#000000
0.271319610000000,0,4,0x00,0x00,0x00,#000000
0.271347300000000,0,5,0x00,0x00,0x00,#000000
0.271374990000000,0,6,0x00,0x00,0x00,#000000
0.271402680000000,0,7,0x00,0x00,0x00,#000000
0.271430380000000,0,8,0x00,0x00,0x00,#000000
0.271458070000000,0,9,0x00,0x00,0x00,#000000
0.271485760000000,0,10,0x00,0x00,0x00,#000000
0.271513450000000,0,11,0x00,0x00,0x00,#000000
0.271541150000000,0,12,0x00,0x00,0x00,#000000
0.271568840000000,0,13,0x00,0x00,0x00,#000000
0.271596530000000,0,14,0x00,0x00,0x00,#000000
0.271624230000000,0,15,0x00,0x00,0x00,#000000
0.282108250000000,0,0,0x01,0x00,0x00,#010000
0.282135940000000,0,1,0x00,0x00,0x00,#000000
0.282163630000000,0,2,0x00,0x00,0x00,#000000
0.282191320000000,0,3,0x00,0x00,0x00,#000000
0.282219020000000,0,4,0x00,0x00,0x00,#000000
0.282246710000000,0,5,0x00,0x00,0x00,#000000
0.282274410000000,0,6,0x00,0x00,0x00,#000000
0.282302090000000,0,7,0x00,0x00,0x00,#000000
0.282329790000000,0,8,0x00,0x00,0x00,#000000
0.282357480000000,0,9,0x00,0x00,0x00,#000000
0.282385180000000,0,10,0x00,0x00,0x00,#000000
0.282412870000000,0,11,0x00,0x00,0x00,#000000
0.282440560000000,0,12,0x00,0x00,0x00,#000000
0.282468260000000,0,13,0x00,0x00,0x00,#000000
0.282495950000000,0,14,0x00,0x00,0x00,#000000
0.282523640000000,0,15,0x00,0x00,0x00,#000000
0.293219880000000,0,0,0x01,0x00,0x00,#010000
0.293247570000000,0,1,0x00,0x00,0x00,#000000
0.293275260000000,0,2,0x00,0x00,0x00,#000000
0.293302960000000,0,3,0x00,0x00,0x00,#000000
0.293330650000000,0,4,0x00,0x00,0x00,#000000
0.293358340000000,0,5,0x00,0x00,0x00,#000000
0.293386040000000,0,6,0x00,0x00,0x00,#000000
0.293413730000000,0,7,0x00,0x00,0x00,#000000
0.293441420000000,0,8,0x00,0x00,0x00,#000000
0.293469110000000,0,9,0x00,0x00,0x00,#000000
0.293496810000000,0,10,0x00,0x00,0x00,#000000
0.293524500000000,0,11,0x00,0x00,0x00,#000000
0.293552200000000,0,12,0x00,0x00,0x00,#000000
0.293579880000000,0,13,0x00,0x00,0x00,#000000
0.293607580000000,0,14,0x00,0x00,0x00,#000000
0.293635270000000,0,15,0x00,0x00,0x00,#000000
0.304202900000000,0,0,0x01,0x00,0x00,#010000
0.304230600000000,0,1,0x00,0x00,0x00,#000000
0.304258280000000,0,2,0x00,0x00,0x00,#000000
0.304285980000000,0,3,0x00,0x00,0x00,#000000
0.304313670000000,0,4,0x00,0x00,0x00,#000000
0.304341370000000,0,5,0x00,0x00,0x00,#000000
0.304369060000000,0,6,0x00,0x00,0x00,#000000
0.304396750000000,0,7,0x00,0x00,0x00,#000000
0.304424440000000,0,8,0x00,0x00,0x00,#000000
0.304452140000000,0,9,0x00,0x00,0x00,#000000
0.304479830000000,0,10,0x00,0x00,0x00,#000000
0.304507520000000,0,11,0x00,0x00,0x00,#000000
0.304535220000000,0,12,0x00,0x00,0x00,#000000
0.304562910000000,0,13,0x00,0x00,0x00,#000000
0.304590600000000,0,14,0x00,0x00,0x00,#000000
0.304618290000000,0,15,0x00,0x00,0x00,#000000
0.315109090000000,0,0,0x01,0x00,0x00,#010000
0.315136790000000,0,1,0x00,0x00,0x00,#000000
0.315164480000000,0,2,0x00,0x00,0x00,#000000
0.315192170000000,0,3,0x00,0x00,0x00,#000000
0.315219860000000,0,4,0x00,0x00,0x00,#000000
0.315247560000000,0,5,0x00,0x00,0x00,#000000
0.315275250000000,0,6,0x00,0x00,0x00,#000000
0.315302940000000,0,7,0x00,0x00,0x00,#000000
0.315330640000000,0,8,0x00,0x00,0x00,#000000
0.315358330000000,0,9,0x00,0x00,0x00,#000000
0.315386030000000,0,10,0x00,0x00,0x00,#000000
0.315413720000000,0,11,0x00,0x00,0x00,#000000
0.315441410000000,0,12,0x00,0x00,0x00,#000000
0.315469100000000,0,13,0x00,0x00,0x00,#000000
0.315496800000000,0,14,0x00,0x00,0x00,#000000
0.315524490000000,0,15,0x00,0x00,0x00,#000000
0.326393710000000,0,0,0x01,0x00,0x00,#010000
0.326421400000000,0,1,0x00,0x00,0x00,#000000
0.326449100000000,0,2,0x00,0x00,0x00,#000000
0.326476790000000,0,3,0x00,0x00,0x00,#000000
0.326504480000000,0,4,0x00,0x00,0x00,#000000
0.326532170000000,0,5,0x00,0x00,0x00,#000000
0.326559870000000,0,6,0x00,0x00,0x00,#000000
0.326587560000000,0,7,0x00,0x00,0x00,#000000
0.326615260000000,0,8,0x00,0x00,0x00,#000000
0.326642950000000,0,9,0x00,0x00,0x00,#000000
0.326670640000000,0,10,0x00,0x00,0x00,#000000
0.326698330000000,0,11,0x00,0x00,0x00,#000000
0.326726030000000,0,12,0x00,0x00,0x00,#000000
0.326753720000000,0,13,0x00,0x00,0x00,#000000
0.326781410000000,0,14,0x00,0x00,0x00,#000000
0.326809110000000,0,15,0x00,0x00,0x00,#000000
0.337201390000000,0,0,0x01,0x00,0x00,#010000
0.337229090000000,0,1,0x00,0x00,0x00,#000000
0.337256780000000,0,2,0x00,0x00,0x00,#000000
0.337284470000000,0,3,0x00,0x00,0x00,#000000
0.337312160000000,0,4,0x00,0x00,0x00,#000000
0.337339860000000,0,5,0x00,0x00,0x00,#000000
0.337367550000000,0,6,0x00,0x00,0x00,#000000
0.337395240000000,0,7,0x00,0x00,0x00,#000000
0.337422930000000,0,8,0x00,0x00,0x00,#000000
0.337450630000000,0,9,0x00,0x00,0x00,#000000
0.337478320000000,0,10,0x00,0x00,0x00,#000000
0.337506010000000,0,11,0x00,0x00,0x00,#000000
0.337533710000000,0,12,0x00,0x00,0x00,#000000
0.337561400000000,0,13,0x00,0x00,0x00,#000000
0.337589100000000,0,14,0x00,0x00,0x00,#000000
0.337616790000000,0,15,0x00,0x00,0x00,#000000
0.348109940000000,0,0,0x01,0x00,0x00,#010000
0.348137630000000,0,1,0x00,0x00,0x00,#000000
0.348165330000000,0,2,0x00,0x00,0x00,#000000
0.348193020000000,0,3,0x00,0x00,0x00,#000000
0.348220710000000,0,4,0x00,0x00,0x00,#000000
0.348248410000000,0,5,0x00,0x00,0x00,#000000
0.348276100000000,0,6,0x00,0x00,0x00,#000000
0.348303790000000,0,7,0x00,0x00,0x00,#000000
0.348331480000000,0,8,0x00,0x00,0x00,#000000
0.348359180000000,0,9,0x00,0x00,0x00,#000000
0.348386870000000,0,10,0x00,0x00,0x00,#000000
0.348414570000000,0,11,0x00,0x00,0x00,#000000
0.348442260000000,0,12,0x00,0x00,0x00,#000000
0.348469950000000,0,13,0x00,0x00,0x00,#000000
0.348497640000000,0,14,0x00,0x00,0x00,#000000
0.348525340000000,0,15,0x00,0x00,0x00,#000000
0.359216810000000,0,0,0x01,0x00,0x00,#010000
0.359244510000000,0,1,0x00,0x00,0x00,#000000
0.359272200000000,0,2,0x00,0x00,0x00,#000000
0.359299890000000,0,3,0x00,0x00,0x00,#000000
0.359327580000000,0,4,0x00,0x00,0x00,#000000
0.359355280000000,0,5,0x00,0x00,0x00,#000000
0.359382970000000,0,6,0x00,0x00,0x00,#000000
0.359410660000000,0,7,0x00,0x00,0x00,#000000
0.359438360000000,0,8,0x00,0x00,0x00,#000000
0.359466050000000,0,9,0x00,0x00,0x00,#000000
0.359493750000000,0,10,0x00,0x00,0x00,#000000
0.359521430000000,0,11,0x00,0x00,0x00,#000000
0.359549130000000,0,12,0x00,0x00,0x00,#000000
0.359576820000000,0,13,0x00,0x00,0x00,#000000
0.359604520000000,0,14,0x00,0x00,0x00,#000000
0.359632200000000,0,15,0x00,0x00,0x00,#000000
0.370215130000000,0,0,0x01,0x00,0x00,#010000
0.370242820000000,0,1,0x00,0x00,0x00,#000000
0.370270510000000,0,2,0x00,0x00,0x00,#000000
0.370298200000000,0,3,0x00,0x00,0x00,#000000
0.370325900000000,0,4,0x00,0x00,0x00,#000000
0.370353590000000,0,5,0x00,0x00,0x00,#000000
0.370381280000000,0,6,0x00,0x00,0x00,#000000
0.370408980000000,0,7,0x00,0x00,0x00,#000000
0.370436670000000,0,8,0x00,0x00,0x00,#000000
0.370464360000000,0,9,0x00,0x00,0x00,#000000
0.370492050000000,0,10,0x00,0x00,0x00,#000000
0.370519750000000,0,11,0x00,0x00,0x00,#000000
0.370547440000000,0,12,0x00,0x00,0x00,#000000
0.370575140000000,0,13,0x00,0x00,0x00,#000000
0.370602820000000,0,14,0x00,0x00,0x00,#000000
0.370630520000000,0,15,0x00,0x00,0x00,#000000
0.381110790000000,0,0,0x01,0x00,0x00,#010000
0.381138480000000,0,1,0x00,0x00,0x00,#000000
0.381166180000000,0,2,0x00,0x00,0x00,#000000
0.381193860000000,0,3,0x00,0x00,0x00,#000000
0.381221560000000,0,4,0x00,0x00,0x00,#000000
0.381249250000000,0,5,0x00,0x00,0x00,#000000
0.381276950000000,0,6,0x00,0x00,0x00,#000000
0.381304640000000,0,7,0x00,0x00,0x00,#000000
0.381332330000000,0,8,0x00,0x00,0x00,#000000
0.381360030000000,0,9,0x00,0x00,0x00,#000000
0.381387720000000,0,10,0x00,0x00,0x00,#000000
0.381415410000000,0,11,0x00,0x00,0x00,#000000
0.381443100000000,0,12,0x00,0x00,0x00,#000000
0.381470800000000,0,13,0x00,0x00,0x00,#000000
0.381498490000000,0,14,0x00,0x00,0x00,#000000
0.381526190000000,0,15,0x00,0x00,0x00,#000000
0.392221790000000,0,0,0x01,0x00,0x00,#010000
0.392249490000000,0,1,0x00,0x00,0x00,#000000
0.392277180000000,0,2,0x00,0x00,0x00,#000000
0.392304880000000,0,3,0x00,0x00,0x00,#000000
0.392332570000000,0,4,0x00,0x00,0x00,#000000
0.392360260000000,0,5,0x00,0x00,0x00,#000000
0.392387950000000,0,6,0x00,0x00,0x00,#000000
0.392415650000000,0,7,0x00,0x00,0x00,#000000
0.392443340000000,0,8,0x00,0x00,0x00,#000000
0.392471030000000,0,9,0x00,0x00,0x00,#000000
0.392498720000000,0,10,0x00,0x00,0x00,#000000
0.392526420000000,0,11,0x00,0x00,0x00,#000000
0.392554110000000,0,12,0x00,0x00,0x00,#000000
0.392581800000000,0,13,0x00,0x00,0x00,#000000
0.392609500000000,0,14,0x00,0x00,0x00,#000000
0.392637190000000,0,15,0x00,0x00,0x00,#000000
0.403212660000000,0,0,0x01,0x00,0x00,#010000
0.403240350000000,0,1,0x00,0x00,0x00,#000000
0.403268040000000,0,2,0x00,0x00,0x00,#000000
0.403295730000000,0,3,0x00,0x00,0x00,#000000
0.403323430000000,0,4,0x00,0x00,0x00,#000000
0.403351120000000,0,5,0x00,0x00,0x00,#000000
0.403378810000000,0,6,0x00,0x00,0x00,#000000
0.403406500000000,0,7,0x00,0x00,0x00,#000000
0.403434200000000,0,8,0x00,0x00,0x00,#000000
0.403461890000000,0,9,0x00,0x00,0x00,#000000
0.403489580000000,0,10,0x00,0x00,0x00,#000000
0.403517280000000,0,11,0x00,0x00,0x00,#000000
0.403544970000000,0,12,0x00,0x00,0x00,#000000
0.403572660000000,0,13,0x00,0x00,0x00,#000000
0.403600360000000,0,14,0x00,0x00,0x00,#000000
0.403628050000000,0,15,0x00,0x00,0x00,#000000
0.414111640000000,0,0,0x01,0x00,0x00,#010000
0.414139330000000,0,1,0x00,0x00,0x00,#000000
0.414167020000000,0,2,0x00,0x00,0x00,#000000
0.414194710000000,0,3,0x00,0x00,0x00,#000000
0.414222410000000,0,4,0x00,0x00,0x00,#000000
0.414250100000000,0,5,0x00,0x00,0x00,#000000
0.414277800000000,0,6,0x00,0x00,0x00,#000000
0.414305480000000,0,7,0x00,0x00,0x00,#000000
0.414333180000000,0,8,0x00,0x00,0x00,#000000
0.414360870000000,0,9,0x00,0x00,0x00,#000000
0.414388570000000,0,10,0x00,0x00,0x00,#000000
0.414416260000000,0,11,0x00,0x00,0x00,#000000
0.414443950000000,0,12,0x00,0x00,0x00,#000000
0.414471640000000,0,13,0x00,0x00,0x00,#000000
0.414499340000000,0,14,0x00,0x00,0x00,#000000
0.414527030000000,0,15,0x00,0x00,0x00,#000000
0.425216970000000,0,0,0x01,0x00,0x00,#010000
0.425244660000000,0,1,0x00,0x00,0x00,#000000
0.425272350000000,0,2,0x00,0x00,0x00,#000000
0.425300050000000,0,3,0x00,0x00,0x00,#000000
0.425327740000000,0,4,0x00,0x00,0x00,#000000
0.425355440000000,0,5,0x00,0x00,0x00,#000000
0.425383120000000,0,6,0x00,0x00,0x00,#000000
0.425410820000000,0,7,0x00,0x00,0x00,#000000
0.425438510000000,0,8,0x00,0x00,0x00,#000000
0.425466210000000,0,9,0x00,0x00,0x00,#000000
0.425493900000000,0,10,0x00,0x00,0x00,#000000
0.425521590000000,0,11,0x00,0x00,0x00,#000000
0.425549280000000,0,12,0x00,0x00,0x00,#000000
0.425576980000000,0,13,0x00,0x00,0x00,#000000
0.425604670000000,0,14,0x00,0x00,0x00,#000000
0.425632360000000,0,15,0x00,0x00,0x00,#000000
0.436213220000000,0,0,0x01,0x00,0x00,#010000
0.436240900000000,0,1,0x00,0x00,0x00,#000000
0.436268600000000,0,2,0x00,0x00,0x00,#000000
0.436296290000000,0,3,0x00,0x00,0x00,#000000
0.436323990000000,0,4,0x00,0x00,0x00,#000000
0.436351670000000,0,5,0x00,0x00,0x00,#000000
0.436379370000000,0,6,0x00,0x00,0x00,#000000
0.436407060000000,0,7,0x00,0x00,0x00,#000000
0.436434760000000,0,8,0x00,0x00,0x00,#000000
0.436462450000000,0,9,0x00,0x00,0x00,#000000
0.436490140000000,0,10,0x00,0x00,0x00,#000000
0.436517830000000,0,11,0x00,0x00,0x00,#000000
0.436545530000000,0,12,0x00,0x00,0x00,#000000
0.436573220000000,0,13,0x00,0x00,0x00,#000000
0.436600910000000,0,14,0x00,0x00,0x00,#000000
0.436628610000000,0,15,0x00,0x00,0x00,#000000
0.447112480000000,0,0,0x01,0x00,0x00,#010000
0.447140180000000,0,1,0x00,0x00,0x00,#000000
0.447167870000000,0,2,0x00,0x00,0x00,#000000
0.447195560000000,0,3,0x00,0x00,0x00,#000000
0.447223250000000,0,4,0x00,0x00,0x00,#000000
0.447250950000000,0,5,0x00,0x00,0x00,#000000
0.447278640000000,0,6,0x00,0x00,0x00,#000000
0.447306330000000,0,7,0x00,0x00,0x00,#000000
0.447334030000000,0,8,0x00,0x00,0x00,#000000
0.447361720000000,0,9,0x00,0x00,0x00,#000000
0.447389410000000,0,10,0x00,0x00,0x00,#000000
0.447417110000000,0,11,0x00,0x00,0x00,#000000
0.447444800000000,0,12,0x00,0x00,0x00,#000000
0.447472490000000,0,13,0x00,0x00,0x00,#000000
0.447500190000000,0,14,0x00,0x00,0x00,#000000
0.447527880000000,0,15,0x00,0x00,0x00,#000000
0.458211180000000,0,0,0x01,0x00,0x00,#010000
0.458238870000000,0,1,0x00,0x00,0x00,#000000
0.458266570000000,0,2,0x00,0x00,0x00,#000000
0.458294260000000,0,3,0x00,0x00,0x00,#000000
0.458321950000000,0,4,0x00,0x00,0x00,#000000
0.458349650000000,0,5,0x00,0x00,0x00,#000000
0.458377340000000,0,6,0x00,0x00,0x00,#000000
0.458405030000000,0,7,0x00,0x00,0x00,#000000
0.458432720000000,0,8,0x00,0x00,0x00,#000000
0.458460420000000,0,9,0x00,0x00,0x00,#000000
0.458488110000000,0,10,0x00,0x00,0x00,#000000
0.458515810000000,0,11,0x00,0x00,0x00,#000000
0.458543490000000,0,12,0x00,0x00,0x00,#000000
0.458571190000000,0,13,0x00,0x00,0x00,#000000
0.458598880000000,0,14,0x00,0x00,0x00,#000000
0.458626580000000,0,15,0x00,0x00,0x00,#000000
0.469239210000000,0,0,0x01,0x00,0x00,#010000
0.469266890000000,0,1,0x00,0x00,0x00,#000000
0.469294590000000,0,2,0x00,0x00,0x00,#000000
0.469322280000000,0,3,0x00,0x00,0x00,#000000
0.469349980000000,0,4,0x00,0x00,0x00,#000000
0.469377670000000,0,5,0x00,0x00,0x00,#000000
0.469405360000000,0,6,0x00,0x00,0x00,#000000
0.469433050000000,0,7,0x00,0x00,0x00,#000000
0.469460750000000,0,8,0x00,0x00,0x00,#000000
0.469488440000000,0,9,0x00,0x00,0x00,#000000
0.469516130000000,0,10,0x00,0x00,0x00,#000000
0.469543830000000,0,11,0x00,0x00,0x00,#000000
0.469571520000000,0,12,0x00,0x00,0x00,#000000
0.469599220000000,0,13,0x00,0x00,0x00,#000000
0.469626900000000,0,14,0x00,0x00,0x00,#000000
0.469654600000000,0,15,0x00,0x00,0x00,#000000
0.480156360000000,0,0,0x01,0x00,0x00,#010000
0.480184050000000,0,1,0x00,0x00,0x00,#000000
0.480211740000000,0,2,0x00,0x00,0x00,#000000
0.480239440000000,0,3,0x00,0x00,0x00,#000000
0.480267130000000,0,4,0x00,0x00,0x00,#000000
0.480294830000000,0,5,0x00,0x00,0x00,#000000
0.480322520000000,0,6,0x00,0x00,0x00,#000000
0.480350210000000,0,7,0x00,0x00,0x00,#000000
0.480377900000000,0,8,0x00,0x00,0x00,#000000
0.480405600000000,0,9,0x00,0x00,0x00,#000000
0.480433290000000,0,10,0x00,0x00,0x00,#000000
0.480460980000000,0,11,0x00,0x00,0x00,#000000
0.480488680000000,0,12,0x00,0x00,0x00,#000000
0.480516370000000,0,13,0x00,0x00,0x00,#000000
0.480544060000000,0,14,0x00,0x00,0x00,#000000
0.480571750000000,0,15,0x00,0x00,0x00,#000000
0.491222080000000,0,0,0x01,0x00,0x00,#010000
0.491249770000000,0,1,0x00,0x00,0x00,#000000
0.491277460000000,0,2,0x00,0x00,0x00,#000000
0.491305150000000,0,3,0x00,0x00,0x00,#000000
0.491332850000000,0,4,0x00,0x00,0x00,#000000
0.491360540000000,0,5,0x00,0x00,0x00,#000000
0.491388240000000,0,6,0x00,0x00,0x00,#000000
0.491415930000000,0,7,0x00,0x00,0x00,#000000
0.491443620000000,0,8,0x00,0x00,0x00,#000000
0.491471310000000,0,9,0x00,0x00,0x00,#000000
0.491499010000000,0,10,0x00,0x00,0x00,#000000
0.491526700000000,0,11,0x00,0x00,0x00,#000000
0.491554390000000,0,12,0x00,0x00,0x00,#000000
0.491582090000000,0,13,0x00,0x00,0x00,#000000
0.491609780000000,0,14,0x00,0x00,0x00,#000000
0.491637470000000,0,15,0x00,0x00,0x00,#000000
0.502213270000000,0,0,0x01,0x00,0x00,#010000
0.502240970000000,0,1,0x00,0x00,0x00,#000000
0.502268660000000,0,2,0x00,0x00,0x00,#000000
0.502296350000000,0,3,0x00,0x00,0x00,#000000
0.502324040000000,0,4,0x00,0x00,0x00,#000000
0.502351740000000,0,5,0x00,0x00,0x00,#000000
0.502379430000000,0,6,0x00,0x00,0x00,#000000
0.502407120000000,0,7,0x00,0x00,0x00,#000000
0.502434810000000,0,8,0x00,0x00,0x00,#000000
0.502462510000000,0,9,0x00,0x00,0x00,#000000
0.502490200000000,0,10,0x00,0x00,0x00,#000000
0.502517900000000,0,11,0x00,0x00,0x00,#000000
0.502545590000000,0,12,0x00,0x00,0x00,#000000
0.502573280000000,0,13,0x00,0x00,0x00,#000000
0.502600980000000,0,14,0x00,0x00,0x00,#000000
0.502628670000000,0,15,0x00,0x00,0x00,#000000
0.513114180000000,0,0,0x01,0x00,0x00,#010000
0.513141870000000,0,1,0x00,0x00,0x00,#000000
0.513169560000000,0,2,0x00,0x00,0x00,#000000
0.513197250000000,0,3,0x00,0x00,0x00,#000000
0.513224950000000,0,4,0x00,0x00,0x00,#000000
0.513252640000000,0,5,0x00,0x00,0x00,#000000
0.513280340000000,0,6,0x00,0x00,0x00,#000000
0.513308020000000,0,7,0x00,0x00,0x00,#000000
0.513335720000000,0,8,0x00,0x00,0x00,#000000
0.513363410000000,0,9,0x00,0x00,0x00,#000000
0.513391110000000,0,10,0x00,0x00,0x00,#000000
0.513418800000000,0,11,0x00,0x00,0x00,#000000
0.513446490000000,0,12,0x00,0x00,0x00,#000000
0.513474190000000,0,13,0x00,0x00,0x00,#000000
0.513501880000000,0,14,0x00,0x00,0x00,#000000
0.513529570000000,0,15,0x00,0x00,0x00,#000000
0.524221340000000,0,0,0x01,0x00,0x00,#010000
0.524249030000000,0,1,0x00,0x00,0x00,#000000
0.524276730000000,0,2,0x00,0x00,0x00,#000000
0.524304410000000,0,3,0x00,0x00,0x00,#000000
0.524332110000000,0,4,0x00,0x00,0x00,#000000
0.524359800000000,0,5,0x00,0x00,0x00,#000000
0.524387500000000,0,6,0x00,0x00,0x00,#000000
0.524415180000000,0,7,0x00,0x00,0x00,#000000
0.524442880000000,0,8,0x00,0x00,0x00,#000000
0.524470570000000,0,9,0x00,0x00,0x00,#000000
0.524498270000000,0,10,0x00,0x00,0x00,#000000
0.524525960000000,0,11,0x00,0x00,0x00,#000000
0.524553650000000,0,12,0x00,0x00,0x00,#000000
0.524581350000000,0,13,0x00,0x00,0x00,#000000
0.524609040000000,0,14,0x00,0x00,0x00,#000000
0.524636730000000,0,15,0x00,0x00,0x00,#000000
0.535216140000000,0,0,0x01,0x00,0x00,#010000
0.535243830000000,0,1,0x00,0x00,0x00,#000000
0.535271530000000,0,2,0x00,0x00,0x00,#000000
0.535299210000000,0,3,0x00,0x00,0x00,#000000
0.535326910000000,0,4,0x00,0x00,0x00,#000000
0.535354600000000,0,5,0x00,0x00,0x00,#000000
0.535382300000000,0,6,0x00,0x00,0x00,#000000
0.535409990000000,0,7,0x00,0x00,0x00,#000000
0.535437680000000,0,8,0x00,0x00,0x00,#000000
0.535465370000000,0,9,0x00,0x00,0x00,#000000
0.535493070000000,0,10,0x00,0x00,0x00,#000000
0.535520760000000,0,11,0x00,0x00,0x00,#000000
0.535548450000000,0,12,0x00,0x00,0x00,#000000
0.535576150000000,0,13,0x00,0x00,0x00,#000000
0.535603840000000,0,14,0x00,0x00,0x00,#000000
0.535631540000000,0,15,0x00,0x00,0x00,#000000
0.546115020000000,0,0,0x01,0x00,0x00,#010000
0.546142720000000,0,1,0x00,0x00,0x00,#000000
0.546170410000000,0,2,0x00,0x00,0x00,#000000
0.546198100000000,0,3,0x00,0x00,0x00,#000000
0.546225790000000,0,4,0x00,0x00,0x00,#000000
0.546253490000000,0,5,0x00,0x00,0x00,#000000
0.546281180000000,0,6,0x00,0x00,0x00,#000000
0.546308870000000,0,7,0x00,0x00,0x00,#000000
0.546336570000000,0,8,0x00,0x00,0x00,#000000
0.546364260000000,0,9,0x00,0x00,0x00,#000000
0.546391960000000,0,10,0x00,0x00,0x00,#000000
0.546419650000000,0,11,0x00,0x00,0x00,#000000
0.546447340000000,0,12,0x00,0x00,0x00,#000000
0.546475030000000,0,13,0x00,0x00,0x00,#000000
0.546502730000000,0,14,0x00,0x00,0x00,#000000
0.546530420000000,0,15,0x00,0x00,0x00,#000000
0.557297430000000,0,0,0x01,0x00,0x00,#010000
0.557325120000000,0,1,0x00,0x00,0x00,#000000
0.557352810000000,0,2,0x00,0x00,0x00,#000000
0.557380510000000,0,3,0x00,0x00,0x00,#000000
0.557408200000000,0,4,0x00,0x00,0x00,#000000
0.557435890000000,0,5,0x00,0x00,0x00,#000000
0.557463580000000,0,6,0x00,0x00,0x00,#000000
0.557491280000000,0,7,0x00,0x00,0x00,#000000
0.557518970000000,0,8,0x00,0x00,0x00,#000000
0.557546660000000,0,9,0x00,0x00,0x00,#000000
0.557574360000000,0,10,0x00,0x00,0x00,#000000
0.557602050000000,0,11,0x00,0x00,0x00,#000000
0.557629740000000,0,12,0x00,0x00,0x00,#000000
0.557657440000000,0,13,0x00,0x00,0x00,#000000
0.557685130000000,0,14,0x00,0x00,0x00,#000000
0.557712820000000,0,15,0x00,0x00,0x00,#000000
0.568218040000000,0,0,0x01,0x00,0x00,#010000
0.568245730000000,0,1,0x00,0x00,0x00,#000000
0.568273430000000,0,2,0x00,0x00,0x00,#000000
0.568301120000000,0,3,0x00,0x00,0x00,#000000
0.568328810000000,0,4,0x00,0x00,0x00,#000000
0.568356510000000,0,5,0x00,0x00,0x00,#000000
0.568384200000000,0,6,0x00,0x00,0x00,#000000
0.568411900000000,0,7,0x00,0x00,0x00,#000000
0.568439590000000,0,8,0x00,0x00,0x00,#000000
0.568467280000000,0,9,0x00,0x00,0x00,#000000
0.568494970000000,0,10,0x00,0x00,0x00,#000000
0.568522670000000,0,11,0x00,0x00,0x00,#000000
0.568550360000000,0,12,0x00,0x00,0x00,#000000
0.568578050000000,0,13,0x00,0x00,0x00,#000000
0.568605740000000,0,14,0x00,0x00,0x00,#000000
0.568633440000000,0,15,0x00,0x00,0x00,#000000
0.579160820000000,0,0,0x01,0x00,0x00,#010000
0.579188520000000,0,1,0x00,0x00,0x00,#000000
0.579216210000000,0,2,0x00,0x00,0x00,#000000
0.579243900000000,0,3,0x00,0x00,0x00,#000000
0.579271590000000,0,4,0x00,0x00,0x00,#000000
0.579299290000000,0,5,0x00,0x00,0x00,#000000
0.579326980000000,0,6,0x00,0x00,0x00,#000000
0.579354680000000,0,7,0x00,0x00,0x00,#000000
0.579382370000000,0,8,0x00,0x00,0x00,#000000
0.579410060000000,0,9,0x00,0x00,0x00,#000000
0.579437750000000,0,10,0x00,0x00,0x00,#000000
0.579465450000000,0,11,0x00,0x00,0x00,#000000
0.579493140000000,0,12,0x00,0x00,0x00,#000000
0.579520830000000,0,13,0x00,0x00,0x00,#000000
0.579548530000000,0,14,0x00,0x00,0x00,#000000
0.579576220000000,0,15,0x00,0x00,0x00,#000000
0.590224710000000,0,0,0x01,0x00,0x00,#010000
0.590252410000000,0,1,0x00,0x00,0x00,#000000
0.590280100000000,0,2,0x00,0x00,0x00,#000000
0.590307800000000,0,3,0x00,0x00,0x00,#000000
0.590335480000000,0,4,0x00,0x00,0x00,#000000
0.590363180000000,0,5,0x00,0x00,0x00,#000000
0.590390870000000,0,6,0x00,0x00,0x00,#000000
0.590418570000000,0,7,0x00,0x00,0x00,#000000
0.590446260000000,0,8,0x00,0x00,0x00,#000000
0.590473950000000,0,9,0x00,0x00,0x00,#000000
0.590501640000000,0,10,0x00,0x00,0x00,#000000
0.590529340000000,0,11,0x00,0x00,0x00,#000000
0.590557030000000,0,12,0x00,0x00,0x00,#000000
0.590584720000000,0,13,0x00,0x00,0x00,#000000
0.590612420000000,0,14,0x00,0x00,0x00,#000000
0.590640110000000,0,15,0x00,0x00,0x00,#000000
0.601210810000000,0,0,0x01,0x00,0x00,#010000
0.601238510000000,0,1,0x00,0x00,0x00,#000000
0.601266200000000,0,2,0x00,0x00,0x00,#000000
0.601293890000000,0,3,0x00,0x00,0x00,#000000
0.601321580000000,0,4,0x00,0x00,0x00,#000000
0.601349280000000,0,5,0x00,0x00,0x00,#000000
0.601376970000000,0,6,0x00,0x00,0x00,#000000
0.601404660000000,0,7,0x00,0x00,0x00,#000000
0.601432360000000,0,8,0x00,0x00,0x00,#000000
0.601460050000000,0,9,0x00,0x00,0x00,#000000
0.601487740000000,0,10,0x00,0x00,0x00,#000000
0.601515440000000,0,11,0x00,0x00,0x00,#000000
0.601543130000000,0,12,0x00,0x00,0x00,#000000
0.601570820000000,0,13,0x00,0x00,0x00,#000000
0.601598520000000,0,14,0x00,0x00,0x00,#000000
0.601626210000000,0,15,0x00,0x00,0x00,#000000
0.612116720000000,0,0,0x01,0x00,0x00,#010000
0.612144410000000,0,1,0x00,0x00,0x00,#000000
0.612172110000000,0,2,0x00,0x00,0x00,#000000
0.612199790000000,0,3,0x00,0x00,0x00,#000000
0.612227490000000,0,4,0x00,0x00,0x00,#000000
0.612255180000000,0,5,0x00,0x00,0x00,#000000
0.612282880000000,0,6,0x00,0x00,0x00,#000000
0.612310570000000,0,7,0x00,0x00,0x00,#000000
0.612338260000000,0,8,0x00,0x00,0x00,#000000
0.612365960000000,0,9,0x00,0x00,0x00,#000000
0.612393650000000,0,10,0x00,0x00,0x00,#000000
0.612421340000000,0,11,0x00,0x00,0x00,#000000
0.612449030000000,0,12,0x00,0x00,0x00,#000000
0.612476730000000,0,13,0x00,0x00,0x00,#000000
0.612504420000000,0,14,0x00,0x00,0x00,#000000
0.612532120000000,0,15,0x00,0x00,0x00,#000000
0.623225320000000,0,0,0x01,0x00,0x00,#010000
0.623253020000000,0,1,0x00,0x00,0x00,#000000
0.623280700000000,0,2,0x00,0x00,0x00,#000000
0.623308400000000,0,3,0x00,0x00,0x00,#000000
0.623336090000000,0,4,0x00,0x00,0x00,#000000
0.623363790000000,0,5,0x00,0x00,0x00,#000000
0.623391480000000,0,6,0x00,0x00,0x00,#000000
0.623419170000000,0,7,0x00,0x00,0x00,#000000
0.623446870000000,0,8,0x00,0x00,0x00,#000000
0.623474560000000,0,9,0x00,0x00,0x00,#000000
0.623502250000000,0,10,0x00,0x00,0x00,#000000
0.623529940000000,0,11,0x00,0x00,0x00,#000000
0.623557640000000,0,12,0x00,0x00,0x00,#000000
0.623585330000000,0,13,0x00,0x00,0x00,#000000
0.623613030000000,0,14,0x00,0x00,0x00,#000000
0.623640710000000,0,15,0x00,0x00,0x00,#000000
0.634213630000000,0,0,0x01,0x00,0x00,#010000
0.634241320000000,0,1,0x00,0x00,0x00,#000000
0.634269020000000,0,2,0x00,0x00,0x00,#000000
0.634296710000000,0,3,0x00,0x00,0x00,#000000
0.634324410000000,0,4,0x00,0x00,0x00,#000000
0.634352090000000,0,5,0x00,0x00,0x00,#000000
0.634379790000000,0,6,0x00,0x00,0x00,#000000
0.634407480000000,0,7,0x00,0x00,0x00,#000000
0.634435180000000,0,8,0x00,0x00,0x00,#000000
0.634462870000000,0,9,0x00,0x00,0x00,#000000
0.634490560000000,0,10,0x00,0x00,0x00,#000000
0.634518260000000,0,11,0x00,0x00,0x00,#000000
0.634545950000000,0,12,0x00,0x00,0x00,#000000
0.634573640000000,0,13,0x00,0x00,0x00,#000000
0.634601330000000,0,14,0x00,0x00,0x00,#000000
0.634629030000000,0,15,0x00,0x00,0x00,#000000
0.645117570000000,0,0,0x01,0x00,0x00,#010000
0.645145260000000,0,1,0x00,0x00,0x00,#000000
0.645172950000000,0,2,0x00,0x00,0x00,#000000
0.645200640000000,0,3,0x00,0x00,0x00,#000000
0.645228340000000,0,4,0x00,0x00,0x00,#000000
0.645256030000000,0,5,0x00,0x00,0x00,#000000
0.645283730000000,0,6,0x00,0x00,0x00,#000000
0.645311410000000,0,7,0x00,0x00,0x00,#000000
0.645339110000000,0,8,0x00,0x00,0x00,#000000
0.645366800000000,0,9,0x00,0x00,0x00,#000000
0.645394500000000,0,10,0x00,0x00,0x00,#000000
0.645422190000000,0,11,0x00,0x00,0x00,#000000
0.645449880000000,0,12,0x00,0x00,0x00,#000000
0.645477570000000,0,13,0x00,0x00,0x00,#000000
0.645505270000000,0,14,0x00,0x00,0x00,#000000
0.645532960000000,0,15,0x00,0x00,0x00,#000000
0.656224820000000,0,0,0x01,0x00,0x00,#010000
0.656252510000000,0,1,0x00,0x00,0x00,#000000
0.656280210000000,0,2,0x00,0x00,0x00,#000000
0.656307900000000,0,3,0x00,0x00,0x00,#000000
0.656335600000000,0,4,0x00,0x00,0x00,#000000
0.656363290000000,0,5,0x00,0x00,0x00,#000000
0.656390980000000,0,6,0x00,0x00,0x00,#000000
0.656418670000000,0,7,0x00,0x00,0x00,#000000
0.656446370000000,0,8,0x00,0x00,0x00,#000000
0.656474060000000,0,9,0x00,0x00,0x00,#000000
0.656501750000000,0,10,0x00,0x00,0x00,#000000
0.656529450000000,0,11,0x00,0x00,0x00,#000000
0.656557140000000,0,12,0x00,0x00,0x00,#000000
0.656584830000000,0,13,0x00,0x00,0x00,#000000
0.656612520000000,0,14,0x00,0x00,0x00,#000000
0.656640220000000,0,15,0x00,0x00,0x00,#000000
0.667223850000000,0,0,0x01,0x00,0x00,#010000
0.667251550000000,0,1,0x00,0x00,0x00,#000000
0.667279240000000,0,2,0x00,0x00,0x00,#000000
0.667306930000000,0,3,0x00,0x00,0x00,#000000
0.667334630000000,0,4,0x00,0x00,0x00,#000000
0.667362320000000,0,5,0x00,0x00,0x00,#000000
0.667390010000000,0,6,0x00,0x00,0x00,#000000
0.667417710000000,0,7,0x00,0x00,0x00,#000000
0.667445400000000,0,8,0x00,0x00,0x00,#000000
0.667473090000000,0,9,0x00,0x00,0x00,#000000
0.667500780000000,0,10,0x00,0x00,0x00,#000000
0.667528480000000,0,11,0x00,0x00,0x00,#000000
0.667556170000000,0,12,0x00,0x00,0x00,#000000
0.667583860000000,0,13,0x00,0x00,0x00,#000000
0.667611550000000,0,14,0x00,0x00,0x00,#000000
0.667639250000000,0,15,0x00,0x00,0x00,#000000
0.678118410000000,0,0,0x01,0x00,0x00,#010000
0.678146110000000,0,1,0x00,0x00,0x00,#000000
0.678173800000000,0,2,0x00,0x00,0x00,#000000
0.678201490000000,0,3,0x00,0x00,0x00,#000000
0.678229180000000,0,4,0x00,0x00,0x00,#000000
0.678256880000000,0,5,0x00,0x00,0x00,#000000
0.678284570000000,0,6,0x00,0x00,0x00,#000000
0.678312260000000,0,7,0x00,0x00,0x00,#000000
0.678339960000000,0,8,0x00,0x00,0x00,#000000
0.678367650000000,0,9,0x00,0x00,0x00,#000000
0.678395340000000,0,10,0x00,0x00,0x00,#000000
0.678423040000000,0,11,0x00,0x00,0x00,#000000
0.678450730000000,0,12,0x00,0x00,0x00,#000000
0.678478420000000,0,13,0x00,0x00,0x00,#000000
0.678506120000000,0,14,0x00,0x00,0x00,#000000
0.678533810000000,0,15,0x00,0x00,0x00,#000000
0.689241590000000,0,0,0x01,0x00,0x00,#010000
0.689269270000000,0,1,0x00,0x00,0x00,#000000
0.689296970000000,0,2,0x00,0x00,0x00,#000000
0.689324660000000,0,3,0x00,0x00,0x00,#000000
0.689352360000000,0,4,0x00,0x00,0x00,#000000
0.689380040000000,0,5,0x00,0x00,0x00,#000000
0.689407740000000,0,6,0x00,0x00,0x00,#000000
0.689435430000000,0,7,0x00,0x00,0x00,#000000
0.689463130000000,0,8,0x00,0x00,0x00,#000000
0.689490820000000,0,9,0x00,0x00,0x00,#000000
0.689518510000000,0,10,0x00,0x00,0x00,#000000
0.689546210000000,0,11,0x00,0x00,0x00,#000000
0.689573900000000,0,12,0x00,0x00,0x00,#000000
0.689601590000000,0,13,0x00,0x00,0x00,#000000
0.689629280000000,0,14,0x00,0x00,0x00,#000000
0.689656980000000,0,15,0x00,0x00,0x00,#000000
0.700214560000000,0,0,0x01,0x00,0x00,#010000
0.700242250000000,0,1,0x00,0x00,0x00,#000000
0.700269940000000,0,2,0x00,0x00,0x00,#000000
0.700297640000000,0,3,0x00,0x00,0x00,#000000
0.700325330000000,0,4,0x00,0x00,0x00,#000000
0.700353020000000,0,5,0x00,0x00,0x00,#000000
0.700380710000000,0,6,0x00,0x00,0x00,#000000
0.700408410000000,0,7,0x00,0x00,0x00,#000000
0.700436100000000,0,8,0x00,0x00,0x00,#000000
0.700463790000000,0,9,0x00,0x00,0x00,#000000
0.700491490000000,0,10,0x00,0x00,0x00,#000000
0.700519180000000,0,11,0x00,0x00,0x00,#000000
0.700546880000000,0,12,0x00,0x00,0x00,#000000
0.700574560000000,0,13,0x00,0x00,0x00,#000000
0.700602260000000,0,14,0x00,0x00,0x00,#000000
0.700629950000000,0,15,0x00,0x00,0x00,#000000
0.711119260000000,0,0,0x01,0x00,0x00,#010000
0.711146950000000,0,1,0x00,0x00,0x00,#000000
0.711174650000000,0,2,0x00,0x00,0x00,#000000
0.711202340000000,0,3,0x00,0x00,0x00,#000000
0.711230030000000,0,4,0x00,0x00,0x00,#000000
0.711257730000000,0,5,0x00,0x00,0x00,#000000
0.711285420000000,0,6,0x00,0x00,0x00,#000000
0.711313110000000,0,7,0x00,0x00,0x00,#000000
0.711340800000000,0,8,0x00,0x00,0x00,#000000
0.711368500000000,0,9,0x00,0x00,0x00,#000000
0.711396190000000,0,10,0x00,0x00,0x00,#000000
0.711423890000000,0,11,0x00,0x00,0x00,#000000
0.711451570000000,0,12,0x00,0x00,0x00,#000000
0.711479270000000,0,13,0x00,0x00,0x00,#000000
0.711506960000000,0,14,0x00,0x00,0x00,#000000
0.711534660000000,0,15,0x00,0x00,0x00,#000000
0.722225410000000,0,0,0x01,0x00,0x00,#010000
0.722253100000000,0,1,0x00,0x00,0x00,#000000
0.722280800000000,0,2,0x00,0x00,0x00,#000000
0.722308490000000,0,3,0x00,0x00,0x00,#000000
0.722336180000000,0,4,0x00,0x00,0x00,#000000
0.722363870000000,0,5,0x00,0x00,0x00,#000000
0.722391570000000,0,6,0x00,0x00,0x00,#000000
0.722419260000000,0,7,0x00,0x00,0x00,#000000
0.722446960000000,0,8,0x00,0x00,0x00,#000000
0.722474640000000,0,9,0x00,0x00,0x00,#000000
0.722502340000000,0,10,0x00,0x00,0x00,#000000
0.722530030000000,0,11,0x00,0x00,0x00,#000000
0.722557730000000,0,12,0x00,0x00,0x00,#000000
0.722585420000000,0,13,0x00,0x00,0x00,#000000
0.722613110000000,0,14,0x00,0x00,0x00,#000000
0.722640800000000,0,15,0x00,0x00,0x00,#000000
0.733213770000000,0,0,0x01,0x00,0x00,#010000
0.733241460000000,0,1,0x00,0x00,0x00,#000000
0.733269150000000,0,2,0x00,0x00,0x00,#000000
0.733296850000000,0,3,0x00,0x00,0x00,#000000
0.733324540000000,0,4,0x00,0x00,0x00,#000000
0.733352240000000,0,5,0x00,0x00,0x00,#000000
0.733379920000000,0,6,0x00,0x00,0x00,#000000
0.733407620000000,0,7,0x00,0x00,0x00,#000000
0.733435310000000,0,8,0x00,0x00,0x00,#000000
0.733463010000000,0,9,0x00,0x00,0x00,#000000
0.733490700000000,0,10,0x00,0x00,0x00,#000000
0.733518390000000,0,11,0x00,0x00,0x00,#000000
0.733546080000000,0,12,0x00,0x00,0x00,#000000
0.733573780000000,0,13,0x00,0x00,0x00,#000000
0.733601470000000,0,14,0x00,0x00,0x00,#000000
0.733629160000000,0,15,0x00,0x00,0x00,#000000
0.744120110000000,0,0,0x01,0x00,0x00,#010000
0.744147800000000,0,1,0x00,0x00,0x00,#000000
0.744175500000000,0,2,0x00,0x00,0x00,#000000
0.744203180000000,0,3,0x00,0x00,0x00,#000000
0.744230880000000,0,4,0x00,0x00,0x00,#000000
0.744258570000000,0,5,0x00,0x00,0x00,#000000
0.744286270000000,0,6,0x00,0x00,0x00,#000000
0.744313950000000,0,7,0x00,0x00,0x00,#000000
0.744341650000000,0,8,0x00,0x00,0x00,#000000
0.744369340000000,0,9,0x00,0x00,0x00,#000000
0.744397040000000,0,10,0x00,0x00,0x00,#000000
0.744424730000000,0,11,0x00,0x00,0x00,#000000
0.744452420000000,0,12,0x00,0x00,0x00,#000000
0.744480120000000,0,13,0x00,0x00,0x00,#000000
0.744507810000000,0,14,0x00,0x00,0x00,#000000
0.744535500000000,0,15,0x00,0x00,0x00,#000000
0.755231350000000,0,0,0x01,0x00,0x00,#010000
0.755259050000000,0,1,0x00,0x00,0x00,#000000
0.755286740000000,0,2,0x00,0x00,0x00,#000000
0.755314430000000,0,3,0x00,0x00,0x00,#000000
0.755342130000000,0,4,0x00,0x00,0x00,#000000
0.755369820000000,0,5,0x00,0x00,0x00,#000000
0.755397510000000,0,6,0x00,0x00,0x00,#000000
0.755425200000000,0,7,0x00,0x00,0x00,#000000
0.755452900000000,0,8,0x00,0x00,0x00,#000000
0.755480590000000,0,9,0x00,0x00,0x00,#000000
0.755508290000000,0,10,0x00,0x00,0x00,#000000
0.755535970000000,0,11,0x00,0x00,0x00,#000000
0.755563670000000,0,12,0x00,0x00,0x00,#000000
0.755591360000000,0,13,0x00,0x00,0x00,#000000
0.755619060000000,0,14,0x00,0x00,0x00,#000000
0.755646750000000,0,15,0x00,0x00,0x00,#000000
0.766361210000000,0,0,0x01,0x00,0x00,#010000
0.766388900000000,0,1,0x00,0x00,0x00,#000000
0.766416590000000,0,2,0x00,0x00,0x00,#000000
0.766444290000000,0,3,0x00,0x00,0x00,#000000
0.766471980000000,0,4,0x00,0x00,0x00,#000000
0.766499670000000,0,5,0x00,0x00,0x00,#000000
0.766527360000000,0,6,0x00,0x00,0x00,#000000
0.766555060000000,0,7,0x00,0x00,0x00,#000000
0.766582750000000,0,8,0x00,0x00,0x00,#000000
0.766610450000000,0,9,0x00,0x00,0x00,#000000
0.766638130000000,0,10,0x00,0x00,0x00,#000000
0.766665830000000,0,11,0x00,0x00,0x00,#000000
0.766693520000000,0,12,0x00,0x00,0x00,#000000
0.766721220000000,0,13,0x00,0x00,0x00,#000000
0.766748910000000,0,14,0x00,0x00,0x00,#000000
0.766776600000000,0,15,0x00,0x00,0x00,#000000
0.777142350000000,0,0,0x01,0x00,0x00,#010000
0.777170040000000,0,1,0x00,0x00,0x00,#000000
0.777197740000000,0,2,0x00,0x00,0x00,#000000
0.777225420000000,0,3,0x00,0x00,0x00,#000000
0.777253120000000,0,4,0x00,0x00,0x00,#000000
0.777280810000000,0,5,0x00,0x00,0x00,#000000
0.777308510000000,0,6,0x00,0x00,0x00,#000000
0.777336200000000,0,7,0x00,0x00,0x00,#000000
0.777363890000000,0,8,0x00,0x00,0x00,#000000
0.777391590000000,0,9,0x00,0x00,0x00,#000000
0.777419280000000,0,10,0x00,0x00,0x00,#000000
0.777446970000000,0,11,0x00,0x00,0x00,#000000
0.777474660000000,0,12,0x00,0x00,0x00,#000000
0.777502360000000,0,13,0x00,0x00,0x00,#000000
0.777530050000000,0,14,0x00,0x00,0x00,#000000
0.777557750000000,0,15,0x00,0x00,0x00,#000000
0.788233740000000,0,0,0x01,0x00,0x00,#010000
0.788261430000000,0,1,0x00,0x00,0x00,#000000
0.788289130000000,0,2,0x00,0x00,0x00,#000000
0.788316820000000,0,3,0x00,0x00,0x00,#000000
0.788344510000000,0,4,0x00,0x00,0x00,#000000
0.788372200000000,0,5,0x00,0x00,0x00,#000000
0.788399900000000,0,6,0x00,0x00,0x00,#000000
0.788427590000000,0,7,0x00,0x00,0x00,#000000
0.788455280000000,0,8,0x00,0x00,0x00,#000000
0.788482980000000,0,9,0x00,0x00,0x00,#000000
0.788510670000000,0,10,0x00,0x00,0x00,#000000
0.788538370000000,0,11,0x00,0x00,0x00,#000000
0.788566050000000,0,12,0x00,0x00,0x00,#000000
0.788593750000000,0,13,0x00,0x00,0x00,#000000
0.788621440000000,0,14,0x00,0x00,0x00,#000000
0.788649140000000,0,15,0x00,0x00,0x00,#000000
0.799219790000000,0,0,0x01,0x00,0x00,#010000
0.799247480000000,0,1,0x00,0x00,0x00,#000000
0.799275180000000,0,2,0x00,0x00,0x00,#000000
0.799302870000000,0,3,0x00,0x00,0x00,#000000
0.799330560000000,0,4,0x00,0x00,0x00,#000000
0.799358260000000,0,5,0x00,0x00,0x00,#000000
0.799385950000000,0,6,0x00,0x00,0x00,#000000
0.799413640000000,0,7,0x00,0x00,0x00,#000000
0.799441330000000,0,8,0x00,0x00,0x00,#000000
0.799469030000000,0,9,0x00,0x00,0x00,#000000
0.799496720000000,0,10,0x00,0x00,0x00,#000000
0.799524420000000,0,11,0x00,0x00,0x00,#000000
0.799552100000000,0,12,0x00,0x00,0x00,#000000
0.799579800000000,0,13,0x00,0x00,0x00,#000000
0.799607490000000,0,14,0x00,0x00,0x00,#000000
0.799635190000000,0,15,0x00,0x00,0x00,#000000
0.810122480000000,0,0,0x01,0x00,0x00,#010000
0.810150170000000,0,1,0x00,0x00,0x00,#000000
0.810177860000000,0,2,0x00,0x00,0x00,#000000
0.810205550000000,0,3,0x00,0x00,0x00,#000000
0.810233250000000,0,4,0x00,0x00,0x00,#000000
0.810260940000000,0,5,0x00,0x00,0x00,#000000
0.810288630000000,0,6,0x00,0x00,0x00,#000000
0.810316320000000,0,7,0x00,0x00,0x00,#000000
0.810344020000000,0,8,0x00,0x00,0x00,#000000
0.810371710000000,0,9,0x00,0x00,0x00,#000000
0.810399400000000,0,10,0x00,0x00,0x00,#000000
0.810427100000000,0,11,0x00,0x00,0x00,#000000
0.810454790000000,0,12,0x00,0x00,0x00,#000000
0.810482480000000,0,13,0x00,0x00,0x00,#000000
0.810510180000000,0,14,0x00,0x00,0x00,#000000
0.810537870000000,0,15,0x00,0x00,0x00,#000000
0.821227330000000,0,0,0x01,0x00,0x00,#010000
0.821255020000000,0,1,0x00,0x00,0x00,#000000
0.821282710000000,0,2,0x00,0x00,0x00,#000000
0.821310410000000,0,3,0x00,0x00,0x00,#000000
0.821338100000000,0,4,0x00,0x00,0x00,#000000
0.821365790000000,0,5,0x00,0x00,0x00,#000000
0.821393480000000,0,6,0x00,0x00,0x00,#000000
0.821421180000000,0,7,0x00,0x00,0x00,#000000
0.821448870000000,0,8,0x00,0x00,0x00,#000000
0.821476560000000,0,9,0x00,0x00,0x00,#000000
0.821504260000000,0,10,0x00,0x00,0x00,#000000
0.821531950000000,0,11,0x00,0x00,0x00,#000000
0.821559640000000,0,12,0x00,0x00,0x00,#000000
0.821587340000000,0,13,0x00,0x00,0x00,#000000
0.821615030000000,0,14,0x00,0x00,0x00,#000000
0.821642720000000,0,15,0x00,0x00,0x00,#000000
0.832219770000000,0,0,0x01,0x00,0x00,#010000
0.832247460000000,0,1,0x00,0x00,0x00,#000000
0.832275160000000,0,2,0x00,0x00,0x00,#000000
0.832302850000000,0,3,0x00,0x00,0x00,#000000
0.832330550000000,0,4,0x00,0x00,0x00,#000000
0.832358240000000,0,5,0x00,0x00,0x00,#000000
0.832385930000000,0,6,0x00,0x00,0x00,#000000
0.832413620000000,0,7,0x00,0x00,0x00,#000000
0.832441320000000,0,8,0x00,0x00,0x00,#000000
0.832469010000000,0,9,0x00,0x00,0x00,#000000
0.832496700000000,0,10,0x00,0x00,0x00,#000000
0.832524390000000,0,11,0x00,0x00,0x00,#000000
0.832552090000000,0,12,0x00,0x00,0x00,#000000
0.832579780000000,0,13,0x00,0x00,0x00,#000000
0.832607470000000,0,14,0x00,0x00,0x00,#000000
0.832635170000000,0,15,0x00,0x00,0x00,#000000
0.843122650000000,0,0,0x01,0x00,0x00,#010000
0.843150340000000,0,1,0x00,0x00,0x00,#000000
0.843178040000000,0,2,0x00,0x00,0x00,#000000
0.843205720000000,0,3,0x00,0x00,0x00,#000000
0.843233420000000,0,4,0x00,0x00,0x00,#000000
0.843261110000000,0,5,0x00,0x00,0x00,#000000
0.843288810000000,0,6,0x00,0x00,0x00,#000000
0.843316500000000,0,7,0x00,0x00,0x00,#000000
0.843344190000000,0,8,0x00,0x00,0x00,#000000
0.843371890000000,0,9,0x00,0x00,0x00,#000000
0.843399580000000,0,10,0x00,0x00,0x00,#000000
0.843427270000000,0,11,0x00,0x00,0x00,#000000
0.843454960000000,0,12,0x00,0x00,0x00,#000000
0.843482660000000,0,13,0x00,0x00,0x00,#000000
0.843510350000000,0,14,0x00,0x00,0x00,#000000
0.843538050000000,0,15,0x00,0x00,0x00,#000000
0.854228650000000,0,0,0x01,0x00,0x00,#010000
0.854256350000000,0,1,0x00,0x00,0x00,#000000
0.854284040000000,0,2,0x00,0x00,0x00,#000000
0.854311730000000,0,3,0x00,0x00,0x00,#000000
0.854339430000000,0,4,0x00,0x00,0x00,#000000
0.854367120000000,0,5,0x00,0x00,0x00,#000000
0.854394810000000,0,6,0x00,0x00,0x00,#000000
0.854422510000000,0,7,0x00,0x00,0x00,#000000
0.854450200000000,0,8,0x00,0x00,0x00,#000000
0.854477890000000,0,9,0x00,0x00,0x00,#000000
0.854505580000000,0,10,0x00,0x00,0x00,#000000
0.854533280000000,0,11,0x00,0x00,0x00,#000000
0.854560970000000,0,12,0x00,0x00,0x00,#000000
0.854588660000000,0,13,0x00,0x00,0x00,#000000
0.854616350000000,0,14,0x00,0x00,0x00,#000000
0.854644050000000,0,15,0x00,0x00,0x00,#000000
0.865211770000000,0,0,0x01,0x00,0x00,#010000
0.865239460000000,0,1,0x00,0x00,0x00,#000000
0.865267160000000,0,2,0x00,0x00,0x00,#000000
0.865294850000000,0,3,0x00,0x00,0x00,#000000
0.865322540000000,0,4,0x00,0x00,0x00,#000000
0.865350240000000,0,5,0x00,0x00,0x00,#000000
0.865377930000000,0,6,0x00,0x00,0x00,#000000
0.865405630000000,0,7,0x00,0x00,0x00,#000000
0.865433310000000,0,8,0x00,0x00,0x00,#000000
0.865461010000000,0,9,0x00,0x00,0x00,#000000
0.865488700000000,0,10,0x00,0x00,0x00,#000000
0.865516400000000,0,11,0x00,0x00,0x00,#000000
0.865544090000000,0,12,0x00,0x00,0x00,#000000
0.865571780000000,0,13,0x00,0x00,0x00,#000000
0.865599470000000,0,14,0x00,0x00,0x00,#000000
0.865627170000000,0,15,0x00,0x00,0x00,#000000
0.876126810000000,0,0,0x01,0x00,0x00,#010000
0.876154510000000,0,1,0x00,0x00,0x00,#000000
0.876182200000000,0,2,0x00,0x00,0x00,#000000
0.876209890000000,0,3,0x00,0x00,0x00,#000000
0.876237590000000,0,4,0x00,0x00,0x00,#000000
0.876265280000000,0,5,0x00,0x00,0x00,#000000
0.876292970000000,0,6,0x00,0x00,0x00,#000000
0.876320660000000,0,7,0x00,0x00,0x00,#000000
0.876348360000000,0,8,0x00,0x00,0x00,#000000
0.876376050000000,0,9,0x00,0x00,0x00,#000000
0.876403750000000,0,10,0x00,0x00,0x00,#000000
0.876431430000000,0,11,0x00,0x00,0x00,#000000
0.876459130000000,0,12,0x00,0x00,0x00,#000000
0.876486820000000,0,13,0x00,0x00,0x00,#000000
0.876514520000000,0,14,0x00,0x00,0x00,#000000
0.876542210000000,0,15,0x00,0x00,0x00,#000000
0.887232530000000,0,0,0x01,0x00,0x00,#010000
0.887260220000000,0,1,0x00,0x00,0x00,#000000
0.887287920000000,0,2,0x00,0x00,0x00,#000000
0.887315610000000,0,3,0x00,0x00,0x00,#000000
0.887343300000000,0,4,0x00,0x00,0x00,#000000
0.887371000000000,0,5,0x00,0x00,0x00,#000000
0.887398690000000,0,6,0x00,0x00,0x00,#000000
0.887426380000000,0,7,0x00,0x00,0x00,#000000
0.887454070000000,0,8,0x00,0x00,0x00,#000000
0.887481770000000,0,9,0x00,0x00,0x00,#000000
0.887509460000000,0,10,0x00,0x00,0x00,#000000
0.887537160000000,0,11,0x00,0x00,0x00,#000000
0.887564840000000,0,12,0x00,0x00,0x00,#000000
0.887592540000000,0,13,0x00,0x00,0x00,#000000
0.887620230000000,0,14,0x00,0x00,0x00,#000000
0.887647930000000,0,15,0x00,0x00,0x00,#000000
0.898218780000000,0,0,0x01,0x00,0x00,#010000
0.898246470000000,0,1,0x00,0x00,0x00,#000000
0.898274160000000,0,2,0x00,0x00,0x00,#000000
0.898301850000000,0,3,0x00,0x00,0x00,#000000
0.898329550000000,0,4,0x00,0x00,0x00,#000000
0.898357240000000,0,5,0x00,0x00,0x00,#000000
0.898384930000000,0,6,0x00,0x00,0x00,#000000
0.898412620000000,0,7,0x00,0x00,0x00,#000000
0.898440320000000,0,8,0x00,0x00,0x00,#000000
0.898468010000000,0,9,0x00,0x00,0x00,#000000
0.898495710000000,0,10,0x00,0x00,0x00,#000000
0.898523390000000,0,11,0x00,0x00,0x00,#000000
0.898551090000000,0,12,0x00,0x00,0x00,#000000
0.898578780000000,0,13,0x00,0x00,0x00,#000000
0.898606480000000,0,14,0x00,0x00,0x00,#000000
0.898634170000000,0,15,0x00,0x00,0x00,#000000
0.909124440000000,0,0,0x01,0x00,0x00,#010000
0.909152130000000,0,1,0x00,0x00,0x00,#000000
0.909179820000000,0,2,0x00,0x00,0x00,#000000
0.909207520000000,0,3,0x00,0x00,0x00,#000000
0.909235210000000,0,4,0x00,0x00,0x00,#000000
0.909262900000000,0,5,0x00,0x00,0x00,#000000
0.909290600000000,0,6,0x00,0x00,0x00,#000000
0.909318290000000,0,7,0x00,0x00,0x00,#000000
0.909345980000000,0,8,0x00,0x00,0x00,#000000
0.909373670000000,0,9,0x00,0x00,0x00,#000000
0.909401370000000,0,10,0x00,0x00,0x00,#000000
0.909429060000000,0,11,0x00,0x00,0x00,#000000
0.909456760000000,0,12,0x00,0x00,0x00,#000000
0.909484440000000,0,13,0x00,0x00,0x00,#000000
0.909512140000000,0,14,0x00,0x00,0x00,#000000
0.909539830000000,0,15,0x00,0x00,0x00,#000000
0.920284290000000,0,0,0x01,0x00,0x00,#010000
0.920311990000000,0,1,0x00,0x00,0x00,#000000
0.920339680000000,0,2,0x00,0x00,0x00,#000000
0.920367370000000,0,3,0x00,0x00,0x00,#000000
0.920395060000000,0,4,0x00,0x00,0x00,#000000
0.920422760000000,0,5,0x00,0x00,0x00,#000000
0.920450450000000,0,6,0x00,0x00,0x00,#000000
0.920478150000000,0,7,0x00,0x00,0x00,#000000
0.920505830000000,0,8,0x00,0x00,0x00,#000000
0.920533530000000,0,9,0x00,0x00,0x00,#000000
0.920561220000000,0,10,0x00,0x00,0x00,#000000
0.920588920000000,0,11,0x00,0x00,0x00,#000000
0.920616610000000,0,12,0x00,0x00,0x00,#000000
0.920644300000000,0,13,0x00,0x00,0x00,#000000
0.920671990000000,0,14,0x00,0x00,0x00,#000000
0.920699690000000,0,15,0x00,0x00,0x00,#000000
0.931222460000000,0,0,0x01,0x00,0x00,#010000
0.931250150000000,0,1,0x00,0x00,0x00,#000000
0.931277840000000,0,2,0x00,0x00,0x00,#000000
0.931305540000000,0,3,0x00,0x00,0x00,#000000
0.931333230000000,0,4,0x00,0x00,0x00,#000000
0.931360930000000,0,5,0x00,0x00,0x00,#000000
0.931388610000000,0,6,0x00,0x00,0x00,#000000
0.931416310000000,0,7,0x00,0x00,0x00,#000000
0.931444000000000,0,8,0x00,0x00,0x00,#000000
0.931471700000000,0,9,0x00,0x00,0x00,#000000
0.931499390000000,0,10,0x00,0x00,0x00,#000000
0.931527080000000,0,11,0x00,0x00,0x00,#000000
0.931554770000000,0,12,0x00,0x00,0x00,#000000
0.931582470000000,0,13,0x00,0x00,0x00,#000000
0.931610160000000,0,14,0x00,0x00,0x00,#000000
0.931637850000000,0,15,0x00,0x00,0x00,#000000
0.942125190000000,0,0,0x01,0x00,0x00,#010000
0.942152880000000,0,1,0x00,0x00,0x00,#000000
0.942180580000000,0,2,0x00,0x00,0x00,#000000
0.942208270000000,0,3,0x00,0x00,0x00,#000000
0.942235960000000,0,4,0x00,0x00,0x00,#000000
0.942263660000000,0,5,0x00,0x00,0x00,#000000
0.942291350000000,0,6,0x00,0x00,0x00,#000000
0.942319040000000,0,7,0x00,0x00,0x00,#000000
0.942346730000000,0,8,0x00,0x00,0x00,#000000
0.942374430000000,0,9,0x00,0x00,0x00,#000000
0.942402120000000,0,10,0x00,0x00,0x00,#000000
0.942429820000000,0,11,0x00,0x00,0x00,#000000
0.942457500000000,0,12,0x00,0x00,0x00,#000000
0.942485200000000,0,13,0x00,0x00,0x00,#000000
0.942512890000000,0,14,0x00,0x00,0x00,#000000
0.942540590000000,0,15,0x00,0x00,0x00,#000000
0.953228840000000,0,0,0x01,0x00,0x00,#010000
0.953256530000000,0,1,0x00,0x00,0x00,#000000
0.953284230000000,0,2,0x00,0x00,0x00,#000000
0.953311920000000,0,3,0x00,0x00,0x00,#000000
0.953339620000000,0,4,0x00,0x00,0x00,#000000
0.953367300000000,0,5,0x00,0x00,0x00,#000000
0.953395000000000,0,6,0x00,0x00,0x00,#000000
0.953422690000000,0,7,0x00,0x00,0x00,#000000
0.953450390000000,0,8,0x00,0x00,0x00,#000000
0.953478070000000,0,9,0x00,0x00,0x00,#000000
0.953505770000000,0,10,0x00,0x00,0x00,#000000
0.953533460000000,0,11,0x00,0x00,0x00,#000000
0.953561160000000,0,12,0x00,0x00,0x00,#000000
0.953588850000000,0,13,0x00,0x00,0x00,#000000
0.953616540000000,0,14,0x00,0x00,0x00,#000000
0.953644230000000,0,15,0x00,0x00,0x00,#000000
0.964218160000000,0,0,0x01,0x00,0x00,#010000
0.964245850000000,0,1,0x00,0x00,0x00,#000000
0.964273550000000,0,2,0x00,0x00,0x00,#000000
0.964301240000000,0,3,0x00,0x00,0x00,#000000
0.964328930000000,0,4,0x00,0x00,0x00,#000000
0.964356630000000,0,5,0x00,0x00,0x00,#000000
0.964384320000000,0,6,0x00,0x00,0x00,#000000
0.964412010000000,0,7,0x00,0x00,0x00,#000000
0.964439710000000,0,8,0x00,0x00,0x00,#000000
0.964467400000000,0,9,0x00,0x00,0x00,#000000
0.964495090000000,0,10,0x00,0x00,0x00,#000000
0.964522780000000,0,11,0x00,0x00,0x00,#000000
0.964550480000000,0,12,0x00,0x00,0x00,#000000
0.964578170000000,0,13,0x00,0x00,0x00,#000000
0.964605860000000,0,14,0x00,0x00,0x00,#000000
0.964633550000000,0,15,0x00,0x00,0x00,#000000
0.975127290000000,0,0,0x01,0x00,0x00,#010000
0.975154980000000,0,1,0x00,0x00,0x00,#000000
0.975182680000000,0,2,0x00,0x00,0x00,#000000
0.975210360000000,0,3,0x00,0x00,0x00,#000000
0.975238060000000,0,4,0x00,0x00,0x00,#000000
0.975265750000000,0,5,0x00,0x00,0x00,#000000
0.975293450000000,0,6,0x00,0x00,0x00,#000000
0.975321130000000,0,7,0x00,0x00,0x00,#000000
0.975348830000000,0,8,0x00,0x00,0x00,#000000
0.975376520000000,0,9,0x00,0x00,0x00,#000000
0.975404220000000,0,10,0x00,0x00,0x00,#000000
0.975431910000000,0,11,0x00,0x00,0x00,#000000
0.975459600000000,0,12,0x00,0x00,0x00,#000000
0.975487300000000,0,13,0x00,0x00,0x00,#000000
0.975514990000000,0,14,0x00,0x00,0x00,#000000
0.975542680000000,0,15,0x00,0x00,0x00,#000000
0.986285890000000,0,0,0x01,0x00,0x00,#010000
0.986313590000000,0,1,0x00,0x00,0x00,#000000
0.986341270000000,0,2,0x00,0x00,0x00,#000000
0.986368970000000,0,3,0x00,0x00,0x00,#000000
0.986396660000000,0,4,0x00,0x00,0x00,#000000
0.986424360000000,0,5,0x00,0x00,0x00,#000000
0.986452050000000,0,6,0x00,0x00,0x00,#000000
0.986479740000000,0,7,0x00,0x00,0x00,#000000
0.986507430000000,0,8,0x00,0x00,0x00,#000000
0.986535130000000,0,9,0x00,0x00,0x00,#000000
0.986562820000000,0,10,0x00,0x00,0x00,#000000
0.986590510000000,0,11,0x00,0x00,0x00,#000000
0.986618210000000,0,12,0x00,0x00,0x00,#000000
0.986645900000000,0,13,0x00,0x00,0x00,#000000
0.986673590000000,0,14,0x00,0x00,0x00,#000000
0.986701280000000,0,15,0x00,0x00,0x00,#000000
0.997235690000000,0,0,0x01,0x00,0x00,#010000
0.997263390000000,0,1,0x00,0x00,0x00,#000000
0.997291070000000,0,2,0x00,0x00,0x00,#000000
0.997318770000000,0,3,0x00,0x00,0x00,#000000
0.997346460000000,0,4,0x00,0x00,0x00,#000000
0.997374160000000,0,5,0x00,0x00,0x00,#000000
0.997401850000000,0,6,0x00,0x00,0x00,#000000
0.997429540000000,0,7,0x00,0x00,0x00,#000000
0.997457230000000,0,8,0x00,0x00,0x00,#000000
0.997484930000000,0,9,0x00,0x00,0x00,#000000
0.997512620000000,0,10,0x00,0x00,0x00,#000000
0.997540310000000,0,11,0x00,0x00,0x00,#000000
0.997568010000000,0,12,0x00,0x00,0x00,#000000
0.997595700000000,0,13,0x00,0x00,0x00,#000000
0.997623390000000,0,14,0x00,0x00,0x00,#000000
0.997651080000000,0,15,0x00,0x00,0x00,#000000
1.008126880000000,0,0,0x01,0x00,0x00,#010000
1.008154580000000,0,1,0x00,0x00,0x00,#000000
1.008182270000000,0,2,0x00,0x00,0x00,#000000
1.008209960000000,0,3,0x00,0x00,0x00,#000000
1.008237650000000,0,4,0x00,0x00,0x00,#000000
1.008265350000000,0,5,0x00,0x00,0x00,#000000
1.008293040000000,0,6,0x00,0x00,0x00,#000000
1.008320730000000,0,7,0x00,0x00,0x00,#000000
1.008348430000000,0,8,0x00,0x00,0x00,#000000
1.008376120000000,0,9,0x00,0x00,0x00,#000000
1.008403820000000,0,10,0x00,0x00,0x00,#000000
1.008431510000000,0,11,0x00,0x00,0x00,#000000
1.008459200000000,0,12,0x00,0x00,0x00,#000000
1.008486890000000,0,13,0x00,0x00,0x00,#000000
1.008514590000000,0,14,0x00,0x00,0x00,#000000
1.008542280000000,0,15,0x00,0x00,0x00,#000000
1.019224620000000,0,0,0x01,0x00,0x00,#010000
1.019252310000000,0,1,0x00,0x00,0x00,#000000
1.019280010000000,0,2,0x00,0x00,0x00,#000000
1.019307700000000,0,3,0x00,0x00,0x00,#000000
1.019335390000000,0,4,0x00,0x00,0x00,#000000
1.019363080000000,0,5,0x00,0x00,0x00,#000000
1.019390780000000,0,6,0x00,0x00,0x00,#000000
1.019418470000000,0,7,0x00,0x00,0x00,#000000
1.019446170000000,0,8,0x00,0x00,0x00,#000000
1.019473860000000,0,9,0x00,0x00,0x00,#000000
1.019501550000000,0,10,0x00,0x00,0x00,#000000
1.019529240000000,0,11,0x00,0x00,0x00,#000000
1.019556940000000,0,12,0x00,0x00,0x00,#000000
1.019584630000000,0,13,0x00,0x00,0x00,#000000
1.019612320000000,0,14,0x00,0x00,0x00,#000000
1.019640020000000,0,15,0x00,0x00,0x00,#000000
1.030238030000000,0,0,0x01,0x00,0x00,#010000
1.030265720000000,0,1,0x00,0x00,0x00,#000000
1.030293410000000,0,2,0x00,0x00,0x00,#000000
1.030321110000000,0,3,0x00,0x00,0x00,#000000
1.030348800000000,0,4,0x00,0x00,0x00,#000000
1.030376490000000,0,5,0x00,0x00,0x00,#000000
1.030404190000000,0,6,0x00,0x00,0x00,#000000
1.030431880000000,0,7,0x00,0x00,0x00,#000000
1.030459580000000,0,8,0x00,0x00,0x00,#000000
1.030487260000000,0,9,0x00,0x00,0x00,#000000
1.030514960000000,0,10,0x00,0x00,0x00,#000000
1.030542650000000,0,11,0x00,0x00,0x00,#000000
1.030570350000000,0,12,0x00,0x00,0x00,#000000
1.030598040000000,0,13,0x00,0x00,0x00,#000000
1.030625730000000,0,14,0x00,0x00,0x00,#000000
1.030653420000000,0,15,0x00,0x00,0x00,#000000
1.041127730000000,0,0,0x01,0x00,0x00,#010000
1.041155420000000,0,1,0x00,0x00,0x00,#000000
1.041183120000000,0,2,0x00,0x00,0x00,#000000
1.041210810000000,0,3,0x00,0x00,0x00,#000000
1.041238500000000,0,4,0x00,0x00,0x00,#000000
1.041266200000000,0,5,0x00,0x00,0x00,#000000
1.041293890000000,0,6,0x00,0x00,0x00,#000000
1.041321580000000,0,7,0x00,0x00,0x00,#000000
1.041349270000000,0,8,0x00,0x00,0x00,#000000
1.041376970000000,0,9,0x00,0x00,0x00,#000000
1.041404660000000,0,10,0x00,0x00,0x00,#000000
1.041432360000000,0,11,0x00,0x00,0x00,#000000
1.041460040000000,0,12,0x00,0x00,0x00,#000000
1.041487740000000,0,13,0x00,0x00,0x00,#000000
1.041515430000000,0,14,0x00,0x00,0x00,#000000
1.041543130000000,0,15,0x00,0x00,0x00,#000000
1.052227300000000,0,0,0x01,0x00,0x00,#010000
1.052254980000000,0,1,0x00,0x00,0x00,#000000
1.052282680000000,0,2,0x00,0x00,0x00,#000000
1.052310370000000,0,3,0x00,0x00,0x00,#000000
1.052338070000000,0,4,0x00,0x00,0x00,#000000
1.052365760000000,0,5,0x00,0x00,0x00,#000000
1.052393450000000,0,6,0x00,0x00,0x00,#000000
1.052421140000000,0,7,0x00,0x00,0x00,#000000
1.052448840000000,0,8,0x00,0x00,0x00,#000000
1.052476530000000,0,9,0x00,0x00,0x00,#000000
1.052504220000000,0,10,0x00,0x00,0x00,#000000
1.052531920000000,0,11,0x00,0x00,0x00,#000000
1.052559610000000,0,12,0x00,0x00,0x00,#000000
1.052587310000000,0,13,0x00,0x00,0x00,#000000
1.052614990000000,0,14,0x00,0x00,0x00,#000000
1.052642690000000,0,15,0x00,0x00,0x00,#000000
1.063224640000000,0,0,0x01,0x00,0x00,#010000
1.063252340000000,0,1,0x00,0x00,0x00,#000000
1.063280030000000,0,2,0x00,0x00,0x00,#000000
1.063307720000000,0,3,0x00,0x00,0x00,#000000
1.063335420000000,0,4,0x00,0x00,0x00,#000000
1.063363110000000,0,5,0x00,0x00,0x00,#000000
1.063390800000000,0,6,0x00,0x00,0x00,#000000
1.063418500000000,0,7,0x00,0x00,0x00,#000000
1.063446190000000,0,8,0x00,0x00,0x00,#000000
1.063473880000000,0,9,0x00,0x00,0x00,#000000
1.063501570000000,0,10,0x00,0x00,0x00,#000000
1.063529270000000,0,11,0x00,0x00,0x00,#000000
1.063556960000000,0,12,0x00,0x00,0x00,#000000
1.063584650000000,0,13,0x00,0x00,0x00,#000000
1.063612340000000,0,14,0x00,0x00,0x00,#000000
1.063640040000000,0,15,0x00,0x00,0x00,#000000
1.074127330000000,0,0,0x01,0x00,0x00,#010000
1.074155020000000,0,1,0x00,0x00,0x00,#000000
1.074182720000000,0,2,0x00,0x00,0x00,#000000
1.074210400000000,0,3,0x00,0x00,0x00,#000000
1.074238100000000,0,4,0x00,0x00,0x00,#000000
1.074265790000000,0,5,0x00,0x00,0x00,#000000
1.074293490000000,0,6,0x00,0x00,0x00,#000000
1.074321180000000,0,7,0x00,0x00,0x00,#000000
1.074348870000000,0,8,0x00,0x00,0x00,#000000
1.074376560000000,0,9,0x00,0x00,0x00,#000000
1.074404260000000,0,10,0x00,0x00,0x00,#000000
1.074431950000000,0,11,0x00,0x00,0x00,#000000
1.074459640000000,0,12,0x00,0x00,0x00,#000000
1.074487340000000,0,13,0x00,0x00,0x00,#000000
1.074515030000000,0,14,0x00,0x00,0x00,#000000
1.074542730000000,0,15,0x00,0x00,0x00,#000000
1.085241170000000,0,0,0x01,0x00,0x00,#010000
1.085268860000000,0,1,0x00,0x00,0x00,#000000
1.085296560000000,0,2,0x00,0x00,0x00,#000000
1.085324250000000,0,3,0x00,0x00,0x00,#000000
1.085351940000000,0,4,0x00,0x00,0x00,#000000
1.085379630000000,0,5,0x00,0x00,0x00,#000000
1.085407330000000,0,6,0x00,0x00,0x00,#000000
1.085435020000000,0,7,0x00,0x00,0x00,#000000
1.085462710000000,0,8,0x00,0x00,0x00,#000000
1.085490410000000,0,9,0x00,0x00,0x00,#000000
1.085518100000000,0,10,0x00,0x00,0x00,#000000
1.085545800000000,0,11,0x00,0x00,0x00,#000000
1.085573490000000,0,12,0x00,0x00,0x00,#000000
1.085601180000000,0,13,0x00,0x00,0x00,#000000
1.085628870000000,0,14,0x00,0x00,0x00,#000000
1.085656570000000,0,15,0x00,0x00,0x00,#000000
1.096236740000000,0,0,0x01,0x00,0x00,#010000
1.096264430000000,0,1,0x00,0x00,0x00,#000000
1.096292130000000,0,2,0x00,0x00,0x00,#000000
1.096319820000000,0,3,0x00,0x00,0x00,#000000
1.096347520000000,0,4,0x00,0x00,0x00,#000000
1.096375200000000,0,5,0x00,0x00,0x00,#000000
1.096402900000000,0,6,0x00,0x00,0x00,#000000
1.096430590000000,0,7,0x00,0x00,0x00,#000000
1.096458290000000,0,8,0x00,0x00,0x00,#000000
1.096485980000000,0,9,0x00,0x00,0x00,#000000
1.096513670000000,0,10,0x00,0x00,0x00,#000000
1.096541370000000,0,11,0x00,0x00,0x00,#000000
1.096569060000000,0,12,0x00,0x00,0x00,#000000
1.096596750000000,0,13,0x00,0x00,0x00,#000000
1.096624440000000,0,14,0x00,0x00,0x00,#000000
1.096652140000000,0,15,0x00,0x00,0x00,#000000
1.107129430000000,0,0,0x01,0x00,0x00,#010000
1.107157120000000,0,1,0x00,0x00,0x00,#000000
1.107184810000000,0,2,0x00,0x00,0x00,#000000
1.107212500000000,0,3,0x00,0x00,0x00,#000000
1.107240200000000,0,4,0x00,0x00,0x00,#000000
1.107267890000000,0,5,0x00,0x00,0x00,#000000
1.107295580000000,0,6,0x00,0x00,0x00,#000000
1.107323270000000,0,7,0x00,0x00,0x00,#000000
1.107350970000000,0,8,0x00,0x00,0x00,#000000
1.107378660000000,0,9,0x00,0x00,0x00,#000000
1.107406360000000,0,10,0x00,0x00,0x00,#000000
1.107434050000000,0,11,0x00,0x00,0x00,#000000
1.107461740000000,0,12,0x00,0x00,0x00,#000000
1.107489430000000,0,13,0x00,0x00,0x00,#000000
1.107517130000000,0,14,0x00,0x00,0x00,#000000
1.107544820000000,0,15,0x00,0x00,0x00,#000000
1.118239950000000,0,0,0x01,0x00,0x00,#010000
1.118267640000000,0,1,0x00,0x00,0x00,#000000
1.118295340000000,0,2,0x00,0x00,0x00,#000000
1.118323030000000,0,3,0x00,0x00,0x00,#000000
1.118350720000000,0,4,0x00,0x00,0x00,#000000
1.118378410000000,0,5,0x00,0x00,0x00,#000000
1.118406110000000,0,6,0x00,0x00,0x00,#000000
1.118433800000000,0,7,0x00,0x00,0x00,#000000
1.118461500000000,0,8,0x00,0x00,0x00,#000000
1.118489180000000,0,9,0x00,0x00,0x00,#000000
1.118516880000000,0,10,0x00,0x00,0x00,#000000
1.118544570000000,0,11,0x00,0x00,0x00,#000000
1.118572270000000,0,12,0x00,0x00,0x00,#000000
1.118599960000000,0,13,0x00,0x00,0x00,#000000
1.118627650000000,0,14,0x00,0x00,0x00,#000000
1.118655340000000,0,15,0x00,0x00,0x00,#000000
1.129246920000000,0,0,0x01,0x00,0x00,#010000
1.129274610000000,0,1,0x00,0x00,0x00,#000000
1.129302300000000,0,2,0x00,0x00,0x00,#000000
1.129329990000000,0,3,0x00,0x00,0x00,#000000
1.129357690000000,0,4,0x00,0x00,0x00,#000000
1.129385380000000,0,5,0x00,0x00,0x00,#000000
1.129413070000000,0,6,0x00,0x00,0x00,#000000
1.129440770000000,0,7,0x00,0x00,0x00,#000000
1.129468460000000,0,8,0x00,0x00,0x00,#000000
1.129496150000000,0,9,0x00,0x00,0x00,#000000
1.129523840000000,0,10,0x00,0x00,0x00,#000000
1.129551540000000,0,11,0x00,0x00,0x00,#000000
1.129579230000000,0,12,0x00,0x00,0x00,#000000
1.129606930000000,0,13,0x00,0x00,0x00,#000000
1.129634620000000,0,14,0x00,0x00,0x00,#000000
1.129662310000000,0,15,0x00,0x00,0x00,#000000
1.140130270000000,0,0,0x01,0x00,0x00,#010000
1.140157970000000,0,1,0x00,0x00,0x00,#000000
1.140185660000000,0,2,0x00,0x00,0x00,#000000
1.140213350000000,0,3,0x00,0x00,0x00,#000000
1.140241040000000,0,4,0x00,0x00,0x00,#000000
1.140268740000000,0,5,0x00,0x00,0x00,#000000
1.140296430000000,0,6,0x00,0x00,0x00,#000000
1.140324120000000,0,7,0x00,0x00,0x00,#000000
1.140351810000000,0,8,0x00,0x00,0x00,#000000
1.140379510000000,0,9,0x00,0x00,0x00,#000000
1.140407200000000,0,10,0x00,0x00,0x00,#000000
1.140434900000000,0,11,0x00,0x00,0x00,#000000
1.140462590000000,0,12,0x00,0x00,0x00,#000000
1.140490280000000,0,13,0x00,0x00,0x00,#000000
1.140517980000000,0,14,0x00,0x00,0x00,#000000
1.140545670000000,0,15,0x00,0x00,0x00,#000000
1.151233490000000,0,0,0x01,0x00,0x00,#010000
1.151261180000000,0,1,0x00,0x00,0x00,#000000
1.151288880000000,0,2,0x00,0x00,0x00,#000000
1.151316570000000,0,3,0x00,0x00,0x00,#000000
1.151344260000000,0,4,0x00,0x00,0x00,#000000
1.151371950000000,0,5,0x00,0x00,0x00,#000000
1.151399650000000,0,6,0x00,0x00,0x00,#000000
1.151427340000000,0,7,0x00,0x00,0x00,#000000
1.151455030000000,0,8,0x00,0x00,0x00,#000000
1.151482730000000,0,9,0x00,0x00,0x00,#000000
1.151510420000000,0,10,0x00,0x00,0x00,#000000
1.151538110000000,0,11,0x00,0x00,0x00,#000000
1.151565810000000,0,12,0x00,0x00,0x00,#000000
1.151593500000000,0,13,0x00,0x00,0x00,#000000
1.151621190000000,0,14,0x00,0x00,0x00,#000000
1.151648890000000,0,15,0x00,0x00,0x00,#000000
1.162224830000000,0,0,0x01,0x00,0x00,#010000
1.162252520000000,0,1,0x00,0x00,0x00,#000000
1.162280210000000,0,2,0x00,0x00,0x00,#000000
1.162307910000000,0,3,0x00,0x00,0x00,#000000
1.162335600000000,0,4,0x00,0x00,0x00,#000000
1.162363290000000,0,5,0x00,0x00,0x00,#000000
1.162390990000000,0,6,0x00,0x00,0x00,#000000
1.162418680000000,0,7,0x00,0x00,0x00,#000000
1.162446380000000,0,8,0x00,0x00,0x00,#000000
1.162474060000000,0,9,0x00,0x00,0x00,#000000
1.162501760000000,0,10,0x00,0x00,0x00,#000000
1.162529450000000,0,11,0x00,0x00,0x00,#000000
1.162557150000000,0,12,0x00,0x00,0x00,#000000
1.162584840000000,0,13,0x00,0x00,0x00,#000000
1.162612530000000,0,14,0x00,0x00,0x00,#000000
1.162640220000000,0,15,0x00,0x00,0x00,#000000
1.173131120000000,0,0,0x01,0x00,0x00,#010000
1.173158810000000,0,1,0x00,0x00,0x00,#000000
1.173186510000000,0,2,0x00,0x00,0x00,#000000
1.173214200000000,0,3,0x00,0x00,0x00,#000000
1.173241890000000,0,4,0x00,0x00,0x00,#000000
1.173269580000000,0,5,0x00,0x00,0x00,#000000
1.173297280000000,0,6,0x00,0x00,0x00,#000000
1.173324970000000,0,7,0x00,0x00,0x00,#000000
1.173352660000000,0,8,0x00,0x00,0x00,#000000
1.173380360000000,0,9,0x00,0x00,0x00,#000000
1.173408050000000,0,10,0x00,0x00,0x00,#000000
1.173435740000000,0,11,0x00,0x00,0x00,#000000
1.173463430000000,0,12,0x00,0x00,0x00,#000000
1.173491130000000,0,13,0x00,0x00,0x00,#000000
1.173518820000000,0,14,0x00,0x00,0x00,#000000
1.173546520000000,0,15,0x00,0x00,0x00,#000000
1.184241210000000,0,0,0x01,0x00,0x00,#010000
1.184268900000000,0,1,0x00,0x00,0x00,#000000
1.184296600000000,0,2,0x00,0x00,0x00,#000000
1.184324290000000,0,3,0x00,0x00,0x00,#000000
1.184351980000000,0,4,0x00,0x00,0x00,#000000
1.184379680000000,0,5,0x00,0x00,0x00,#000000
1.184407370000000,0,6,0x00,0x00,0x00,#000000
1.184435060000000,0,7,0x00,0x00,0x00,#000000
1.184462750000000,0,8,0x00,0x00,0x00,#000000
1.184490450000000,0,9,0x00,0x00,0x00,#000000
1.184518140000000,0,10,0x00,0x00,0x00,#000000
1.184545840000000,0,11,0x00,0x00,0x00,#000000
1.184573530000000,0,12,0x00,0x00,0x00,#000000
1.184601220000000,0,13,0x00,0x00,0x00,#000000
1.184628910000000,0,14,0x00,0x00,0x00,#000000
1.184656610000000,0,15,0x00,0x00,0x00,#000000
1.195231250000000,0,0,0x01,0x00,0x00,#010000
1.195258950000000,0,1,0x00,0x00,0x00,#000000
1.195286640000000,0,2,0x00,0x00,0x00,#000000
1.195314330000000,0,3,0x00,0x00,0x00,#000000
1.195342030000000,0,4,0x00,0x00,0x00,#000000
1.195369720000000,0,5,0x00,0x00,0x00,#000000
1.195397410000000,0,6,0x00,0x00,0x00,#000000
1.195425100000000,0,7,0x00,0x00,0x00,#000000
1.195452800000000,0,8,0x00,0x00,0x00,#000000
1.195480490000000,0,9,0x00,0x00,0x00,#000000
1.195508190000000,0,10,0x00,0x00,0x00,#000000
1.195535870000000,0,11,0x00,0x00,0x00,#000000
1.195563570000000,0,12,0x00,0x00,0x00,#000000
1.195591260000000,0,13,0x00,0x00,0x00,#000000
1.195618960000000,0,14,0x00,0x00,0x00,#000000
1.195646650000000,0,15,0x00,0x00,0x00,#000000
1.206131970000000,0,0,0x01,0x00,0x00,#010000
1.206159660000000,0,1,0x00,0x00,0x00,#000000
1.206187350000000,0,2,0x00,0x00,0x00,#000000
1.206215040000000,0,3,0x00,0x00,0x00,#000000
1.206242740000000,0,4,0x00,0x00,0x00,#000000
1.206270430000000,0,5,0x00,0x00,0x00,#000000
1.206298130000000,0,6,0x00,0x00,0x00,#000000
1.206325810000000,0,7,0x00,0x00,0x00,#000000
1.206353510000000,0,8,0x00,0x00,0x00,#000000
1.206381200000000,0,9,0x00,0x00,0x00,#000000
1.206408900000000,0,10,0x00,0x00,0x00,#000000
1.206436590000000,0,11,0x00,0x00,0x00,#000000
1.206464280000000,0,12,0x00,0x00,0x00,#000000
1.206491970000000,0,13,0x00,0x00,0x00,#000000
1.206519670000000,0,14,0x00,0x00,0x00,#000000
1.206547360000000,0,15,0x00,0x00,0x00,#000000
1.217231480000000,0,0,0x01,0x00,0x00,#010000
1.217259180000000,0,1,0x00,0x00,0x00,#000000
1.217286870000000,0,2,0x00,0x00,0x00,#000000
1.217314560000000,0,3,0x00,0x00,0x00,#000000
1.217342250000000,0,4,0x00,0x00,0x00,#000000
1.217369950000000,0,5,0x00,0x00,0x00,#000000
1.217397640000000,0,6,0x00,0x00,0x00,#000000
1.217425330000000,0,7,0x00,0x00,0x00,#000000
1.217453020000000,0,8,0x00,0x00,0x00,#000000
1.217480720000000,0,9,0x00,0x00,0x00,#000000
1.217508410000000,0,10,0x00,0x00,0x00,#000000
1.217536100000000,0,11,0x00,0x00,0x00,#000000
1.217563800000000,0,12,0x00,0x00,0x00,#000000
1.217591490000000,0,13,0x00,0x00,0x00,#000000
1.217619190000000,0,14,0x00,0x00,0x00,#000000
1.217646880000000,0,15,0x00,0x00,0x00,#000000
1.228229800000000,0,0,0x01,0x00,0x00,#010000
1.228257480000000,0,1,0x00,0x00,0x00,#000000
1.228285180000000,0,2,0x00,0x00,0x00,#000000
1.228312870000000,0,3,0x00,0x00,0x00,#000000
1.228340570000000,0,4,0x00,0x00,0x00,#000000
1.228368250000000,0,5,0x00,0x00,0x00,#000000
1.228395950000000,0,6,0x00,0x00,0x00,#000000
1.228423640000000,0,7,0x00,0x00,0x00,#000000
1.228451340000000,0,8,0x00,0x00,0x00,#000000
1.228479030000000,0,9,0x00,0x00,0x00,#000000
1.228506720000000,0,10,0x00,0x00,0x00,#000000
1.228534420000000,0,11,0x00,0x00,0x00,#000000
1.228562110000000,0,12,0x00,0x00,0x00,#000000
1.228589800000000,0,13,0x00,0x00,0x00,#000000
1.228617490000000,0,14,0x00,0x00,0x00,#000000
1.228645190000000,0,15,0x00,0x00,0x00,#000000
1.239132960000000,0,0,0x01,0x00,0x00,#010000
1.239160650000000,0,1,0x00,0x00,0x00,#000000
1.239188340000000,0,2,0x00,0x00,0x00,#000000
1.239216030000000,0,3,0x00,0x00,0x00,#000000
1.239243730000000,0,4,0x00,0x00,0x00,#000000
1.239271420000000,0,5,0x00,0x00,0x00,#000000
1.239299120000000,0,6,0x00,0x00,0x00,#000000
1.239326810000000,0,7,0x00,0x00,0x00,#000000
1.239354500000000,0,8,0x00,0x00,0x00,#000000
1.239382190000000,0,9,0x00,0x00,0x00,#000000
1.239409890000000,0,10,0x00,0x00,0x00,#000000
1.239437580000000,0,11,0x00,0x00,0x00,#000000
1.239465270000000,0,12,0x00,0x00,0x00,#000000
1.239492970000000,0,13,0x00,0x00,0x00,#000000
1.239520660000000,0,14,0x00,0x00,0x00,#000000
1.239548350000000,0,15,0x00,0x00,0x00,#000000
1.250376030000000,0,0,0x01,0x00,0x00,#010000
1.250403730000000,0,1,0x00,0x00,0x00,#000000
1.250431420000000,0,2,0x00,0x00,0x00,#000000
1.250459120000000,0,3,0x00,0x00,0x00,#000000
1.250486800000000,0,4,0x00,0x00,0x00,#000000
1.250514500000000,0,5,0x00,0x00,0x00,#000000
1.250542190000000,0,6,0x00,0x00,0x00,#000000
1.250569890000000,0,7,0x00,0x00,0x00,#000000
1.250597580000000,0,8,0x00,0x00,0x00,#000000
1.250625270000000,0,9,0x00,0x00,0x00,#000000
1.250652960000000,0,10,0x00,0x00,0x00,#000000
1.250680660000000,0,11,0x00,0x00,0x00,#000000
1.250708350000000,0,12,0x00,0x00,0x00,#000000
1.250736040000000,0,13,0x00,0x00,0x00,#000000
1.250763740000000,0,14,0x00,0x00,0x00,#000000
1.250791430000000,0,15,0x00,0x00,0x00,#000000
1.261236020000000,0,0,0x01,0x00,0x00,#010000
1.261263720000000,0,1,0x00,0x00,0x00,#000000
1.261291410000000,0,2,0x00,0x00,0x00,#000000
1.261319100000000,0,3,0x00,0x00,0x00,#000000
1.261346790000000,0,4,0x00,0x00,0x00,#000000
1.261374490000000,0,5,0x00,0x00,0x00,#000000
1.261402180000000,0,6,0x00,0x00,0x00,#000000
1.261429880000000,0,7,0x00,0x00,0x00,#000000
1.261457570000000,0,8,0x00,0x00,0x00,#000000
1.261485260000000,0,9,0x00,0x00,0x00,#000000
1.261512960000000,0,10,0x00,0x00,0x00,#000000
1.261540650000000,0,11,0x00,0x00,0x00,#000000
1.261568340000000,0,12,0x00,0x00,0x00,#000000
1.261596030000000,0,13,0x00,0x00,0x00,#000000
1.261623730000000,0,14,0x00,0x00,0x00,#000000
1.261651420000000,0,15,0x00,0x00,0x00,#000000
1.272133660000000,0,0,0x01,0x00,0x00,#010000
1.272161350000000,0,1,0x00,0x00,0x00,#000000
1.272189050000000,0,2,0x00,0x00,0x00,#000000
1.272216740000000,0,3,0x00,0x00,0x00,#000000
1.272244430000000,0,4,0x00,0x00,0x00,#000000
1.272272130000000,0,5,0x00,0x00,0x00,#000000
1.272299820000000,0,6,0x00,0x00,0x00,#000000
1.272327510000000,0,7,0x00,0x00,0x00,#000000
1.272355200000000,0,8,0x00,0x00,0x00,#000000
1.272382900000000,0,9,0x00,0x00,0x00,#000000
1.272410590000000,0,10,0x00,0x00,0x00,#000000
1.272438290000000,0,11,0x00,0x00,0x00,#000000
1.272465970000000,0,12,0x00,0x00,0x00,#000000
1.272493670000000,0,13,0x00,0x00,0x00,#000000
1.272521360000000,0,14,0x00,0x00,0x00,#000000
1.272549060000000,0,15,0x00,0x00,0x00,#000000
1.283238030000000,0,0,0x01,0x00,0x00,#010000
1.283265730000000,0,1,0x00,0x00,0x00,#000000
1.283293410000000,0,2,0x00,0x00,0x00,#000000
1.283321110000000,0,3,0x00,0x00,0x00,#000000
1.283348800000000,0,4,0x00,0x00,0x00,#000000
1.283376500000000,0,5,0x00,0x00,0x00,#000000
1.283404190000000,0,6,0x00,0x00,0x00,#000000
1.283431880000000,0,7,0x00,0x00,0x00,#000000
1.283459570000000,0,8,0x00,0x00,0x00,#000000
1.283487270000000,0,9,0x00,0x00,0x00,#000000
1.283514960000000,0,10,0x00,0x00,0x00,#000000
1.283542650000000,0,11,0x00,0x00,0x00,#000000
1.283570350000000,0,12,0x00,0x00,0x00,#000000
1.283598040000000,0,13,0x00,0x00,0x00,#000000
1.283625730000000,0,14,0x00,0x00,0x00,#000000
1.283653420000000,0,15,0x00,0x00,0x00,#000000
1.294234510000000,0,0,0x01,0x00,0x00,#010000
1.294262210000000,0,1,0x00,0x00,0x00,#000000
1.294289900000000,0,2,0x00,0x00,0x00,#000000
1.294317600000000,0,3,0x00,0x00,0x00,#000000
1.294345290000000,0,4,0x00,0x00,0x00,#000000
1.294372980000000,0,5,0x00,0x00,0x00,#000000
1.294400670000000,0,6,0x00,0x00,0x00,#000000
1.294428370000000,0,7,0x00,0x00,0x00,#000000
1.294456060000000,0,8,0x00,0x00,0x00,#000000
1.294483750000000,0,9,0x00,0x00,0x00,#000000
1.294511450000000,0,10,0x00,0x00,0x00,#000000
1.294539140000000,0,11,0x00,0x00,0x00,#000000
1.294566830000000,0,12,0x00,0x00,0x00,#000000
1.294594520000000,0,13,0x00,0x00,0x00,#000000
1.294622220000000,0,14,0x00,0x00,0x00,#000000
1.294649910000000,0,15,0x00,0x00,0x00,#000000
1.305134510000000,0,0,0x01,0x00,0x00,#010000
1.305162200000000,0,1,0x00,0x00,0x00,#000000
1.305189890000000,0,2,0x00,0x00,0x00,#000000
1.305217580000000,0,3,0x00,0x00,0x00,#000000
1.305245280000000,0,4,0x00,0x00,0x00,#000000
1.305272970000000,0,5,0x00,0x00,0x00,#000000
1.305300670000000,0,6,0x00,0x00,0x00,#000000
1.305328350000000,0,7,0x00,0x00,0x00,#000000
1.305356050000000,0,8,0x00,0x00,0x00,#000000
1.305383740000000,0,9,0x00,0x00,0x00,#000000
1.305411440000000,0,10,0x00,0x00,0x00,#000000
1.305439130000000,0,11,0x00,0x00,0x00,#000000
1.305466820000000,0,12,0x00,0x00,0x00,#000000
1.305494520000000,0,13,0x00,0x00,0x00,#000000
1.305522210000000,0,14,0x00,0x00,0x00,#000000
1.305549900000000,0,15,0x00,0x00,0x00,#000000
1.316241910000000,0,0,0x01,0x00,0x00,#010000
1.316269600000000,0,1,0x00,0x00,0x00,#000000
1.316297290000000,0,2,0x00,0x00,0x00,#000000
1.316324990000000,0,3,0x00,0x00,0x00,#000000
1.316352680000000,0,4,0x00,0x00,0x00,#000000
1.316380370000000,0,5,0x00,0x00,0x00,#000000
1.316408060000000,0,6,0x00,0x00,0x00,#000000
1.316435760000000,0,7,0x00,0x00,0x00,#000000
1.316463450000000,0,8,0x00,0x00,0x00,#000000
1.316491140000000,0,9,0x00,0x00,0x00,#000000
1.316518840000000,0,10,0x00,0x00,0x00,#000000
1.316546530000000,0,11,0x00,0x00,0x00,#000000
1.316574220000000,0,12,0x00,0x00,0x00,#000000
1.316601920000000,0,13,0x00,0x00,0x00,#000000
1.316629610000000,0,14,0x00,0x00,0x00,#000000
1.316657300000000,0,15,0x00,0x00,0x00,#000000
1.327229880000000,0,0,0x01,0x00,0x00,#010000
1.327257570000000,0,1,0x00,0x00,0x00,#000000
1.327285270000000,0,2,0x00,0x00,0x00,#000000
1.327312960000000,0,3,0x00,0x00,0x00,#000000
1.327340650000000,0,4,0x00,0x00,0x00,#000000
1.327368350000000,0,5,0x00,0x00,0x00,#000000
1.327396040000000,0,6,0x00,0x00,0x00,#000000
1.327423730000000,0,7,0x00,0x00,0x00,#000000
1.327451420000000,0,8,0x00,0x00,0x00,#000000
1.327479120000000,0,9,0x00,0x00,0x00,#000000
1.327506810000000,0,10,0x00,0x00,0x00,#000000
1.327534510000000,0,11,0x00,0x00,0x00,#000000
1.327562200000000,0,12,0x00,0x00,0x00,#000000
1.327589890000000,0,13,0x00,0x00,0x00,#000000
1.327617580000000,0,14,0x00,0x00,0x00,#000000
1.327645280000000,0,15,0x00,0x00,0x00,#000000
1.338135350000000,0,0,0x01,0x00,0x00,#010000
1.338163050000000,0,1,0x00,0x00,0x00,#000000
1.338190740000000,0,2,0x00,0x00,0x00,#000000
1.338218430000000,0,3,0x00,0x00,0x00,#000000
1.338246120000000,0,4,0x00,0x00,0x00,#000000
1.338273820000000,0,5,0x00,0x00,0x00,#000000
1.338301510000000,0,6,0x00,0x00,0x00,#000000
1.338329200000000,0,7,0x00,0x00,0x00,#000000
1.338356900000000,0,8,0x00,0x00,0x00,#000000
1.338384590000000,0,9,0x00,0x00,0x00,#000000
1.338412290000000,0,10,0x00,0x00,0x00,#000000
1.338439980000000,0,11,0x00,0x00,0x00,#000000
1.338467670000000,0,12,0x00,0x00,0x00,#000000
1.338495360000000,0,13,0x00,0x00,0x00,#000000
1.338523060000000,0,14,0x00,0x00,0x00,#000000
1.338550750000000,0,15,0x00,0x00,0x00,#000000
1.349232080000000,0,0,0x01,0x00,0x00,#010000
1.349259780000000,0,1,0x00,0x00,0x00,#000000
1.349287460000000,0,2,0x00,0x00,0x00,#000000
1.349315160000000,0,3,0x00,0x00,0x00,#000000
1.349342850000000,0,4,0x00,0x00,0x00,#000000
1.349370550000000,0,5,0x00,0x00,0x00,#000000
1.349398240000000,0,6,0x00,0x00,0x00,#000000
1.349425930000000,0,7,0x00,0x00,0x00,#000000
1.349453620000000,0,8,0x00,0x00,0x00,#000000
1.349481320000000,0,9,0x00,0x00,0x00,#000000
1.349509010000000,0,10,0x00,0x00,0x00,#000000
1.349536700000000,0,11,0x00,0x00,0x00,#000000
1.349564400000000,0,12,0x00,0x00,0x00,#000000
1.349592090000000,0,13,0x00,0x00,0x00,#000000
1.349619790000000,0,14,0x00,0x00,0x00,#000000
1.349647470000000,0,15,0x00,0x00,0x00,#000000
1.360228470000000,0,0,0x01,0x00,0x00,#010000
1.360256160000000,0,1,0x00,0x00,0x00,#000000
1.360283850000000,0,2,0x00,0x00,0x00,#000000
1.360311550000000,0,3,0x00,0x00,0x00,#000000
1.360339240000000,0,4,0x00,0x00,0x00,#000000
1.360366940000000,0,5,0x00,0x00,0x00,#000000
1.360394620000000,0,6,0x00,0x00,0x00,#000000
1.360422320000000,0,7,0x00,0x00,0x00,#000000
1.360450010000000,0,8,0x00,0x00,0x00,#000000
1.360477710000000,0,9,0x00,0x00,0x00,#000000
1.360505400000000,0,10,0x00,0x00,0x00,#000000
1.360533090000000,0,11,0x00,0x00,0x00,#000000
1.360560780000000,0,12,0x00,0x00,0x00,#000000
1.360588480000000,0,13,0x00,0x00,0x00,#000000
1.360616170000000,0,14,0x00,0x00,0x00,#000000
1.360643860000000,0,15,0x00,0x00,0x00,#000000
1.371136200000000,0,0,0x01,0x00,0x00,#010000
1.371163890000000,0,1,0x00,0x00,0x00,#000000
1.371191590000000,0,2,0x00,0x00,0x00,#000000
1.371219280000000,0,3,0x00,0x00,0x00,#000000
1.371246970000000,0,4,0x00,0x00,0x00,#000000
1.371274670000000,0,5,0x00,0x00,0x00,#000000
1.371302360000000,0,6,0x00,0x00,0x00,#000000
1.371330050000000,0,7,0x00,0x00,0x00,#000000
1.371357740000000,0,8,0x00,0x00,0x00,#000000
1.371385440000000,0,9,0x00,0x00,0x00,#000000
1.371413130000000,0,10,0x00,0x00,0x00,#000000
1.371440830000000,0,11,0x00,0x00,0x00,#000000
1.371468510000000,0,12,0x00,0x00,0x00,#000000
1.371496210000000,0,13,0x00,0x00,0x00,#000000
1.371523900000000,0,14,0x00,0x00,0x00,#000000
1.371551600000000,0,15,0x00,0x00,0x00,#000000
1.382241150000000,0,0,0x01,0x00,0x00,#010000
1.382268840000000,0,1,0x00,0x00,0x00,#000000
1.382296540000000,0,2,0x00,0x00,0x00,#000000
1.382324230000000,0,3,0x00,0x00,0x00,#000000
1.382351920000000,0,4,0x00,0x00,0x00,#000000
1.382379610000000,0,5,0x00,0x00,0x00,#000000
1.382407310000000,0,6,0x00,0x00,0x00,#000000
1.382435000000000,0,7,0x00,0x00,0x00,#000000
1.382462690000000,0,8,0x00,0x00,0x00,#000000
1.382490380000000,0,9,0x00,0x00,0x00,#000000
1.382518080000000,0,10,0x00,0x00,0x00,#000000
1.382545770000000,0,11,0x00,0x00,0x00,#000000
1.382573460000000,0,12,0x00,0x00,0x00,#000000
1.382601160000000,0,13,0x00,0x00,0x00,#000000
1.382628850000000,0,14,0x00,0x00,0x00,#000000
1.382656550000000,0,15,0x00,0x00,0x00,#000000
1.393261910000000,0,0,0x01,0x00,0x00,#010000
1.393289610000000,0,1,0x00,0x00,0x00,#000000
1.393317300000000,0,2,0x00,0x00,0x00,#000000
1.393344990000000,0,3,0x00,0x00,0x00,#000000
1.393372680000000,0,4,0x00,0x00,0x00,#000000
1.393400380000000,0,5,0x00,0x00,0x00,#000000
1.393428070000000,0,6,0x00,0x00,0x00,#000000
1.393455770000000,0,7,0x00,0x00,0x00,#000000
1.393483460000000,0,8,0x00,0x00,0x00,#000000
1.393511150000000,0,9,0x00,0x00,0x00,#000000
1.393538840000000,0,10,0x00,0x00,0x00,#000000
1.393566540000000,0,11,0x00,0x00,0x00,#000000
1.393594230000000,0,12,0x00,0x00,0x00,#000000
1.393621920000000,0,13,0x00,0x00,0x00,#000000
1.393649610000000,0,14,0x00,0x00,0x00,#000000
1.393677310000000,0,15,0x00,0x00,0x00,#000000
1.404137050000000,0,0,0x01,0x00,0x00,#010000
1.404164740000000,0,1,0x00,0x00,0x00,#000000
1.404192440000000,0,2,0x00,0x00,0x00,#000000
1.404220120000000,0,3,0x00,0x00,0x00,#000000
1.404247820000000,0,4,0x00,0x00,0x00,#000000
1.404275510000000,0,5,0x00,0x00,0x00,#000000
1.404303210000000,0,6,0x00,0x00,0x00,#000000
1.404330900000000,0,7,0x00,0x00,0x00,#000000
1.404358590000000,0,8,0x00,0x00,0x00,#000000
1.404386280000000,0,9,0x00,0x00,0x00,#000000
1.404413980000000,0,10,0x00,0x00,0x00,#000000
1.404441670000000,0,11,0x00,0x00,0x00,#000000
1.404469360000000,0,12,0x00,0x00,0x00,#000000
1.404497060000000,0,13,0x00,0x00,0x00,#000000
1.404524750000000,0,14,0x00,0x00,0x00,#000000
1.404552450000000,0,15,0x00,0x00,0x00,#000000
1.415231660000000,0,0,0x01,0x00,0x00,#010000
1.415259350000000,0,1,0x00,0x00,0x00,#000000
1.415287050000000,0,2,0x00,0x00,0x00,#000000
1.415314740000000,0,3,0x00,0x00,0x00,#000000
1.415342430000000,0,4,0x00,0x00,0x00,#000000
1.415370120000000,0,5,0x00,0x00,0x00,#000000
1.415397820000000,0,6,0x00,0x00,0x00,#000000
1.415425510000000,0,7,0x00,0x00,0x00,#000000
1.415453210000000,0,8,0x00,0x00,0x00,#000000
1.415480890000000,0,9,0x00,0x00,0x00,#000000
1.415508590000000,0,10,0x00,0x00,0x00,#000000
1.415536280000000,0,11,0x00,0x00,0x00,#000000
1.415563980000000,0,12,0x00,0x00,0x00,#000000
1.415591670000000,0,13,0x00,0x00,0x00,#000000
1.415619360000000,0,14,0x00,0x00,0x00,#000000
1.415647050000000,0,15,0x00,0x00,0x00,#000000
1.426236990000000,0,0,0x01,0x00,0x00,#010000
1.426264680000000,0,1,0x00,0x00,0x00,#000000
1.426292380000000,0,2,0x00,0x00,0x00,#000000
1.426320070000000,0,3,0x00,0x00,0x00,#000000
1.426347760000000,0,4,0x00,0x00,0x00,#000000
1.426375460000000,0,5,0x00,0x00,0x00,#000000
1.426403150000000,0,6,0x00,0x00,0x00,#000000
1.426430840000000,0,7,0x00,0x00,0x00,#000000
1.426458530000000,0,8,0x00,0x00,0x00,#000000
1.426486230000000,0,9,0x00,0x00,0x00,#000000
1.426513920000000,0,10,0x00,0x00,0x00,#000000
1.426541620000000,0,11,0x00,0x00,0x00,#000000
1.426569300000000,0,12,0x00,0x00,0x00,#000000
1.426597000000000,0,13,0x00,0x00,0x00,#000000
1.426624690000000,0,14,0x00,0x00,0x00,#000000
1.426652390000000,0,15,0x00,0x00,0x00,#000000
1.437137890000000,0,0,0x01,0x00,0x00,#010000
1.437165590000000,0,1,0x00,0x00,0x00,#000000
1.437193280000000,0,2,0x00,0x00,0x00,#000000
1.437220970000000,0,3,0x00,0x00,0x00,#000000
1.437248670000000,0,4,0x00,0x00,0x00,#000000
1.437276360000000,0,5,0x00,0x00,0x00,#000000
1.437304050000000,0,6,0x00,0x00,0x00,#000000
1.437331740000000,0,7,0x00,0x00,0x00,#000000
1.437359440000000,0,8,0x00,0x00,0x00,#000000
1.437387130000000,0,9,0x00,0x00,0x00,#000000
1.437414830000000,0,10,0x00,0x00,0x00,#000000
1.437442520000000,0,11,0x00,0x00,0x00,#000000
1.437470210000000,0,12,0x00,0x00,0x00,#000000
1.437497900000000,0,13,0x00,0x00,0x00,#000000
1.437525600000000,0,14,0x00,0x00,0x00,#000000
1.437553290000000,0,15,0x00,0x00,0x00,#000000
1.448243320000000,0,0,0x01,0x00,0x00,#010000
1.448271020000000,0,1,0x00,0x00,0x00,#000000
1.448298710000000,0,2,0x00,0x00,0x00,#000000
1.448326400000000,0,3,0x00,0x00,0x00,#000000
1.448354090000000,0,4,0x00,0x00,0x00,#000000
1.448381790000000,0,5,0x00,0x00,0x00,#000000
1.448409480000000,0,6,0x00,0x00,0x00,#000000
1.448437180000000,0,7,0x00,0x00,0x00,#000000
1.448464870000000,0,8,0x00,0x00,0x00,#000000
1.448492560000000,0,9,0x00,0x00,0x00,#000000
1.448520250000000,0,10,0x00,0x00,0x00,#000000
1.448547950000000,0,11,0x00,0x00,0x00,#000000
1.448575640000000,0,12,0x00,0x00,0x00,#000000
1.448603330000000,0,13,0x00,0x00,0x00,#000000
1.448631030000000,0,14,0x00,0x00,0x00,#000000
1.448658720000000,0,15,0x00,0x00,0x00,#000000
1.459235870000000,0,0,0x01,0x00,0x00,#010000
1.459263550000000,0,1,0x00,0x00,0x00,#000000
1.459291250000000,0,2,0x00,0x00,0x00,#000000
1.459318940000000,0,3,0x00,0x00,0x00,#000000
1.459346640000000,0,4,0x00,0x00,0x00,#000000
1.459374330000000,0,5,0x00,0x00,0x00,#000000
1.459402020000000,0,6,0x00,0x00,0x00,#000000
1.459429720000000,0,7,0x00,0x00,0x00,#000000
1.459457410000000,0,8,0x00,0x00,0x00,#000000
1.459485100000000,0,9,0x00,0x00,0x00,#000000
1.459512790000000,0,10,0x00,0x00,0x00,#000000
1.459540490000000,0,11,0x00,0x00,0x00,#000000
1.459568180000000,0,12,0x00,0x00,0x00,#000000
1.459595880000000,0,13,0x00,0x00,0x00,#000000
1.459623560000000,0,14,0x00,0x00,0x00,#000000
1.459651260000000,0,15,0x00,0x00,0x00,#000000
1.470138740000000,0,0,0x01,0x00,0x00,#010000
1.470166430000000,0,1,0x00,0x00,0x00,#000000
1.470194130000000,0,2,0x00,0x00,0x00,#000000
1.470221820000000,0,3,0x00,0x00,0x00,#000000
1.470249510000000,0,4,0x00,0x00,0x00,#000000
1.470277210000000,0,5,0x00,0x00,0x00,#000000
1.470304900000000,0,6,0x00,0x00,0x00,#000000
1.470332590000000,0,7,0x00,0x00,0x00,#000000
1.470360280000000,0,8,0x00,0x00,0x00,#000000
1.470387980000000,0,9,0x00,0x00,0x00,#000000
1.470415670000000,0,10,0x00,0x00,0x00,#000000
1.470443370000000,0,11,0x00,0x00,0x00,#000000
1.470471060000000,0,12,0x00,0x00,0x00,#000000
1.470498750000000,0,13,0x00,0x00,0x00,#000000
1.470526440000000,0,14,0x00,0x00,0x00,#000000
1.470554140000000,0,15,0x00,0x00,0x00,#000000
1.481237060000000,0,0,0x01,0x00,0x00,#010000
1.481264740000000,0,1,0x00,0x00,0x00,#000000
1.481292440000000,0,2,0x00,0x00,0x00,#000000
1.481320130000000,0,3,0x00,0x00,0x00,#000000
1.481347830000000,0,4,0x00,0x00,0x00,#000000
1.481375520000000,0,5,0x00,0x00,0x00,#000000
1.481403210000000,0,6,0x00,0x00,0x00,#000000
1.481430900000000,0,7,0x00,0x00,0x00,#000000
1.481458600000000,0,8,0x00,0x00,0x00,#000000
1.481486290000000,0,9,0x00,0x00,0x00,#000000
1.481513980000000,0,10,0x00,0x00,0x00,#000000
1.481541680000000,0,11,0x00,0x00,0x00,#000000
1.481569370000000,0,12,0x00,0x00,0x00,#000000
1.481597070000000,0,13,0x00,0x00,0x00,#000000
1.481624750000000,0,14,0x00,0x00,0x00,#000000
1.481652450000000,0,15,0x00,0x00,0x00,#000000
1.492966920000000,0,0,0x01,0x00,0x00,#010000
1.492994610000000,0,1,0x00,0x00,0x00,#000000
1.493022310000000,0,2,0x00,0x00,0x00,#000000
1.493050000000000,0,3,0x00,0x00,0x00,#000000
1.493077700000000,0,4,0x00,0x00,0x00,#000000
1.493105390000000,0,5,0x00,0x00,0x00,#000000
1.493133080000000,0,6,0x00,0x00,0x00,#000000
1.493160770000000,0,7,0x00,0x00,0x00,#000000
1.493188470000000,0,8,0x00,0x00,0x00,#000000
1.493216160000000,0,9,0x00,0x00,0x00,#000000
1.493243850000000,0,10,0x00,0x00,0x00,#000000
1.493271550000000,0,11,0x00,0x00,0x00,#000000
1.493299240000000,0,12,0x00,0x00,0x00,#000000
1.493326930000000,0,13,0x00,0x00,0x00,#000000
1.493354620000000,0,14,0x00,0x00,0x00,#000000
1.493382320000000,0,15,0x00,0x00,0x00,#000000
1.503222670000000,0,0,0x01,0x00,0x00,#010000
1.503250360000000,0,1,0x00,0x00,0x00,#000000
1.503278050000000,0,2,0x00,0x00,0x00,#000000
1.503305750000000,0,3,0x00,0x00,0x00,#000000
1.503333440000000,0,4,0x00,0x00,0x00,#000000
1.503361130000000,0,5,0x00,0x00,0x00,#000000
1.503388830000000,0,6,0x00,0x00,0x00,#000000
1.503416520000000,0,7,0x00,0x00,0x00,#000000
1.503444210000000,0,8,0x00,0x00,0x00,#000000
1.503471900000000,0,9,0x00,0x00,0x00,#000000
1.503499600000000,0,10,0x00,0x00,0x00,#000000
1.503527290000000,0,11,0x00,0x00,0x00,#000000
1.503554990000000,0,12,0x00,0x00,0x00,#000000
1.503582670000000,0,13,0x00,0x00,0x00,#000000
1.503610370000000,0,14,0x00,0x00,0x00,#000000
1.503638060000000,0,15,0x00,0x00,0x00,#000000
1.514239820000000,0,0,0x01,0x00,0x00,#010000
1.514267520000000,0,1,0x00,0x00,0x00,#000000
1.514295210000000,0,2,0x00,0x00,0x00,#000000
1.514322910000000,0,3,0x00,0x00,0x00,#000000
1.514350590000000,0,4,0x00,0x00,0x00,#000000
1.514378290000000,0,5,0x00,0x00,0x00,#000000
1.514405980000000,0,6,0x00,0x00,0x00,#000000
1.514433680000000,0,7,0x00,0x00,0x00,#000000
1.514461370000000,0,8,0x00,0x00,0x00,#000000
1.514489060000000,0,9,0x00,0x00,0x00,#000000
1.514516750000000,0,10,0x00,0x00,0x00,#000000
1.514544450000000,0,11,0x00,0x00,0x00,#000000
1.514572140000000,0,12,0x00,0x00,0x00,#000000
1.514599830000000,0,13,0x00,0x00,0x00,#000000
1.514627530000000,0,14,0x00,0x00,0x00,#000000
1.514655220000000,0,15,0x00,0x00,0x00,#000000
1.525241170000000,0,0,0x01,0x00,0x00,#010000
1.525268860000000,0,1,0x00,0x00,0x00,#000000
1.525296550000000,0,2,0x00,0x00,0x00,#000000
1.525324240000000,0,3,0x00,0x00,0x00,#000000
1.525351940000000,0,4,0x00,0x00,0x00,#000000
1.525379630000000,0,5,0x00,0x00,0x00,#000000
1.525407320000000,0,6,0x00,0x00,0x00,#000000
1.525435020000000,0,7,0x00,0x00,0x00,#000000
1.525462710000000,0,8,0x00,0x00,0x00,#000000
1.525490400000000,0,9,0x00,0x00,0x00,#000000
1.525518090000000,0,10,0x00,0x00,0x00,#000000
1.525545790000000,0,11,0x00,0x00,0x00,#000000
1.525573480000000,0,12,0x00,0x00,0x00,#000000
1.525601180000000,0,13,0x00,0x00,0x00,#000000
1.525628860000000,0,14,0x00,0x00,0x00,#000000
1.525656560000000,0,15,0x00,0x00,0x00,#000000
1.536140580000000,0,0,0x01,0x00,0x00,#010000
1.536168270000000,0,1,0x00,0x00,0x00,#000000
1.536195970000000,0,2,0x00,0x00,0x00,#000000
1.536223650000000,0,3,0x00,0x00,0x00,#000000
1.536251350000000,0,4,0x00,0x00,0x00,#000000
1.536279040000000,0,5,0x00,0x00,0x00,#000000
1.536306740000000,0,6,0x00,0x00,0x00,#000000
1.536334430000000,0,7,0x00,0x00,0x00,#000000
1.536362120000000,0,8,0x00,0x00,0x00,#000000
1.536389820000000,0,9,0x00,0x00,0x00,#000000
1.536417510000000,0,10,0x00,0x00,0x00,#000000
1.536445200000000,0,11,0x00,0x00,0x00,#000000
1.536472890000000,0,12,0x00,0x00,0x00,#000000
1.536500590000000,0,13,0x00,0x00,0x00,#000000
1.536528280000000,0,14,0x00,0x00,0x00,#000000
1.536555980000000,0,15,0x00,0x00,0x00,#000000
1.547239950000000,0,0,0x01,0x00,0x00,#010000
1.547267640000000,0,1,0x00,0x00,0x00,#000000
1.547295340000000,0,2,0x00,0x00,0x00,#000000
1.547323030000000,0,3,0x00,0x00,0x00,#000000
1.547350720000000,0,4,0x00,0x00,0x00,#000000
1.547378420000000,0,5,0x00,0x00,0x00,#000000
1.547406110000000,0,6,0x00,0x00,0x00,#000000
1.547433800000000,0,7,0x00,0x00,0x00,#000000
1.547461490000000,0,8,0x00,0x00,0x00,#000000
1.547489190000000,0,9,0x00,0x00,0x00,#000000
1.547516880000000,0,10,0x00,0x00,0x00,#000000
1.547544570000000,0,11,0x00,0x00,0x00,#000000
1.547572260000000,0,12,0x00,0x00,0x00,#000000
1.547599960000000,0,13,0x00,0x00,0x00,#000000
1.547627650000000,0,14,0x00,0x00,0x00,#000000
1.547655350000000,0,15,0x00,0x00,0x00,#000000
1.558236580000000,0,0,0x01,0x00,0x00,#010000
1.558264270000000,0,1,0x00,0x00,0x00,#000000
1.558291970000000,0,2,0x00,0x00,0x00,#000000
1.558319660000000,0,3,0x00,0x00,0x00,#000000
1.558347350000000,0,4,0x00,0x00,0x00,#000000
1.558375040000000,0,5,0x00,0x00,0x00,#000000
1.558402740000000,0,6,0x00,0x00,0x00,#000000
1.558430430000000,0,7,0x00,0x00,0x00,#000000
1.558458130000000,0,8,0x00,0x00,0x00,#000000
1.558485810000000,0,9,0x00,0x00,0x00,#000000
1.558513510000000,0,10,0x00,0x00,0x00,#000000
1.558541200000000,0,11,0x00,0x00,0x00,#000000
1.558568900000000,0,12,0x00,0x00,0x00,#000000
1.558596590000000,0,13,0x00,0x00,0x00,#000000
1.558624280000000,0,14,0x00,0x00,0x00,#000000
1.558651970000000,0,15,0x00,0x00,0x00,#000000
1.569141430000000,0,0,0x01,0x00,0x00,#010000
1.569169120000000,0,1,0x00,0x00,0x00,#000000
1.569196810000000,0,2,0x00,0x00,0x00,#000000
1.569224500000000,0,3,0x00,0x00,0x00,#000000
1.569252200000000,0,4,0x00,0x00,0x00,#000000
1.569279890000000,0,5,0x00,0x00,0x00,#000000
1.569307590000000,0,6,0x00,0x00,0x00,#000000
1.569335280000000,0,7,0x00,0x00,0x00,#000000
1.569362970000000,0,8,0x00,0x00,0x00,#000000
1.569390660000000,0,9,0x00,0x00,0x00,#000000
1.569418360000000,0,10,0x00,0x00,0x00,#000000
1.569446050000000,0,11,0x00,0x00,0x00,#000000
1.569473740000000,0,12,0x00,0x00,0x00,#000000
1.569501430000000,0,13,0x00,0x00,0x00,#000000
1.569529130000000,0,14,0x00,0x00,0x00,#000000
1.569556820000000,0,15,0x00,0x00,0x00,#000000
1.580331190000000,0,0,0x01,0x00,0x00,#010000
1.580358880000000,0,1,0x00,0x00,0x00,#000000
1.580386570000000,0,2,0x00,0x00,0x00,#000000
1.580414260000000,0,3,0x00,0x00,0x00,#000000
1.580441960000000,0,4,0x00,0x00,0x00,#000000
1.580469650000000,0,5,0x00,0x00,0x00,#000000
1.580497340000000,0,6,0x00,0x00,0x00,#000000
1.580525040000000,0,7,0x00,0x00,0x00,#000000
1.580552730000000,0,8,0x00,0x00,0x00,#000000
1.580580420000000,0,9,0x00,0x00,0x00,#000000
1.580608110000000,0,10,0x00,0x00,0x00,#000000
1.580635810000000,0,11,0x00,0x00,0x00,#000000
1.580663500000000,0,12,0x00,0x00,0x00,#000000
1.580691200000000,0,13,0x00,0x00,0x00,#000000
1.580718880000000,0,14,0x00,0x00,0x00,#000000
1.580746580000000,0,15,0x00,0x00,0x00,#000000
1.591246900000000,0,0,0x01,0x00,0x00,#010000
1.591274590000000,0,1,0x00,0x00,0x00,#000000
1.591302280000000,0,2,0x00,0x00,0x00,#000000
1.591329980000000,0,3,0x00,0x00,0x00,#000000
1.591357670000000,0,4,0x00,0x00,0x00,#000000
1.591385360000000,0,5,0x00,0x00,0x00,#000000
1.591413050000000,0,6,0x00,0x00,0x00,#000000
1.591440750000000,0,7,0x00,0x00,0x00,#000000
1.591468440000000,0,8,0x00,0x00,0x00,#000000
1.591496140000000,0,9,0x00,0x00,0x00,#000000
1.591523820000000,0,10,0x00,0x00,0x00,#000000
1.591551520000000,0,11,0x00,0x00,0x00,#000000
1.591579210000000,0,12,0x00,0x00,0x00,#000000
1.591606910000000,0,13,0x00,0x00,0x00,#000000
1.591634600000000,0,14,0x00,0x00,0x00,#000000
1.591662290000000,0,15,0x00,0x00,0x00,#000000
1.602183090000000,0,0,0x01,0x00,0x00,#010000
1.602210790000000,0,1,0x00,0x00,0x00,#000000
1.602238470000000,0,2,0x00,0x00,0x00,#000000
1.602266170000000,0,3,0x00,0x00,0x00,#000000
1.602293860000000,0,4,0x00,0x00,0x00,#000000
1.602321560000000,0,5,0x00,0x00,0x00,#000000
1.602349250000000,0,6,0x00,0x00,0x00,#000000
1.602376940000000,0,7,0x00,0x00,0x00,#000000
1.602404630000000,0,8,0x00,0x00,0x00,#000000
1.602432330000000,0,9,0x00,0x00,0x00,#000000
1.602460020000000,0,10,0x00,0x00,0x00,#000000
1.602487710000000,0,11,0x00,0x00,0x00,#000000
1.602515410000000,0,12,0x00,0x00,0x00,#000000
1.602543100000000,0,13,0x00,0x00,0x00,#000000
1.602570790000000,0,14,0x00,0x00,0x00,#000000
1.602598480000000,0,15,0x00,0x00,0x00,#000000
1.613395400000000,0,0,0x01,0x00,0x00,#010000
1.613423090000000,0,1,0x00,0x00,0x00,#000000
1.613450790000000,0,2,0x00,0x00,0x00,#000000
1.613478470000000,0,3,0x00,0x00,0x00,#000000
1.613506170000000,0,4,0x00,0x00,0x00,#000000
1.613533860000000,0,5,0x00,0x00,0x00,#000000
1.613561560000000,0,6,0x00,0x00,0x00,#000000
1.613589250000000,0,7,0x00,0x00,0x00,#000000
1.613616940000000,0,8,0x00,0x00,0x00,#000000
1.613644640000000,0,9,0x00,0x00,0x00,#000000
1.613672330000000,0,10,0x00,0x00,0x00,#000000
1.613700020000000,0,11,0x00,0x00,0x00,#000000
1.613727710000000,0,12,0x00,0x00,0x00,#000000
1.613755410000000,0,13,0x00,0x00,0x00,#000000
1.613783100000000,0,14,0x00,0x00,0x00,#000000
1.613810800000000,0,15,0x00,0x00,0x00,#000000
1.624293710000000,0,0,0x01,0x00,0x00,#010000
1.624321400000000,0,1,0x00,0x00,0x00,#000000
1.624349090000000,0,2,0x00,0x00,0x00,#000000
1.624376790000000,0,3,0x00,0x00,0x00,#000000
1.624404480000000,0,4,0x00,0x00,0x00,#000000
1.624432170000000,0,5,0x00,0x00,0x00,#000000
1.624459860000000,0,6,0x00,0x00,0x00,#000000
1.624487560000000,0,7,0x00,0x00,0x00,#000000
1.624515250000000,0,8,0x00,0x00,0x00,#000000
1.624542950000000,0,9,0x00,0x00,0x00,#000000
1.624570630000000,0,10,0x00,0x00,0x00,#000000
1.624598330000000,0,11,0x00,0x00,0x00,#000000
1.624626020000000,0,12,0x00,0x00,0x00,#000000
1.624653720000000,0,13,0x00,0x00,0x00,#000000
1.624681410000000,0,14,0x00,0x00,0x00,#000000
1.624709100000000,0,15,0x00,0x00,0x00,#000000
1.635254370000000,0,0,0x01,0x00,0x00,#010000
1.635282070000000,0,1,0x00,0x00,0x00,#000000
1.635309760000000,0,2,0x00,0x00,0x00,#000000
1.635337450000000,0,3,0x00,0x00,0x00,#000000
1.635365140000000,0,4,0x00,0x00,0x00,#000000
1.635392840000000,0,5,0x00,0x00,0x00,#000000
1.635420530000000,0,6,0x00,0x00,0x00,#000000
1.635448230000000,0,7,0x00,0x00,0x00,#000000
1.635475910000000,0,8,0x00,0x00,0x00,#000000
1.635503610000000,0,9,0x00,0x00,0x00,#000000
1.635531300000000,0,10,0x00,0x00,0x00,#000000
1.635559000000000,0,11,0x00,0x00,0x00,#000000
1.635586690000000,0,12,0x00,0x00,0x00,#000000
1.635614380000000,0,13,0x00,0x00,0x00,#000000
1.635642070000000,0,14,0x00,0x00,0x00,#000000
1.635669770000000,0,15,0x00,0x00,0x00,#000000
1.646636970000000,0,0,0x01,0x00,0x00,#010000
1.646664660000000,0,1,0x00,0x00,0x00,#000000
1.646692360000000,0,2,0x00,0x00,0x00,#000000
1.646720050000000,0,3,0x00,0x00,0x00,#000000
1.646747740000000,0,4,0x00,0x00,0x00,#000000
1.646775440000000,0,5,0x00,0x00,0x00,#000000
1.646803130000000,0,6,0x00,0x00,0x00,#000000
1.646830820000000,0,7,0x00,0x00,0x00,#000000
1.646858520000000,0,8,0x00,0x00,0x00,#000000
1.646886210000000,0,9,0x00,0x00,0x00,#000000
1.646913900000000,0,10,0x00,0x00,0x00,#000000
1.646941600000000,0,11,0x00,0x00,0x00,#000000
1.646969290000000,0,12,0x00,0x00,0x00,#000000
1.646996980000000,0,13,0x00,0x00,0x00,#000000
1.647024670000000,0,14,0x00,0x00,0x00,#000000
1.647052370000000,0,15,0x00,0x00,0x00,#000000
1.657236330000000,0,0,0x01,0x00,0x00,#010000
1.657264020000000,0,1,0x00,0x00,0x00,#000000
1.657291720000000,0,2,0x00,0x00,0x00,#000000
1.657319410000000,0,3,0x00,0x00,0x00,#000000
1.657347100000000,0,4,0x00,0x00,0x00,#000000
1.657374790000000,0,5,0x00,0x00,0x00,#000000
1.657402490000000,0,6,0x00,0x00,0x00,#000000
1.657430180000000,0,7,0x00,0x00,0x00,#000000
1.657457870000000,0,8,0x00,0x00,0x00,#000000
1.657485570000000,0,9,0x00,0x00,0x00,#000000
1.657513260000000,0,10,0x00,0x00,0x00,#000000
1.657540960000000,0,11,0x00,0x00,0x00,#000000
1.657568640000000,0,12,0x00,0x00,0x00,#000000
1.657596340000000,0,13,0x00,0x00,0x00,#000000
1.657624030000000,0,14,0x00,0x00,0x00,#000000
1.657651730000000,0,15,0x00,0x00,0x00,#000000
1.668143820000000,0,0,0x01,0x00,0x00,#010000
1.668171520000000,0,1,0x00,0x00,0x00,#000000
1.668199210000000,0,2,0x00,0x00,0x00,#000000
1.668226900000000,0,3,0x00,0x00,0x00,#000000
1.668254590000000,0,4,0x00,0x00,0x00,#000000
1.668282290000000,0,5,0x00,0x00,0x00,#000000
1.668309980000000,0,6,0x00,0x00,0x00,#000000
1.668337670000000,0,7,0x00,0x00,0x00,#000000
1.668365360000000,0,8,0x00,0x00,0x00,#000000
1.668393060000000,0,9,0x00,0x00,0x00,#000000
1.668420750000000,0,10,0x00,0x00,0x00,#000000
1.668448450000000,0,11,0x00,0x00,0x00,#000000
1.668476140000000,0,12,0x00,0x00,0x00,#000000
1.668503830000000,0,13,0x00,0x00,0x00,#000000
1.668531520000000,0,14,0x00,0x00,0x00,#000000
1.668559220000000,0,15,0x00,0x00,0x00,#000000
1.679260360000000,0,0,0x01,0x00,0x00,#010000
1.679288050000000,0,1,0x00,0x00,0x00,#000000
1.679315750000000,0,2,0x00,0x00,0x00,#000000
1.679343430000000,0,3,0x00,0x00,0x00,#000000
1.679371130000000,0,4,0x00,0x00,0x00,#000000
1.679398820000000,0,5,0x00,0x00,0x00,#000000
1.679426520000000,0,6,0x00,0x00,0x00,#000000
1.679454210000000,0,7,0x00,0x00,0x00,#000000
1.679481900000000,0,8,0x00,0x00,0x00,#000000
1.679509590000000,0,9,0x00,0x00,0x00,#000000
1.679537290000000,0,10,0x00,0x00,0x00,#000000
1.679564980000000,0,11,0x00,0x00,0x00,#000000
1.679592670000000,0,12,0x00,0x00,0x00,#000000
1.679620370000000,0,13,0x00,0x00,0x00,#000000
1.679648060000000,0,14,0x00,0x00,0x00,#000000
1.679675750000000,0,15,0x00,0x00,0x00,#000000
1.690243380000000,0,0,0x01,0x00,0x00,#010000
1.690271070000000,0,1,0x00,0x00,0x00,#000000
1.690298760000000,0,2,0x00,0x00,0x00,#000000
1.690326460000000,0,3,0x00,0x00,0x00,#000000
1.690354150000000,0,4,0x00,0x00,0x00,#000000
1.690381840000000,0,5,0x00,0x00,0x00,#000000
1.690409540000000,0,6,0x00,0x00,0x00,#000000
1.690437230000000,0,7,0x00,0x00,0x00,#000000
1.690464930000000,0,8,0x00,0x00,0x00,#000000
1.690492610000000,0,9,0x00,0x00,0x00,#000000
1.690520310000000,0,10,0x00,0x00,0x00,#000000
1.690548000000000,0,11,0x00,0x00,0x00,#000000
1.690575700000000,0,12,0x00,0x00,0x00,#000000
1.690603390000000,0,13,0x00,0x00,0x00,#000000
1.690631080000000,0,14,0x00,0x00,0x00,#000000
1.690658770000000,0,15,0x00,0x00,0x00,#000000
1.701144670000000,0,0,0x01,0x00,0x00,#010000
1.701172360000000,0,1,0x00,0x00,0x00,#000000
1.701200060000000,0,2,0x00,0x00,0x00,#000000
1.701227750000000,0,3,0x00,0x00,0x00,#000000
1.701255440000000,0,4,0x00,0x00,0x00,#000000
1.701283130000000,0,5,0x00,0x00,0x00,#000000
1.701310830000000,0,6,0x00,0x00,0x00,#000000
1.701338520000000,0,7,0x00,0x00,0x00,#000000
1.701366210000000,0,8,0x00,0x00,0x00,#000000
1.701393910000000,0,9,0x00,0x00,0x00,#000000
1.701421600000000,0,10,0x00,0x00,0x00,#000000
1.701449290000000,0,11,0x00,0x00,0x00,#000000
1.701476980000000,0,12,0x00,0x00,0x00,#000000
1.701504680000000,0,13,0x00,0x00,0x00,#000000
1.701532370000000,0,14,0x00,0x00,0x00,#000000
1.701560070000000,0,15,0x00,0x00,0x00,#000000
1.712246630000000,0,0,0x01,0x00,0x00,#010000
1.712274330000000,0,1,0x00,0x00,0x00,#000000
1.712302020000000,0,2,0x00,0x00,0x00,#000000
1.712329720000000,0,3,0x00,0x00,0x00,#000000
1.712357410000000,0,4,0x00,0x00,0x00,#000000
1.712385100000000,0,5,0x00,0x00,0x00,#000000
1.712412790000000,0,6,0x00,0x00,0x00,#000000
1.712440490000000,0,7,0x00,0x00,0x00,#000000
1.712468180000000,0,8,0x00,0x00,0x00,#000000
1.712495870000000,0,9,0x00,0x00,0x00,#000000
1.712523570000000,0,10,0x00,0x00,0x00,#000000
1.712551260000000,0,11,0x00,0x00,0x00,#000000
1.712578950000000,0,12,0x00,0x00,0x00,#000000
1.712606640000000,0,13,0x00,0x00,0x00,#000000
1.712634340000000,0,14,0x00,0x00,0x00,#000000
1.712662030000000,0,15,0x00,0x00,0x00,#000000
1.723250430000000,0,0,0x01,0x00,0x00,#010000
1.723278120000000,0,1,0x00,0x00,0x00,#000000
1.723305810000000,0,2,0x00,0x00,0x00,#000000
1.723333510000000,0,3,0x00,0x00,0x00,#000000
1.723361200000000,0,4,0x00,0x00,0x00,#000000
1.723388890000000,0,5,0x00,0x00,0x00,#000000
1.723416580000000,0,6,0x00,0x00,0x00,#000000
1.723444280000000,0,7,0x00,0x00,0x00,#000000
1.723471970000000,0,8,0x00,0x00,0x00,#000000
1.723499670000000,0,9,0x00,0x00,0x00,#000000
1.723527360000000,0,10,0x00,0x00,0x00,#000000
1.723555050000000,0,11,0x00,0x00,0x00,#000000
1.723582740000000,0,12,0x00,0x00,0x00,#000000
1.723610440000000,0,13,0x00,0x00,0x00,#000000
1.723638130000000,0,14,0x00,0x00,0x00,#000000
1.723665820000000,0,15,0x00,0x00,0x00,#000000
1.734145520000000,0,0,0x01,0x00,0x00,#010000
1.734173210000000,0,1,0x00,0x00,0x00,#000000
1.734200900000000,0,2,0x00,0x00,0x00,#000000
1.734228590000000,0,3,0x00,0x00,0x00,#000000
1.734256290000000,0,4,0x00,0x00,0x00,#000000
1.734283980000000,0,5,0x00,0x00,0x00,#000000
1.734311680000000,0,6,0x00,0x00,0x00,#000000
1.734339360000000,0,7,0x00,0x00,0x00,#000000
1.734367060000000,0,8,0x00,0x00,0x00,#000000
1.734394750000000,0,9,0x00,0x00,0x00,#000000
1.734422450000000,0,10,0x00,0x00,0x00,#000000
1.734450140000000,0,11,0x00,0x00,0x00,#000000
1.734477830000000,0,12,0x00,0x00,0x00,#000000
1.734505520000000,0,13,0x00,0x00,0x00,#000000
1.734533220000000,0,14,0x00,0x00,0x00,#000000
1.734560910000000,0,15,0x00,0x00,0x00,#000000
1.745248540000000,0,0,0x01,0x00,0x00,#010000
1.745276230000000,0,1,0x00,0x00,0x00,#000000
1.745303930000000,0,2,0x00,0x00,0x00,#000000
1.745331620000000,0,3,0x00,0x00,0x00,#000000
1.745359310000000,0,4,0x00,0x00,0x00,#000000
1.745387000000000,0,5,0x00,0x00,0x00,#000000
1.745414700000000,0,6,0x00,0x00,0x00,#000000
1.745442390000000,0,7,0x00,0x00,0x00,#000000
1.745470090000000,0,8,0x00,0x00,0x00,#000000
1.745497770000000,0,9,0x00,0x00,0x00,#000000
1.745525470000000,0,10,0x00,0x00,0x00,#000000
1.745553160000000,0,11,0x00,0x00,0x00,#000000
1.745580860000000,0,12,0x00,0x00,0x00,#000000
1.745608550000000,0,13,0x00,0x00,0x00,#000000
1.745636240000000,0,14,0x00,0x00,0x00,#000000
1.745663940000000,0,15,0x00,0x00,0x00,#000000
1.756248440000000,0,0,0x01,0x00,0x00,#010000
1.756276130000000,0,1,0x00,0x00,0x00,#000000
1.756303830000000,0,2,0x00,0x00,0x00,#000000
1.756331510000000,0,3,0x00,0x00,0x00,#000000
1.756359210000000,0,4,0x00,0x00,0x00,#000000
1.756386900000000,0,5,0x00,0x00,0x00,#000000
1.756414600000000,0,6,0x00,0x00,0x00,#000000
1.756442290000000,0,7,0x00,0x00,0x00,#000000
1.756469980000000,0,8,0x00,0x00,0x00,#000000
1.756497680000000,0,9,0x00,0x00,0x00,#000000
1.756525370000000,0,10,0x00,0x00,0x00,#000000
1.756553060000000,0,11,0x00,0x00,0x00,#000000
1.756580750000000,0,12,0x00,0x00,0x00,#000000
1.756608450000000,0,13,0x00,0x00,0x00,#000000
1.756636140000000,0,14,0x00,0x00,0x00,#000000
1.756663840000000,0,15,0x00,0x00,0x00,#000000
1.767146360000000,0,0,0x01,0x00,0x00,#010000
1.767174060000000,0,1,0x00,0x00,0x00,#000000
1.767201750000000,0,2,0x00,0x00,0x00,#000000
1.767229440000000,0,3,0x00,0x00,0x00,#000000
1.767257130000000,0,4,0x00,0x00,0x00,#000000
1.767284830000000,0,5,0x00,0x00,0x00,#000000
1.767312520000000,0,6,0x00,0x00,0x00,#000000
1.767340210000000,0,7,0x00,0x00,0x00,#000000
1.767367900000000,0,8,0x00,0x00,0x00,#000000
1.767395600000000,0,9,0x00,0x00,0x00,#000000
1.767423290000000,0,10,0x00,0x00,0x00,#000000
1.767450990000000,0,11,0x00,0x00,0x00,#000000
1.767478680000000,0,12,0x00,0x00,0x00,#000000
1.767506370000000,0,13,0x00,0x00,0x00,#000000
1.767534060000000,0,14,0x00,0x00,0x00,#000000
1.767561760000000,0,15,0x00,0x00,0x00,#000000
1.778243180000000,0,0,0x01,0x00,0x00,#010000
1.778270880000000,0,1,0x00,0x00,0x00,#000000
1.778298570000000,0,2,0x00,0x00,0x00,#000000
1.778326270000000,0,3,0x00,0x00,0x00,#000000
1.778353960000000,0,4,0x00,0x00,0x00,#000000
1.778381650000000,0,5,0x00,0x00,0x00,#000000
1.778409340000000,0,6,0x00,0x00,0x00,#000000
1.778437040000000,0,7,0x00,0x00,0x00,#000000
1.778464730000000,0,8,0x00,0x00,0x00,#000000
1.778492420000000,0,9,0x00,0x00,0x00,#000000
1.778520120000000,0,10,0x00,0x00,0x00,#000000
1.778547810000000,0,11,0x00,0x00,0x00,#000000
1.778575500000000,0,12,0x00,0x00,0x00,#000000
1.778603190000000,0,13,0x00,0x00,0x00,#000000
1.778630890000000,0,14,0x00,0x00,0x00,#000000
1.778658580000000,0,15,0x00,0x00,0x00,#000000
1.789248420000000,0,0,0x01,0x00,0x00,#010000
1.789276110000000,0,1,0x00,0x00,0x00,#000000
1.789303800000000,0,2,0x00,0x00,0x00,#000000
1.789331500000000,0,3,0x00,0x00,0x00,#000000
1.789359190000000,0,4,0x00,0x00,0x00,#000000
1.789386880000000,0,5,0x00,0x00,0x00,#000000
1.789414580000000,0,6,0x00,0x00,0x00,#000000
1.789442270000000,0,7,0x00,0x00,0x00,#000000
1.789469970000000,0,8,0x00,0x00,0x00,#000000
1.789497650000000,0,9,0x00,0x00,0x00,#000000
1.789525350000000,0,10,0x00,0x00,0x00,#000000
1.789553040000000,0,11,0x00,0x00,0x00,#000000
1.789580740000000,0,12,0x00,0x00,0x00,#000000
1.789608430000000,0,13,0x00,0x00,0x00,#000000
1.789636120000000,0,14,0x00,0x00,0x00,#000000
1.789663810000000,0,15,0x00,0x00,0x00,#000000
1.800147210000000,0,0,0x01,0x00,0x00,#010000
1.800174900000000,0,1,0x00,0x00,0x00,#000000
1.800202600000000,0,2,0x00,0x00,0x00,#000000
1.800230280000000,0,3,0x00,0x00,0x00,#000000
1.800257980000000,0,4,0x00,0x00,0x00,#000000
1.800285670000000,0,5,0x00,0x00,0x00,#000000
1.800313370000000,0,6,0x00,0x00,0x00,#000000
1.800341060000000,0,7,0x00,0x00,0x00,#000000
1.800368750000000,0,8,0x00,0x00,0x00,#000000
1.800396450000000,0,9,0x00,0x00,0x00,#000000
1.800424140000000,0,10,0x00,0x00,0x00,#000000
1.800451830000000,0,11,0x00,0x00,0x00,#000000
1.800479520000000,0,12,0x00,0x00,0x00,#000000
1.800507220000000,0,13,0x00,0x00,0x00,#000000
1.800534910000000,0,14,0x00,0x00,0x00,#000000
1.800562610000000,0,15,0x00,0x00,0x00,#000000
1.811253020000000,0,0,0x01,0x00,0x00,#010000
1.811280710000000,0,1,0x00,0x00,0x00,#000000
1.811308410000000,0,2,0x00,0x00,0x00,#000000
1.811336100000000,0,3,0x00,0x00,0x00,#000000
1.811363800000000,0,4,0x00,0x00,0x00,#000000
1.811391490000000,0,5,0x00,0x00,0x00,#000000
1.811419180000000,0,6,0x00,0x00,0x00,#000000
1.811446870000000,0,7,0x00,0x00,0x00,#000000
1.811474570000000,0,8,0x00,0x00,0x00,#000000
1.811502260000000,0,9,0x00,0x00,0x00,#000000
1.811529950000000,0,10,0x00,0x00,0x00,#000000
1.811557640000000,0,11,0x00,0x00,0x00,#000000
1.811585340000000,0,12,0x00,0x00,0x00,#000000
1.811613030000000,0,13,0x00,0x00,0x00,#000000
1.811640720000000,0,14,0x00,0x00,0x00,#000000
1.811668420000000,0,15,0x00,0x00,0x00,#000000
1.822243740000000,0,0,0x01,0x00,0x00,#010000
1.822271430000000,0,1,0x00,0x00,0x00,#000000
1.822299120000000,0,2,0x00,0x00,0x00,#000000
1.822326810000000,0,3,0x00,0x00,0x00,#000000
1.822354510000000,0,4,0x00,0x00,0x00,#000000
1.822382200000000,0,5,0x00,0x00,0x00,#000000
1.822409900000000,0,6,0x00,0x00,0x00,#000000
1.822437590000000,0,7,0x00,0x00,0x00,#000000
1.822465280000000,0,8,0x00,0x00,0x00,#000000
1.822492980000000,0,9,0x00,0x00,0x00,#000000
1.822520670000000,0,10,0x00,0x00,0x00,#000000
1.822548360000000,0,11,0x00,0x00,0x00,#000000
1.822576050000000,0,12,0x00,0x00,0x00,#000000
1.822603750000000,0,13,0x00,0x00,0x00,#000000
1.822631440000000,0,14,0x00,0x00,0x00,#000000
1.822659130000000,0,15,0x00,0x00,0x00,#000000
1.833148060000000,0,0,0x01,0x00,0x00,#010000
1.833175750000000,0,1,0x00,0x00,0x00,#000000
1.833203440000000,0,2,0x00,0x00,0x00,#000000
1.833231130000000,0,3,0x00,0x00,0x00,#000000
1.833258830000000,0,4,0x00,0x00,0x00,#000000
1.833286520000000,0,5,0x00,0x00,0x00,#000000
1.833314210000000,0,6,0x00,0x00,0x00,#000000
1.833341900000000,0,7,0x00,0x00,0x00,#000000
1.833369600000000,0,8,0x00,0x00,0x00,#000000
1.833397290000000,0,9,0x00,0x00,0x00,#000000
1.833424990000000,0,10,0x00,0x00,0x00,#000000
1.833452680000000,0,11,0x00,0x00,0x00,#000000
1.833480370000000,0,12,0x00,0x00,0x00,#000000
1.833508060000000,0,13,0x00,0x00,0x00,#000000
1.833535760000000,0,14,0x00,0x00,0x00,#000000
1.833563450000000,0,15,0x00,0x00,0x00,#000000
1.844266710000000,0,0,0x01,0x00,0x00,#010000
1.844294400000000,0,1,0x00,0x00,0x00,#000000
1.844322090000000,0,2,0x00,0x00,0x00,#000000
1.844349790000000,0,3,0x00,0x00,0x00,#000000
1.844377480000000,0,4,0x00,0x00,0x00,#000000
1.844405170000000,0,5,0x00,0x00,0x00,#000000
1.844432860000000,0,6,0x00,0x00,0x00,#000000
1.844460560000000,0,7,0x00,0x00,0x00,#000000
1.844488250000000,0,8,0x00,0x00,0x00,#000000
1.844515940000000,0,9,0x00,0x00,0x00,#000000
1.844543630000000,0,10,0x00,0x00,0x00,#000000
1.844571330000000,0,11,0x00,0x00,0x00,#000000
1.844599020000000,0,12,0x00,0x00,0x00,#000000
1.844626720000000,0,13,0x00,0x00,0x00,#000000
1.844654410000000,0,14,0x00,0x00,0x00,#000000
1.844682100000000,0,15,0x00,0x00,0x00,#000000
1.855248000000000,0,0,0x01,0x00,0x00,#010000
1.855275690000000,0,1,0x00,0x00,0x00,#000000
1.855303390000000,0,2,0x00,0x00,0x00,#000000
1.855331070000000,0,3,0x00,0x00,0x00,#000000
1.855358770000000,0,4,0x00,0x00,0x00,#000000
1.855386460000000,0,5,0x00,0x00,0x00,#000000
1.855414160000000,0,6,0x00,0x00,0x00,#000000
1.855441840000000,0,7,0x00,0x00,0x00,#000000
1.855469540000000,0,8,0x00,0x00,0x00,#000000
1.855497230000000,0,9,0x00,0x00,0x00,#000000
1.855524930000000,0,10,0x00,0x00,0x00,#000000
1.855552620000000,0,11,0x00,0x00,0x00,#000000
1.855580310000000,0,12,0x00,0x00,0x00,#000000
1.855608010000000,0,13,0x00,0x00,0x00,#000000
1.855635700000000,0,14,0x00,0x00,0x00,#000000
1.855663390000000,0,15,0x00,0x00,0x00,#000000
1.866148900000000,0,0,0x01,0x00,0x00,#010000
1.866176600000000,0,1,0x00,0x00,0x00,#000000
1.866204290000000,0,2,0x00,0x00,0x00,#000000
1.866231980000000,0,3,0x00,0x00,0x00,#000000
1.866259670000000,0,4,0x00,0x00,0x00,#000000
1.866287370000000,0,5,0x00,0x00,0x00,#000000
1.866315060000000,0,6,0x00,0x00,0x00,#000000
1.866342750000000,0,7,0x00,0x00,0x00,#000000
1.866370440000000,0,8,0x00,0x00,0x00,#000000
1.866398140000000,0,9,0x00,0x00,0x00,#000000
1.866425830000000,0,10,0x00,0x00,0x00,#000000
1.866453530000000,0,11,0x00,0x00,0x00,#000000
1.866481220000000,0,12,0x00,0x00,0x00,#000000
1.866508910000000,0,13,0x00,0x00,0x00,#000000
1.866536600000000,0,14,0x00,0x00,0x00,#000000
1.866564300000000,0,15,0x00,0x00,0x00,#000000
1.877264040000000,0,0,0x01,0x00,0x00,#010000
1.877291740000000,0,1,0x00,0x00,0x00,#000000
1.877319430000000,0,2,0x00,0x00,0x00,#000000
1.877347120000000,0,3,0x00,0x00,0x00,#000000
1.877374810000000,0,4,0x00,0x00,0x00,#000000
1.877402510000000,0,5,0x00,0x00,0x00,#000000
1.877430200000000,0,6,0x00,0x00,0x00,#000000
1.877457890000000,0,7,0x00,0x00,0x00,#000000
1.877485590000000,0,8,0x00,0x00,0x00,#000000
1.877513280000000,0,9,0x00,0x00,0x00,#000000
1.877540970000000,0,10,0x00,0x00,0x00,#000000
1.877568660000000,0,11,0x00,0x00,0x00,#000000
1.877596360000000,0,12,0x00,0x00,0x00,#000000
1.877624050000000,0,13,0x00,0x00,0x00,#000000
1.877651750000000,0,14,0x00,0x00,0x00,#000000
1.877679440000000,0,15,0x00,0x00,0x00,#000000
1.888242310000000,0,0,0x01,0x00,0x00,#010000
1.888270000000000,0,1,0x00,0x00,0x00,#000000
1.888297690000000,0,2,0x00,0x00,0x00,#000000
1.888325380000000,0,3,0x00,0x00,0x00,#000000
1.888353080000000,0,4,0x00,0x00,0x00,#000000
1.888380770000000,0,5,0x00,0x00,0x00,#000000
1.888408470000000,0,6,0x00,0x00,0x00,#000000
1.888436150000000,0,7,0x00,0x00,0x00,#000000
1.888463850000000,0,8,0x00,0x00,0x00,#000000
1.888491540000000,0,9,0x00,0x00,0x00,#000000
1.888519240000000,0,10,0x00,0x00,0x00,#000000
1.888546930000000,0,11,0x00,0x00,0x00,#000000
1.888574620000000,0,12,0x00,0x00,0x00,#000000
1.888602310000000,0,13,0x00,0x00,0x00,#000000
1.888630010000000,0,14,0x00,0x00,0x00,#000000
1.888657700000000,0,15,0x00,0x00,0x00,#000000
1.899151570000000,0,0,0x01,0x00,0x00,#010000
1.899179270000000,0,1,0x00,0x00,0x00,#000000
1.899206960000000,0,2,0x00,0x00,0x00,#000000
1.899234660000000,0,3,0x00,0x00,0x00,#000000
1.899262340000000,0,4,0x00,0x00,0x00,#000000
1.899290040000000,0,5,0x00,0x00,0x00,#000000
1.899317730000000,0,6,0x00,0x00,0x00,#000000
1.899345430000000,0,7,0x00,0x00,0x00,#000000
1.899373120000000,0,8,0x00,0x00,0x00,#000000
1.899400810000000,0,9,0x00,0x00,0x00,#000000
1.899428500000000,0,10,0x00,0x00,0x00,#000000
1.899456200000000,0,11,0x00,0x00,0x00,#000000
1.899483890000000,0,12,0x00,0x00,0x00,#000000
1.899511580000000,0,13,0x00,0x00,0x00,#000000
1.899539280000000,0,14,0x00,0x00,0x00,#000000
1.899566970000000,0,15,0x00,0x00,0x00,#000000
1.910265030000000,0,0,0x01,0x00,0x00,#010000
1.910292730000000,0,1,0x00,0x00,0x00,#000000
1.910320420000000,0,2,0x00,0x00,0x00,#000000
1.910348110000000,0,3,0x00,0x00,0x00,#000000
1.910375800000000,0,4,0x00,0x00,0x00,#000000
1.910403500000000,0,5,0x00,0x00,0x00,#000000
1.910431190000000,0,6,0x00,0x00,0x00,#000000
1.910458880000000,0,7,0x00,0x00,0x00,#000000
1.910486580000000,0,8,0x00,0x00,0x00,#000000
1.910514270000000,0,9,0x00,0x00,0x00,#000000
1.910541960000000,0,10,0x00,0x00,0x00,#000000
1.910569660000000,0,11,0x00,0x00,0x00,#000000
1.910597350000000,0,12,0x00,0x00,0x00,#000000
1.910625040000000,0,13,0x00,0x00,0x00,#000000
1.910652740000000,0,14,0x00,0x00,0x00,#000000
1.910680430000000,0,15,0x00,0x00,0x00,#000000
1.921252050000000,0,0,0x01,0x00,0x00,#010000
1.921279740000000,0,1,0x00,0x00,0x00,#000000
1.921307430000000,0,2,0x00,0x00,0x00,#000000
1.921335120000000,0,3,0x00,0x00,0x00,#000000
1.921362820000000,0,4,0x00,0x00,0x00,#000000
1.921390510000000,0,5,0x00,0x00,0x00,#000000
1.921418210000000,0,6,0x00,0x00,0x00,#000000
1.921445890000000,0,7,0x00,0x00,0x00,#000000
1.921473590000000,0,8,0x00,0x00,0x00,#000000
1.921501280000000,0,9,0x00,0x00,0x00,#000000
1.921528980000000,0,10,0x00,0x00,0x00,#000000
1.921556670000000,0,11,0x00,0x00,0x00,#000000
1.921584360000000,0,12,0x00,0x00,0x00,#000000
1.921612060000000,0,13,0x00,0x00,0x00,#000000
1.921639750000000,0,14,0x00,0x00,0x00,#000000
1.921667440000000,0,15,0x00,0x00,0x00,#000000
1.932150590000000,0,0,0x01,0x00,0x00,#010000
1.932178290000000,0,1,0x00,0x00,0x00,#000000
1.932205980000000,0,2,0x00,0x00,0x00,#000000
1.932233670000000,0,3,0x00,0x00,0x00,#000000
1.932261370000000,0,4,0x00,0x00,0x00,#000000
1.932289060000000,0,5,0x00,0x00,0x00,#000000
1.932316750000000,0,6,0x00,0x00,0x00,#000000
1.932344440000000,0,7,0x00,0x00,0x00,#000000
1.932372140000000,0,8,0x00,0x00,0x00,#000000
1.932399830000000,0,9,0x00,0x00,0x00,#000000
1.932427530000000,0,10,0x00,0x00,0x00,#000000
1.932455220000000,0,11,0x00,0x00,0x00,#000000
1.932482910000000,0,12,0x00,0x00,0x00,#000000
1.932510600000000,0,13,0x00,0x00,0x00,#000000
1.932538300000000,0,14,0x00,0x00,0x00,#000000
1.932565990000000,0,15,0x00,0x00,0x00,#000000
1.943258670000000,0,0,0x01,0x00,0x00,#010000
1.943286360000000,0,1,0x00,0x00,0x00,#000000
1.943314060000000,0,2,0x00,0x00,0x00,#000000
1.943341750000000,0,3,0x00,0x00,0x00,#000000
1.943369440000000,0,4,0x00,0x00,0x00,#000000
1.943397130000000,0,5,0x00,0x00,0x00,#000000
1.943424830000000,0,6,0x00,0x00,0x00,#000000
1.943452520000000,0,7,0x00,0x00,0x00,#000000
1.943480210000000,0,8,0x00,0x00,0x00,#000000
1.943507900000000,0,9,0x00,0x00,0x00,#000000
1.943535600000000,0,10,0x00,0x00,0x00,#000000
1.943563290000000,0,11,0x00,0x00,0x00,#000000
1.943590980000000,0,12,0x00,0x00,0x00,#000000
1.943618680000000,0,13,0x00,0x00,0x00,#000000
1.943646370000000,0,14,0x00,0x00,0x00,#000000
1.943674060000000,0,15,0x00,0x00,0x00,#000000
1.954256590000000,0,0,0x01,0x00,0x00,#010000
1.954284290000000,0,1,0x00,0x00,0x00,#000000
1.954311980000000,0,2,0x00,0x00,0x00,#000000
1.954339680000000,0,3,0x00,0x00,0x00,#000000
1.954367360000000,0,4,0x00,0x00,0x00,#000000
1.954395060000000,0,5,0x00,0x00,0x00,#000000
1.954422750000000,0,6,0x00,0x00,0x00,#000000
1.954450450000000,0,7,0x00,0x00,0x00,#000000
1.954478140000000,0,8,0x00,0x00,0x00,#000000
1.954505830000000,0,9,0x00,0x00,0x00,#000000
1.954533520000000,0,10,0x00,0x00,0x00,#000000
1.954561220000000,0,11,0x00,0x00,0x00,#000000
1.954588910000000,0,12,0x00,0x00,0x00,#000000
1.954616600000000,0,13,0x00,0x00,0x00,#000000
1.954644300000000,0,14,0x00,0x00,0x00,#000000
1.954671990000000,0,15,0x00,0x00,0x00,#000000
1.965151390000000,0,0,0x01,0x00,0x00,#010000
1.965179080000000,0,1,0x00,0x00,0x00,#000000
1.965206780000000,0,2,0x00,0x00,0x00,#000000
1.965234470000000,0,3,0x00,0x00,0x00,#000000
1.965262160000000,0,4,0x00,0x00,0x00,#000000
1.965289860000000,0,5,0x00,0x00,0x00,#000000
1.965317550000000,0,6,0x00,0x00,0x00,#000000
1.965345250000000,0,7,0x00,0x00,0x00,#000000
1.965372940000000,0,8,0x00,0x00,0x00,#000000
1.965400630000000,0,9,0x00,0x00,0x00,#000000
1.965428320000000,0,10,0x00,0x00,0x00,#000000
1.965456020000000,0,11,0x00,0x00,0x00,#000000
1.965483710000000,0,12,0x00,0x00,0x00,#000000
1.965511400000000,0,13,0x00,0x00,0x00,#000000
1.965539090000000,0,14,0x00,0x00,0x00,#000000
1.965566790000000,0,15,0x00,0x00,0x00,#000000
1.976313800000000,0,0,0x01,0x00,0x00,#010000
1.976341490000000,0,1,0x00,0x00,0x00,#000000
1.976369180000000,0,2,0x00,0x00,0x00,#000000
1.976396870000000,0,3,0x00,0x00,0x00,#000000
1.976424570000000,0,4,0x00,0x00,0x00,#000000
1.976452260000000,0,5,0x00,0x00,0x00,#000000
1.976479950000000,0,6,0x00,0x00,0x00,#000000
1.976507640000000,0,7,0x00,0x00,0x00,#000000
1.976535340000000,0,8,0x00,0x00,0x00,#000000
1.976563030000000,0,9,0x00,0x00,0x00,#000000
1.976590730000000,0,10,0x00,0x00,0x00,#000000
1.976618420000000,0,11,0x00,0x00,0x00,#000000
1.976646110000000,0,12,0x00,0x00,0x00,#000000
1.976673800000000,0,13,0x00,0x00,0x00,#000000
1.976701500000000,0,14,0x00,0x00,0x00,#000000
1.976729190000000,0,15,0x00,0x00,0x00,#000000
1.987251240000000,0,0,0x01,0x00,0x00,#010000
1.987278930000000,0,1,0x00,0x00,0x00,#000000
1.987306630000000,0,2,0x00,0x00,0x00,#000000
1.987334320000000,0,3,0x00,0x00,0x00,#000000
1.987362010000000,0,4,0x00,0x00,0x00,#000000
1.987389700000000,0,5,0x00,0x00,0x00,#000000
1.987417400000000,0,6,0x00,0x00,0x00,#000000
1.987445090000000,0,7,0x00,0x00,0x00,#000000
1.987472780000000,0,8,0x00,0x00,0x00,#000000
1.987500480000000,0,9,0x00,0x00,0x00,#000000
1.987528170000000,0,10,0x00,0x00,0x00,#000000
1.987555860000000,0,11,0x00,0x00,0x00,#000000
1.987583550000000,0,12,0x00,0x00,0x00,#000000
1.987611250000000,0,13,0x00,0x00,0x00,#000000
1.987638940000000,0,14,0x00,0x00,0x00,#000000
1.987666640000000,0,15,0x00,0x00,0x00,#000000
1.998171570000000,0,0,0x01,0x00,0x00,#010000
1.998199260000000,0,1,0x00,0x00,0x00,#000000
1.998226950000000,0,2,0x00,0x00,0x00,#000000
1.998254650000000,0,3,0x00,0x00,0x00,#000000
1.998282340000000,0,4,0x00,0x00,0x00,#000000
1.998310030000000,0,5,0x00,0x00,0x00,#000000
1.998337720000000,0,6,0x00,0x00,0x00,#000000
1.998365420000000,0,7,0x00,0x00,0x00,#000000
1.998393110000000,0,8,0x00,0x00,0x00,#000000
1.998420810000000,0,9,0x00,0x00,0x00,#000000
1.998448490000000,0,10,0x00,0x00,0x00,#000000
1.998476190000000,0,11,0x00,0x00,0x00,#000000
1.998503880000000,0,12,0x00,0x00,0x00,#000000
1.998531580000000,0,13,0x00,0x00,0x00,#000000
1.998559270000000,0,14,0x00,0x00,0x00,#000000
1.998586960000000,0,15,0x00,0x00,0x00,#000000
2.009266230000000,0,0,0x01,0x00,0x00,#010000
2.009293920000000,0,1,0x00,0x00,0x00,#000000
2.009321610000000,0,2,0x00,0x00,0x00,#000000
2.009349310000000,0,3,0x00,0x00,0x00,#000000
2.009377000000000,0,4,0x00,0x00,0x00,#000000
2.009404690000000,0,5,0x00,0x00,0x00,#000000
2.009432380000000,0,6,0x00,0x00,0x00,#000000
2.009460080000000,0,7,0x00,0x00,0x00,#000000
2.009487770000000,0,8,0x00,0x00,0x00,#000000
2.009515470000000,0,9,0x00,0x00,0x00,#000000
2.009543150000000,0,10,0x00,0x00,0x00,#000000
2.009570850000000,0,11,0x00,0x00,0x00,#000000
2.009598540000000,0,12,0x00,0x00,0x00,#000000
2.009626240000000,0,13,0x00,0x00,0x00,#000000
2.009653930000000,0,14,0x00,0x00,0x00,#000000
2.009681620000000,0,15,0x00,0x00,0x00,#000000
2.020152950000000,0,0,0x01,0x00,0x00,#010000
2.020180640000000,0,1,0x00,0x00,0x00,#000000
2.020208330000000,0,2,0x00,0x00,0x00,#000000
2.020236030000000,0,3,0x00,0x00,0x00,#000000
2.020263720000000,0,4,0x00,0x00,0x00,#000000
2.020291410000000,0,5,0x00,0x00,0x00,#000000
2.020319110000000,0,6,0x00,0x00,0x00,#000000
2.020346800000000,0,7,0x00,0x00,0x00,#000000
2.020374490000000,0,8,0x00,0x00,0x00,#000000
2.020402180000000,0,9,0x00,0x00,0x00,#000000
2.020429880000000,0,10,0x00,0x00,0x00,#000000
2.020457570000000,0,11,0x00,0x00,0x00,#000000
2.020485270000000,0,12,0x00,0x00,0x00,#000000
2.020512950000000,0,13,0x00,0x00,0x00,#000000
2.020540650000000,0,14,0x00,0x00,0x00,#000000
2.020568340000000,0,15,0x00,0x00,0x00,#000000
2.031250060000000,0,0,0x01,0x00,0x00,#010000
2.031277750000000,0,1,0x00,0x00,0x00,#000000
2.031305440000000,0,2,0x00,0x00,0x00,#000000
2.031333140000000,0,3,0x00,0x00,0x00,#000000
2.031360830000000,0,4,0x00,0x00,0x00,#000000
2.031388530000000,0,5,0x00,0x00,0x00,#000000
2.031416220000000,0,6,0x00,0x00,0x00,#000000
2.031443910000000,0,7,0x00,0x00,0x00,#000000
2.031471600000000,0,8,0x00,0x00,0x00,#000000
2.031499300000000,0,9,0x00,0x00,0x00,#000000
2.031526990000000,0,10,0x00,0x00,0x00,#000000
2.031554680000000,0,11,0x00,0x00,0x00,#000000
2.031582380000000,0,12,0x00,0x00,0x00,#000000
2.031610070000000,0,13,0x00,0x00,0x00,#000000
2.031637760000000,0,14,0x00,0x00,0x00,#000000
2.031665450000000,0,15,0x00,0x00,0x00,#000000
2.042255870000000,0,0,0x01,0x00,0x00,#010000
2.042283560000000,0,1,0x00,0x00,0x00,#000000
2.042311260000000,0,2,0x00,0x00,0x00,#000000
2.042338950000000,0,3,0x00,0x00,0x00,#000000
2.042366640000000,0,4,0x00,0x00,0x00,#000000
2.042394330000000,0,5,0x00,0x00,0x00,#000000
2.042422030000000,0,6,0x00,0x00,0x00,#000000
2.042449720000000,0,7,0x00,0x00,0x00,#000000
2.042477420000000,0,8,0x00,0x00,0x00,#000000
2.042505110000000,0,9,0x00,0x00,0x00,#000000
2.042532800000000,0,10,0x00,0x00,0x00,#000000
2.042560490000000,0,11,0x00,0x00,0x00,#000000
2.042588190000000,0,12,0x00,0x00,0x00,#000000
2.042615880000000,0,13,0x00,0x00,0x00,#000000
2.042643570000000,0,14,0x00,0x00,0x00,#000000
2.042671270000000,0,15,0x00,0x00,0x00,#000000
2.053271250000000,0,0,0x01,0x00,0x00,#010000
2.053298940000000,0,1,0x00,0x00,0x00,#000000
2.053326630000000,0,2,0x00,0x00,0x00,#000000
2.053354330000000,0,3,0x00,0x00,0x00,#000000
2.053382020000000,0,4,0x00,0x00,0x00,#000000
2.053409720000000,0,5,0x00,0x00,0x00,#000000
2.053437400000000,0,6,0x00,0x00,0x00,#000000
2.053465100000000,0,7,0x00,0x00,0x00,#000000
2.053492790000000,0,8,0x00,0x00,0x00,#000000
2.053520490000000,0,9,0x00,0x00,0x00,#000000
2.053548180000000,0,10,0x00,0x00,0x00,#000000
2.053575870000000,0,11,0x00,0x00,0x00,#000000
2.053603570000000,0,12,0x00,0x00,0x00,#000000
2.053631260000000,0,13,0x00,0x00,0x00,#000000
2.053658950000000,0,14,0x00,0x00,0x00,#000000
2.053686640000000,0,15,0x00,0x00,0x00,#000000
2.064229030000000,0,0,0x01,0x00,0x00,#010000
2.064256730000000,0,1,0x00,0x00,0x00,#000000
2.064284410000000,0,2,0x00,0x00,0x00,#000000
2.064312110000000,0,3,0x00,0x00,0x00,#000000
2.064339800000000,0,4,0x00,0x00,0x00,#000000
2.064367500000000,0,5,0x00,0x00,0x00,#000000
2.064395190000000,0,6,0x00,0x00,0x00,#000000
2.064422880000000,0,7,0x00,0x00,0x00,#000000
2.064450570000000,0,8,0x00,0x00,0x00,#000000
2.064478270000000,0,9,0x00,0x00,0x00,#000000
2.064505960000000,0,10,0x00,0x00,0x00,#000000
2.064533650000000,0,11,0x00,0x00,0x00,#000000
2.064561350000000,0,12,0x00,0x00,0x00,#000000
2.064589040000000,0,13,0x00,0x00,0x00,#000000
2.064616740000000,0,14,0x00,0x00,0x00,#000000
2.064644420000000,0,15,0x00,0x00,0x00,#000000
2.075262300000000,0,0,0x01,0x00,0x00,#010000
2.075289980000000,0,1,0x00,0x00,0x00,#000000
2.075317680000000,0,2,0x00,0x00,0x00,#000000
2.075345370000000,0,3,0x00,0x00,0x00,#000000
2.075373070000000,0,4,0x00,0x00,0x00,#000000
2.075400760000000,0,5,0x00,0x00,0x00,#000000
2.075428450000000,0,6,0x00,0x00,0x00,#000000
2.075456140000000,0,7,0x00,0x00,0x00,#000000
2.075483840000000,0,8,0x00,0x00,0x00,#000000
2.075511530000000,0,9,0x00,0x00,0x00,#000000
2.075539220000000,0,10,0x00,0x00,0x00,#000000
2.075566920000000,0,11,0x00,0x00,0x00,#000000
2.075594610000000,0,12,0x00,0x00,0x00,#000000
2.075622300000000,0,13,0x00,0x00,0x00,#000000
2.075649990000000,0,14,0x00,0x00,0x00,#000000
2.075677690000000,0,15,0x00,0x00,0x00,#000000
2.086249880000000,0,0,0x01,0x00,0x00,#010000
2.086277580000000,0,1,0x00,0x00,0x00,#000000
2.086305270000000,0,2,0x00,0x00,0x00,#000000
2.086332960000000,0,3,0x00,0x00,0x00,#000000
2.086360660000000,0,4,0x00,0x00,0x00,#000000
2.086388350000000,0,5,0x00,0x00,0x00,#000000
2.086416040000000,0,6,0x00,0x00,0x00,#000000
2.086443730000000,0,7,0x00,0x00,0x00,#000000
2.086471430000000,0,8,0x00,0x00,0x00,#000000
2.086499120000000,0,9,0x00,0x00,0x00,#000000
2.086526820000000,0,10,0x00,0x00,0x00,#000000
2.086554500000000,0,11,0x00,0x00,0x00,#000000
2.086582200000000,0,12,0x00,0x00,0x00,#000000
2.086609890000000,0,13,0x00,0x00,0x00,#000000
2.086637590000000,0,14,0x00,0x00,0x00,#000000
2.086665280000000,0,15,0x00,0x00,0x00,#000000
2.097154780000000,0,0,0x01,0x00,0x00,#010000
2.097182470000000,0,1,0x00,0x00,0x00,#000000
2.097210160000000,0,2,0x00,0x00,0x00,#000000
2.097237860000000,0,3,0x00,0x00,0x00,#000000
2.097265550000000,0,4,0x00,0x00,0x00,#000000
2.097293240000000,0,5,0x00,0x00,0x00,#000000
2.097320940000000,0,6,0x00,0x00,0x00,#000000
2.097348630000000,0,7,0x00,0x00,0x00,#000000
2.097376330000000,0,8,0x00,0x00,0x00,#000000
2.097404010000000,0,9,0x00,0x00,0x00,#000000
2.097431710000000,0,10,0x00,0x00,0x00,#000000
2.097459400000000,0,11,0x00,0x00,0x00,#000000
2.097487100000000,0,12,0x00,0x00,0x00,#000000
2.097514790000000,0,13,0x00,0x00,0x00,#000000
2.097542480000000,0,14,0x00,0x00,0x00,#000000
2.097570170000000,0,15,0x00,0x00,0x00,#000000
2.108266220000000,0,0,0x01,0x00,0x00,#010000
2.108293910000000,0,1,0x00,0x00,0x00,#000000
2.108321610000000,0,2,0x00,0x00,0x00,#000000
2.108349290000000,0,3,0x00,0x00,0x00,#000000
2.108376990000000,0,4,0x00,0x00,0x00,#000000
2.108404680000000,0,5,0x00,0x00,0x00,#000000
2.108432380000000,0,6,0x00,0x00,0x00,#000000
2.108460070000000,0,7,0x00,0x00,0x00,#000000
2.108487760000000,0,8,0x00,0x00,0x00,#000000
2.108515450000000,0,9,0x00,0x00,0x00,#000000
2.108543150000000,0,10,0x00,0x00,0x00,#000000
2.108570840000000,0,11,0x00,0x00,0x00,#000000
2.108598530000000,0,12,0x00,0x00,0x00,#000000
2.108626230000000,0,13,0x00,0x00,0x00,#000000
2.108653920000000,0,14,0x00,0x00,0x00,#000000
2.108681620000000,0,15,0x00,0x00,0x00,#000000
2.119250780000000,0,0,0x01,0x00,0x00,#010000
2.119278470000000,0,1,0x00,0x00,0x00,#000000
2.119306160000000,0,2,0x00,0x00,0x00,#000000
2.119333860000000,0,3,0x00,0x00,0x00,#000000
2.119361550000000,0,4,0x00,0x00,0x00,#000000
2.119389240000000,0,5,0x00,0x00,0x00,#000000
2.119416930000000,0,6,0x00,0x00,0x00,#000000
2.119444630000000,0,7,0x00,0x00,0x00,#000000
2.119472320000000,0,8,0x00,0x00,0x00,#000000
2.119500020000000,0,9,0x00,0x00,0x00,#000000
2.119527710000000,0,10,0x00,0x00,0x00,#000000
2.119555400000000,0,11,0x00,0x00,0x00,#000000
2.119583100000000,0,12,0x00,0x00,0x00,#000000
2.119610790000000,0,13,0x00,0x00,0x00,#000000
2.119638480000000,0,14,0x00,0x00,0x00,#000000
2.119666170000000,0,15,0x00,0x00,0x00,#000000
2.130155620000000,0,0,0x01,0x00,0x00,#010000
2.130183320000000,0,1,0x00,0x00,0x00,#000000
2.130211010000000,0,2,0x00,0x00,0x00,#000000
2.130238710000000,0,3,0x00,0x00,0x00,#000000
2.130266390000000,0,4,0x00,0x00,0x00,#000000
2.130294090000000,0,5,0x00,0x00,0x00,#000000
2.130321780000000,0,6,0x00,0x00,0x00,#000000
2.130349480000000,0,7,0x00,0x00,0x00,#000000
2.130377170000000,0,8,0x00,0x00,0x00,#000000
2.130404860000000,0,9,0x00,0x00,0x00,#000000
2.130432550000000,0,10,0x00,0x00,0x00,#000000
2.130460250000000,0,11,0x00,0x00,0x00,#000000
2.130487940000000,0,12,0x00,0x00,0x00,#000000
2.130515630000000,0,13,0x00,0x00,0x00,#000000
2.130543330000000,0,14,0x00,0x00,0x00,#000000
2.130571020000000,0,15,0x00,0x00,0x00,#000000
2.141294950000000,0,0,0x01,0x00,0x00,#010000
2.141322640000000,0,1,0x00,0x00,0x00,#000000
2.141350330000000,0,2,0x00,0x00,0x00,#000000
2.141378030000000,0,3,0x00,0x00,0x00,#000000
2.141405720000000,0,4,0x00,0x00,0x00,#000000
2.141433410000000,0,5,0x00,0x00,0x00,#000000
2.141461110000000,0,6,0x00,0x00,0x00,#000000
2.141488800000000,0,7,0x00,0x00,0x00,#000000
2.141516500000000,0,8,0x00,0x00,0x00,#000000
2.141544180000000,0,9,0x00,0x00,0x00,#000000
2.141571880000000,0,10,0x00,0x00,0x00,#000000
2.141599570000000,0,11,0x00,0x00,0x00,#000000
2.141627270000000,0,12,0x00,0x00,0x00,#000000
2.141654960000000,0,13,0x00,0x00,0x00,#000000
2.141682650000000,0,14,0x00,0x00,0x00,#000000
2.141710340000000,0,15,0x00,0x00,0x00,#000000
2.152255130000000,0,0,0x01,0x00,0x00,#010000
2.152282830000000,0,1,0x00,0x00,0x00,#000000
2.152310520000000,0,2,0x00,0x00,0x00,#000000
2.152338210000000,0,3,0x00,0x00,0x00,#000000
2.152365900000000,0,4,0x00,0x00,0x00,#000000
2.152393600000000,0,5,0x00,0x00,0x00,#000000
2.152421290000000,0,6,0x00,0x00,0x00,#000000
2.152448990000000,0,7,0x00,0x00,0x00,#000000
2.152476680000000,0,8,0x00,0x00,0x00,#000000
2.152504370000000,0,9,0x00,0x00,0x00,#000000
2.152532070000000,0,10,0x00,0x00,0x00,#000000
2.152559760000000,0,11,0x00,0x00,0x00,#000000
2.152587450000000,0,12,0x00,0x00,0x00,#000000
2.152615140000000,0,13,0x00,0x00,0x00,#000000
2.152642840000000,0,14,0x00,0x00,0x00,#000000
2.152670530000000,0,15,0x00,0x00,0x00,#000000
2.163217390000000,0,0,0x01,0x00,0x00,#010000
2.163245080000000,0,1,0x00,0x00,0x00,#000000
2.163272770000000,0,2,0x00,0x00,0x00,#000000
2.163300470000000,0,3,0x00,0x00,0x00,#000000
2.163328160000000,0,4,0x00,0x00,0x00,#000000
2.163355850000000,0,5,0x00,0x00,0x00,#000000
2.163383540000000,0,6,0x00,0x00,0x00,#000000
2.163411240000000,0,7,0x00,0x00,0x00,#000000
2.163438930000000,0,8,0x00,0x00,0x00,#000000
2.163466620000000,0,9,0x00,0x00,0x00,#000000
2.163494320000000,0,10,0x00,0x00,0x00,#000000
2.163522010000000,0,11,0x00,0x00,0x00,#000000
2.163549700000000,0,12,0x00,0x00,0x00,#000000
2.163577400000000,0,13,0x00,0x00,0x00,#000000
2.163605090000000,0,14,0x00,0x00,0x00,#000000
2.163632780000000,0,15,0x00,0x00,0x00,#000000
2.174406330000000,0,0,0x01,0x00,0x00,#010000
2.174434020000000,0,1,0x00,0x00,0x00,#000000
2.174461710000000,0,2,0x00,0x00,0x00,#000000
2.174489400000000,0,3,0x00,0x00,0x00,#000000
2.174517100000000,0,4,0x00,0x00,0x00,#000000
2.174544790000000,0,5,0x00,0x00,0x00,#000000
2.174572490000000,0,6,0x00,0x00,0x00,#000000
2.174600180000000,0,7,0x00,0x00,0x00,#000000
2.174627870000000,0,8,0x00,0x00,0x00,#000000
2.174655560000000,0,9,0x00,0x00,0x00,#000000
2.174683260000000,0,10,0x00,0x00,0x00,#000000
2.174710950000000,0,11,0x00,0x00,0x00,#000000
2.174738640000000,0,12,0x00,0x00,0x00,#000000
2.174766340000000,0,13,0x00,0x00,0x00,#000000
2.174794030000000,0,14,0x00,0x00,0x00,#000000
2.174821720000000,0,15,0x00,0x00,0x00,#000000
2.185254390000000,0,0,0x01,0x00,0x00,#010000
2.185282090000000,0,1,0x00,0x00,0x00,#000000
2.185309780000000,0,2,0x00,0x00,0x00,#000000
2.185337480000000,0,3,0x00,0x00,0x00,#000000
2.185365160000000,0,4,0x00,0x00,0x00,#000000
2.185392860000000,0,5,0x00,0x00,0x00,#000000
2.185420550000000,0,6,0x00,0x00,0x00,#000000
2.185448250000000,0,7,0x00,0x00,0x00,#000000
2.185475930000000,0,8,0x00,0x00,0x00,#000000
2.185503630000000,0,9,0x00,0x00,0x00,#000000
2.185531320000000,0,10,0x00,0x00,0x00,#000000
2.185559020000000,0,11,0x00,0x00,0x00,#000000
2.185586710000000,0,12,0x00,0x00,0x00,#000000
2.185614400000000,0,13,0x00,0x00,0x00,#000000
2.185642100000000,0,14,0x00,0x00,0x00,#000000
2.185669790000000,0,15,0x00,0x00,0x00,#000000
2.196157320000000,0,0,0x01,0x00,0x00,#010000
2.196185010000000,0,1,0x00,0x00,0x00,#000000
2.196212700000000,0,2,0x00,0x00,0x00,#000000
2.196240400000000,0,3,0x00,0x00,0x00,#000000
2.196268090000000,0,4,0x00,0x00,0x00,#000000
2.196295780000000,0,5,0x00,0x00,0x00,#000000
2.196323480000000,0,6,0x00,0x00,0x00,#000000
2.196351170000000,0,7,0x00,0x00,0x00,#000000
2.196378860000000,0,8,0x00,0x00,0x00,#000000
2.196406550000000,0,9,0x00,0x00,0x00,#000000
2.196434250000000,0,10,0x00,0x00,0x00,#000000
2.196461940000000,0,11,0x00,0x00,0x00,#000000
2.196489640000000,0,12,0x00,0x00,0x00,#000000
2.196517320000000,0,13,0x00,0x00,0x00,#000000
2.196545020000000,0,14,0x00,0x00,0x00,#000000
2.196572710000000,0,15,0x00,0x00,0x00,#000000
2.207264140000000,0,0,0x01,0x00,0x00,#010000
2.207291830000000,0,1,0x00,0x00,0x00,#000000
2.207319530000000,0,2,0x00,0x00,0x00,#000000
2.207347220000000,0,3,0x00,0x00,0x00,#000000
2.207374920000000,0,4,0x00,0x00,0x00,#000000
2.207402600000000,0,5,0x00,0x00,0x00,#000000
2.207430300000000,0,6,0x00,0x00,0x00,#000000
2.207457990000000,0,7,0x00,0x00,0x00,#000000
2.207485690000000,0,8,0x00,0x00,0x00,#000000
2.207513370000000,0,9,0x00,0x00,0x00,#000000
2.207541070000000,0,10,0x00,0x00,0x00,#000000
2.207568760000000,0,11,0x00,0x00,0x00,#000000
2.207596460000000,0,12,0x00,0x00,0x00,#000000
2.207624150000000,0,13,0x00,0x00,0x00,#000000
2.207651840000000,0,14,0x00,0x00,0x00,#000000
2.207679540000000,0,15,0x00,0x00,0x00,#000000
2.218262740000000,0,0,0x01,0x00,0x00,#010000
2.218290430000000,0,1,0x00,0x00,0x00,#000000
2.218318130000000,0,2,0x00,0x00,0x00,#000000
2.218345820000000,0,3,0x00,0x00,0x00,#000000
2.218373510000000,0,4,0x00,0x00,0x00,#000000
2.218401200000000,0,5,0x00,0x00,0x00,#000000
2.218428900000000,0,6,0x00,0x00,0x00,#000000
2.218456590000000,0,7,0x00,0x00,0x00,#000000
2.218484280000000,0,8,0x00,0x00,0x00,#000000
2.218511980000000,0,9,0x00,0x00,0x00,#000000
2.218539670000000,0,10,0x00,0x00,0x00,#000000
2.218567360000000,0,11,0x00,0x00,0x00,#000000
2.218595060000000,0,12,0x00,0x00,0x00,#000000
2.218622750000000,0,13,0x00,0x00,0x00,#000000
2.218650440000000,0,14,0x00,0x00,0x00,#000000
2.218678140000000,0,15,0x00,0x00,0x00,#000000
2.229158360000000,0,0,0x01,0x00,0x00,#010000
2.229186050000000,0,1,0x00,0x00,0x00,#000000
2.229213740000000,0,2,0x00,0x00,0x00,#000000
2.229241430000000,0,3,0x00,0x00,0x00,#000000
2.229269130000000,0,4,0x00,0x00,0x00,#000000
2.229296820000000,0,5,0x00,0x00,0x00,#000000
2.229324520000000,0,6,0x00,0x00,0x00,#000000
2.229352210000000,0,7,0x00,0x00,0x00,#000000
2.229379900000000,0,8,0x00,0x00,0x00,#000000
2.229407590000000,0,9,0x00,0x00,0x00,#000000
2.229435290000000,0,10,0x00,0x00,0x00,#000000
2.229462980000000,0,11,0x00,0x00,0x00,#000000
2.229490670000000,0,12,0x00,0x00,0x00,#000000
2.229518360000000,0,13,0x00,0x00,0x00,#000000
2.229546060000000,0,14,0x00,0x00,0x00,#000000
2.229573750000000,0,15,0x00,0x00,0x00,#000000
2.240261240000000,0,0,0x01,0x00,0x00,#010000
2.240288930000000,0,1,0x00,0x00,0x00,#000000
2.240316620000000,0,2,0x00,0x00,0x00,#000000
2.240344320000000,0,3,0x00,0x00,0x00,#000000
2.240372010000000,0,4,0x00,0x00,0x00,#000000
2.240399700000000,0,5,0x00,0x00,0x00,#000000
2.240427390000000,0,6,0x00,0x00,0x00,#000000
2.240455090000000,0,7,0x00,0x00,0x00,#000000
2.240482780000000,0,8,0x00,0x00,0x00,#000000
2.240510470000000,0,9,0x00,0x00,0x00,#000000
2.240538170000000,0,10,0x00,0x00,0x00,#000000
2.240565860000000,0,11,0x00,0x00,0x00,#000000
2.240593550000000,0,12,0x00,0x00,0x00,#000000
2.240621250000000,0,13,0x00,0x00,0x00,#000000
2.240648940000000,0,14,0x00,0x00,0x00,#000000
2.240676630000000,0,15,0x00,0x00,0x00,#000000
2.251257620000000,0,0,0x01,0x00,0x00,#010000
2.251285320000000,0,1,0x00,0x00,0x00,#000000
2.251313010000000,0,2,0x00,0x00,0x00,#000000
2.251340710000000,0,3,0x00,0x00,0x00,#000000
2.251368400000000,0,4,0x00,0x00,0x00,#000000
2.251396090000000,0,5,0x00,0x00,0x00,#000000
2.251423780000000,0,6,0x00,0x00,0x00,#000000
2.251451480000000,0,7,0x00,0x00,0x00,#000000
2.251479170000000,0,8,0x00,0x00,0x00,#000000
2.251506860000000,0,9,0x00,0x00,0x00,#000000
2.251534550000000,0,10,0x00,0x00,0x00,#000000
2.251562250000000,0,11,0x00,0x00,0x00,#000000
2.251589940000000,0,12,0x00,0x00,0x00,#000000
2.251617630000000,0,13,0x00,0x00,0x00,#000000
2.251645330000000,0,14,0x00,0x00,0x00,#000000
2.251673020000000,0,15,0x00,0x00,0x00,#000000
2.262159060000000,0,0,0x01,0x00,0x00,#010000
2.262186750000000,0,1,0x00,0x00,0x00,#000000
2.262214450000000,0,2,0x00,0x00,0x00,#000000
2.262242130000000,0,3,0x00,0x00,0x00,#000000
2.262269830000000,0,4,0x00,0x00,0x00,#000000
2.262297520000000,0,5,0x00,0x00,0x00,#000000
2.262325220000000,0,6,0x00,0x00,0x00,#000000
2.262352910000000,0,7,0x00,0x00,0x00,#000000
2.262380600000000,0,8,0x00,0x00,0x00,#000000
2.262408290000000,0,9,0x00,0x00,0x00,#000000
2.262435990000000,0,10,0x00,0x00,0x00,#000000
2.262463680000000,0,11,0x00,0x00,0x00,#000000
2.262491370000000,0,12,0x00,0x00,0x00,#000000
2.262519070000000,0,13,0x00,0x00,0x00,#000000
2.262546760000000,0,14,0x00,0x00,0x00,#000000
2.262574460000000,0,15,0x00,0x00,0x00,#000000
2.273256750000000,0,0,0x01,0x00,0x00,#010000
2.273284440000000,0,1,0x00,0x00,0x00,#000000
2.273312130000000,0,2,0x00,0x00,0x00,#000000
2.273339830000000,0,3,0x00,0x00,0x00,#000000
2.273367520000000,0,4,0x00,0x00,0x00,#000000
2.273395210000000,0,5,0x00,0x00,0x00,#000000
2.273422900000000,0,6,0x00,0x00,0x00,#000000
2.273450600000000,0,7,0x00,0x00,0x00,#000000
2.273478290000000,0,8,0x00,0x00,0x00,#000000
2.273505990000000,0,9,0x00,0x00,0x00,#000000
2.273533670000000,0,10,0x00,0x00,0x00,#000000
2.273561370000000,0,11,0x00,0x00,0x00,#000000
2.273589060000000,0,12,0x00,0x00,0x00,#000000
2.273616760000000,0,13,0x00,0x00,0x00,#000000
2.273644450000000,0,14,0x00,0x00,0x00,#000000
2.273672140000000,0,15,0x00,0x00,0x00,#000000
2.284255390000000,0,0,0x01,0x00,0x00,#010000
2.284283090000000,0,1,0x00,0x00,0x00,#000000
2.284310780000000,0,2,0x00,0x00,0x00,#000000
2.284338470000000,0,3,0x00,0x00,0x00,#000000
2.284366160000000,0,4,0x00,0x00,0x00,#000000
2.284393860000000,0,5,0x00,0x00,0x00,#000000
2.284421550000000,0,6,0x00,0x00,0x00,#000000
2.284449250000000,0,7,0x00,0x00,0x00,#000000
2.284476940000000,0,8,0x00,0x00,0x00,#000000
2.284504630000000,0,9,0x00,0x00,0x00,#000000
2.284532320000000,0,10,0x00,0x00,0x00,#000000
2.284560020000000,0,11,0x00,0x00,0x00,#000000
2.284587710000000,0,12,0x00,0x00,0x00,#000000
2.284615400000000,0,13,0x00,0x00,0x00,#000000
2.284643100000000,0,14,0x00,0x00,0x00,#000000
2.284670790000000,0,15,0x00,0x00,0x00,#000000
2.295159900000000,0,0,0x01,0x00,0x00,#010000
2.295187600000000,0,1,0x00,0x00,0x00,#000000
2.295215290000000,0,2,0x00,0x00,0x00,#000000
2.295242980000000,0,3,0x00,0x00,0x00,#000000
2.295270680000000,0,4,0x00,0x00,0x00,#000000
2.295298370000000,0,5,0x00,0x00,0x00,#000000
2.295326060000000,0,6,0x00,0x00,0x00,#000000
2.295353750000000,0,7,0x00,0x00,0x00,#000000
2.295381450000000,0,8,0x00,0x00,0x00,#000000
2.295409140000000,0,9,0x00,0x00,0x00,#000000
2.295436840000000,0,10,0x00,0x00,0x00,#000000
2.295464530000000,0,11,0x00,0x00,0x00,#000000
2.295492220000000,0,12,0x00,0x00,0x00,#000000
2.295519910000000,0,13,0x00,0x00,0x00,#000000
2.295547610000000,0,14,0x00,0x00,0x00,#000000
2.295575300000000,0,15,0x00,0x00,0x00,#000000
2.306446350000000,0,0,0x01,0x00,0x00,#010000
2.306474040000000,0,1,0x00,0x00,0x00,#000000
2.306501730000000,0,2,0x00,0x00,0x00,#000000
2.306529430000000,0,3,0x00,0x00,0x00,#000000
2.306557120000000,0,4,0x00,0x00,0x00,#000000
2.306584820000000,0,5,0x00,0x00,0x00,#000000
2.306612500000000,0,6,0x00,0x00,0x00,#000000
2.306640200000000,0,7,0x00,0x00,0x00,#000000
2.306667890000000,0,8,0x00,0x00,0x00,#000000
2.306695590000000,0,9,0x00,0x00,0x00,#000000
2.306723280000000,0,10,0x00,0x00,0x00,#000000
2.306750970000000,0,11,0x00,0x00,0x00,#000000
2.306778660000000,0,12,0x00,0x00,0x00,#000000
2.306806360000000,0,13,0x00,0x00,0x00,#000000
2.306834050000000,0,14,0x00,0x00,0x00,#000000
2.306861740000000,0,15,0x00,0x00,0x00,#000000
2.317267150000000,0,0,0x01,0x00,0x00,#010000
2.317294850000000,0,1,0x00,0x00,0x00,#000000
2.317322540000000,0,2,0x00,0x00,0x00,#000000
2.317350240000000,0,3,0x00,0x00,0x00,#000000
2.317377920000000,0,4,0x00,0x00,0x00,#000000
2.317405620000000,0,5,0x00,0x00,0x00,#000000
2.317433310000000,0,6,0x00,0x00,0x00,#000000
2.317461010000000,0,7,0x00,0x00,0x00,#000000
2.317488690000000,0,8,0x00,0x00,0x00,#000000
2.317516390000000,0,9,0x00,0x00,0x00,#000000
2.317544080000000,0,10,0x00,0x00,0x00,#000000
2.317571780000000,0,11,0x00,0x00,0x00,#000000
2.317599470000000,0,12,0x00,0x00,0x00,#000000
2.317627160000000,0,13,0x00,0x00,0x00,#000000
2.317654860000000,0,14,0x00,0x00,0x00,#000000
2.317682550000000,0,15,0x00,0x00,0x00,#000000
2.328160750000000,0,0,0x01,0x00,0x00,#010000
2.328188440000000,0,1,0x00,0x00,0x00,#000000
2.328216140000000,0,2,0x00,0x00,0x00,#000000
2.328243830000000,0,3,0x00,0x00,0x00,#000000
2.328271520000000,0,4,0x00,0x00,0x00,#000000
2.328299220000000,0,5,0x00,0x00,0x00,#000000
2.328326910000000,0,6,0x00,0x00,0x00,#000000
2.328354600000000,0,7,0x00,0x00,0x00,#000000
2.328382290000000,0,8,0x00,0x00,0x00,#000000
2.328409990000000,0,9,0x00,0x00,0x00,#000000
2.328437680000000,0,10,0x00,0x00,0x00,#000000
2.328465380000000,0,11,0x00,0x00,0x00,#000000
2.328493060000000,0,12,0x00,0x00,0x00,#000000
2.328520760000000,0,13,0x00,0x00,0x00,#000000
2.328548450000000,0,14,0x00,0x00,0x00,#000000
2.328576150000000,0,15,0x00,0x00,0x00,#000000
2.339268970000000,0,0,0x01,0x00,0x00,#010000
2.339296660000000,0,1,0x00,0x00,0x00,#000000
2.339324350000000,0,2,0x00,0x00,0x00,#000000
2.339352050000000,0,3,0x00,0x00,0x00,#000000
2.339379740000000,0,4,0x00,0x00,0x00,#000000
2.339407430000000,0,5,0x00,0x00,0x00,#000000
2.339435130000000,0,6,0x00,0x00,0x00,#000000
2.339462820000000,0,7,0x00,0x00,0x00,#000000
2.339490510000000,0,8,0x00,0x00,0x00,#000000
2.339518200000000,0,9,0x00,0x00,0x00,#000000
2.339545900000000,0,10,0x00,0x00,0x00,#000000
2.339573590000000,0,11,0x00,0x00,0x00,#000000
2.339601290000000,0,12,0x00,0x00,0x00,#000000
2.339628970000000,0,13,0x00,0x00,0x00,#000000
2.339656670000000,0,14,0x00,0x00,0x00,#000000
2.339684360000000,0,15,0x00,0x00,0x00,#000000
2.350254640000000,0,0,0x01,0x00,0x00,#010000
2.350282330000000,0,1,0x00,0x00,0x00,#000000
2.350310020000000,0,2,0x00,0x00,0x00,#000000
2.350337710000000,0,3,0x00,0x00,0x00,#000000
2.350365410000000,0,4,0x00,0x00,0x00,#000000
2.350393100000000,0,5,0x00,0x00,0x00,#000000
2.350420790000000,0,6,0x00,0x00,0x00,#000000
2.350448480000000,0,7,0x00,0x00,0x00,#000000
2.350476180000000,0,8,0x00,0x00,0x00,#000000
2.350503870000000,0,9,0x00,0x00,0x00,#000000
2.350531570000000,0,10,0x00,0x00,0x00,#000000
2.350559260000000,0,11,0x00,0x00,0x00,#000000
2.350586950000000,0,12,0x00,0x00,0x00,#000000
2.350614640000000,0,13,0x00,0x00,0x00,#000000
2.350642340000000,0,14,0x00,0x00,0x00,#000000
2.350670030000000,0,15,0x00,0x00,0x00,#000000
2.361161600000000,0,0,0x01,0x00,0x00,#010000
2.361189290000000,0,1,0x00,0x00,0x00,#000000
2.361216980000000,0,2,0x00,0x00,0x00,#000000
2.361244670000000,0,3,0x00,0x00,0x00,#000000
2.361272370000000,0,4,0x00,0x00,0x00,#000000
2.361300060000000,0,5,0x00,0x00,0x00,#000000
2.361327760000000,0,6,0x00,0x00,0x00,#000000
2.361355450000000,0,7,0x00,0x00,0x00,#000000
2.361383140000000,0,8,0x00,0x00,0x00,#000000
2.361410830000000,0,9,0x00,0x00,0x00,#000000
2.361438530000000,0,10,0x00,0x00,0x00,#000000
2.361466220000000,0,11,0x00,0x00,0x00,#000000
2.361493910000000,0,12,0x00,0x00,0x00,#000000
2.361521610000000,0,13,0x00,0x00,0x00,#000000
2.361549300000000,0,14,0x00,0x00,0x00,#000000
2.361576990000000,0,15,0x00,0x00,0x00,#000000
2.372261640000000,0,0,0x01,0x00,0x00,#010000
2.372289330000000,0,1,0x00,0x00,0x00,#000000
2.372317030000000,0,2,0x00,0x00,0x00,#000000
2.372344720000000,0,3,0x00,0x00,0x00,#000000
2.372372410000000,0,4,0x00,0x00,0x00,#000000
2.372400100000000,0,5,0x00,0x00,0x00,#000000
2.372427800000000,0,6,0x00,0x00,0x00,#000000
2.372455490000000,0,7,0x00,0x00,0x00,#000000
2.372483190000000,0,8,0x00,0x00,0x00,#000000
2.372510880000000,0,9,0x00,0x00,0x00,#000000
2.372538570000000,0,10,0x00,0x00,0x00,#000000
2.372566260000000,0,11,0x00,0x00,0x00,#000000
2.372593960000000,0,12,0x00,0x00,0x00,#000000
2.372621650000000,0,13,0x00,0x00,0x00,#000000
2.372649340000000,0,14,0x00,0x00,0x00,#000000
2.372677030000000,0,15,0x00,0x00,0x00,#000000
2.383270680000000,0,0,0x01,0x00,0x00,#010000
2.383298360000000,0,1,0x00,0x00,0x00,#000000
2.383326060000000,0,2,0x00,0x00,0x00,#000000
2.383353750000000,0,3,0x00,0x00,0x00,#000000
2.383381450000000,0,4,0x00,0x00,0x00,#000000
2.383409130000000,0,5,0x00,0x00,0x00,#000000
2.383436830000000,0,6,0x00,0x00,0x00,#000000
2.383464520000000,0,7,0x00,0x00,0x00,#000000
2.383492220000000,0,8,0x00,0x00,0x00,#000000
2.383519910000000,0,9,0x00,0x00,0x00,#000000
2.383547600000000,0,10,0x00,0x00,0x00,#000000
2.383575300000000,0,11,0x00,0x00,0x00,#000000
2.383602990000000,0,12,0x00,0x00,0x00,#000000
2.383630680000000,0,13,0x00,0x00,0x00,#000000
2.383658370000000,0,14,0x00,0x00,0x00,#000000
2.383686070000000,0,15,0x00,0x00,0x00,#000000
2.394162440000000,0,0,0x01,0x00,0x00,#010000
2.394190140000000,0,1,0x00,0x00,0x00,#000000
2.394217830000000,0,2,0x00,0x00,0x00,#000000
2.394245520000000,0,3,0x00,0x00,0x00,#000000
2.394273210000000,0,4,0x00,0x00,0x00,#000000
2.394300910000000,0,5,0x00,0x00,0x00,#000000
2.394328600000000,0,6,0x00,0x00,0x00,#000000
2.394356290000000,0,7,0x00,0x00,0x00,#000000
2.394383990000000,0,8,0x00,0x00,0x00,#000000
2.394411680000000,0,9,0x00,0x00,0x00,#000000
2.394439370000000,0,10,0x00,0x00,0x00,#000000
2.394467070000000,0,11,0x00,0x00,0x00,#000000
2.394494760000000,0,12,0x00,0x00,0x00,#000000
2.394522450000000,0,13,0x00,0x00,0x00,#000000
2.394550150000000,0,14,0x00,0x00,0x00,#000000
2.394577840000000,0,15,0x00,0x00,0x00,#000000
2.405514320000000,0,0,0x01,0x00,0x00,#010000
2.405542010000000,0,1,0x00,0x00,0x00,#000000
2.405569700000000,0,2,0x00,0x00,0x00,#000000
2.405597400000000,0,3,0x00,0x00,0x00,#000000
2.405625090000000,0,4,0x00,0x00,0x00,#000000
2.405652790000000,0,5,0x00,0x00,0x00,#000000
2.405680480000000,0,6,0x00,0x00,0x00,#000000
2.405708170000000,0,7,0x00,0x00,0x00,#000000
2.405735860000000,0,8,0x00,0x00,0x00,#000000
2.405763560000000,0,9,0x00,0x00,0x00,#000000
2.405791250000000,0,10,0x00,0x00,0x00,#000000
2.405818940000000,0,11,0x00,0x00,0x00,#000000
2.405846640000000,0,12,0x00,0x00,0x00,#000000
2.405874330000000,0,13,0x00,0x00,0x00,#000000
2.405902020000000,0,14,0x00,0x00,0x00,#000000
2.405929710000000,0,15,0x00,0x00,0x00,#000000
2.416271420000000,0,0,0x01,0x00,0x00,#010000
2.416299120000000,0,1,0x00,0x00,0x00,#000000
2.416326810000000,0,2,0x00,0x00,0x00,#000000
2.416354500000000,0,3,0x00,0x00,0x00,#000000
2.416382190000000,0,4,0x00,0x00,0x00,#000000
2.416409890000000,0,5,0x00,0x00,0x00,#000000
2.416437580000000,0,6,0x00,0x00,0x00,#000000
2.416465280000000,0,7,0x00,0x00,0x00,#000000
2.416492960000000,0,8,0x00,0x00,0x00,#000000
2.416520660000000,0,9,0x00,0x00,0x00,#000000
2.416548350000000,0,10,0x00,0x00,0x00,#000000
2.416576050000000,0,11,0x00,0x00,0x00,#000000
2.416603740000000,0,12,0x00,0x00,0x00,#000000
2.416631430000000,0,13,0x00,0x00,0x00,#000000
2.416659120000000,0,14,0x00,0x00,0x00,#000000
2.416686820000000,0,15,0x00,0x00,0x00,#000000
2.427163290000000,0,0,0x01,0x00,0x00,#010000
2.427190980000000,0,1,0x00,0x00,0x00,#000000
2.427218680000000,0,2,0x00,0x00,0x00,#000000
2.427246360000000,0,3,0x00,0x00,0x00,#000000
2.427274060000000,0,4,0x00,0x00,0x00,#000000
2.427301750000000,0,5,0x00,0x00,0x00,#000000
2.427329450000000,0,6,0x00,0x00,0x00,#000000
2.427357140000000,0,7,0x00,0x00,0x00,#000000
2.427384830000000,0,8,0x00,0x00,0x00,#000000
2.427412530000000,0,9,0x00,0x00,0x00,#000000
2.427440220000000,0,10,0x00,0x00,0x00,#000000
2.427467910000000,0,11,0x00,0x00,0x00,#000000
2.427495600000000,0,12,0x00,0x00,0x00,#000000
2.427523300000000,0,13,0x00,0x00,0x00,#000000
2.427550990000000,0,14,0x00,0x00,0x00,#000000
2.427578690000000,0,15,0x00,0x00,0x00,#000000
2.438268000000000,0,0,0x01,0x00,0x00,#010000
2.438295690000000,0,1,0x00,0x00,0x00,#000000
2.438323380000000,0,2,0x00,0x00,0x00,#000000
2.438351070000000,0,3,0x00,0x00,0x00,#000000
2.438378770000000,0,4,0x00,0x00,0x00,#000000
2.438406460000000,0,5,0x00,0x00,0x00,#000000
2.438434150000000,0,6,0x00,0x00,0x00,#000000
2.438461850000000,0,7,0x00,0x00,0x00,#000000
2.438489540000000,0,8,0x00,0x00,0x00,#000000
2.438517240000000,0,9,0x00,0x00,0x00,#000000
2.438544920000000,0,10,0x00,0x00,0x00,#000000
2.438572620000000,0,11,0x00,0x00,0x00,#000000
2.438600310000000,0,12,0x00,0x00,0x00,#000000
2.438628010000000,0,13,0x00,0x00,0x00,#000000
2.438655700000000,0,14,0x00,0x00,0x00,#000000
2.438683390000000,0,15,0x00,0x00,0x00,#000000
2.449268040000000,0,0,0x01,0x00,0x00,#010000
2.449295730000000,0,1,0x00,0x00,0x00,#000000
2.449323420000000,0,2,0x00,0x00,0x00,#000000
2.449351120000000,0,3,0x00,0x00,0x00,#000000
2.449378810000000,0,4,0x00,0x00,0x00,#000000
2.449406500000000,0,5,0x00,0x00,0x00,#000000
2.449434200000000,0,6,0x00,0x00,0x00,#000000
2.449461890000000,0,7,0x00,0x00,0x00,#000000
2.449489580000000,0,8,0x00,0x00,0x00,#000000
2.449517270000000,0,9,0x00,0x00,0x00,#000000
2.449544970000000,0,10,0x00,0x00,0x00,#000000
2.449572660000000,0,11,0x00,0x00,0x00,#000000
2.449600360000000,0,12,0x00,0x00,0x00,#000000
2.449628050000000,0,13,0x00,0x00,0x00,#000000
2.449655740000000,0,14,0x00,0x00,0x00,#000000
2.449683430000000,0,15,0x00,0x00,0x00,#000000
2.460164130000000,0,0,0x01,0x00,0x00,#010000
2.460191830000000,0,1,0x00,0x00,0x00,#000000
2.460219520000000,0,2,0x00,0x00,0x00,#000000
2.460247210000000,0,3,0x00,0x00,0x00,#000000
2.460274910000000,0,4,0x00,0x00,0x00,#000000
2.460302600000000,0,5,0x00,0x00,0x00,#000000
2.460330290000000,0,6,0x00,0x00,0x00,#000000
2.460357980000000,0,7,0x00,0x00,0x00,#000000
2.460385680000000,0,8,0x00,0x00,0x00,#000000
2.460413370000000,0,9,0x00,0x00,0x00,#000000
2.460441070000000,0,10,0x00,0x00,0x00,#000000
2.460468760000000,0,11,0x00,0x00,0x00,#000000
2.460496450000000,0,12,0x00,0x00,0x00,#000000
2.460524140000000,0,13,0x00,0x00,0x00,#000000
2.460551840000000,0,14,0x00,0x00,0x00,#000000
2.460579530000000,0,15,0x00,0x00,0x00,#000000
2.471266970000000,0,0,0x01,0x00,0x00,#010000
2.471294660000000,0,1,0x00,0x00,0x00,#000000
2.471322350000000,0,2,0x00,0x00,0x00,#000000
2.471350050000000,0,3,0x00,0x00,0x00,#000000
2.471377740000000,0,4,0x00,0x00,0x00,#000000
2.471405430000000,0,5,0x00,0x00,0x00,#000000
2.471433120000000,0,6,0x00,0x00,0x00,#000000
2.471460820000000,0,7,0x00,0x00,0x00,#000000
2.471488510000000,0,8,0x00,0x00,0x00,#000000
2.471516210000000,0,9,0x00,0x00,0x00,#000000
2.471543890000000,0,10,0x00,0x00,0x00,#000000
2.471571590000000,0,11,0x00,0x00,0x00,#000000
2.471599280000000,0,12,0x00,0x00,0x00,#000000
2.471626980000000,0,13,0x00,0x00,0x00,#000000
2.471654670000000,0,14,0x00,0x00,0x00,#000000
2.471682360000000,0,15,0x00,0x00,0x00,#000000
2.482268740000000,0,0,0x01,0x00,0x00,#010000
2.482296430000000,0,1,0x00,0x00,0x00,#000000
2.482324130000000,0,2,0x00,0x00,0x00,#000000
2.482351820000000,0,3,0x00,0x00,0x00,#000000
2.482379510000000,0,4,0x00,0x00,0x00,#000000
2.482407200000000,0,5,0x00,0x00,0x00,#000000
2.482434900000000,0,6,0x00,0x00,0x00,#000000
2.482462590000000,0,7,0x00,0x00,0x00,#000000
2.482490280000000,0,8,0x00,0x00,0x00,#000000
2.482517980000000,0,9,0x00,0x00,0x00,#000000
2.482545670000000,0,10,0x00,0x00,0x00,#000000
2.482573360000000,0,11,0x00,0x00,0x00,#000000
2.482601050000000,0,12,0x00,0x00,0x00,#000000
2.482628750000000,0,13,0x00,0x00,0x00,#000000
2.482656440000000,0,14,0x00,0x00,0x00,#000000
2.482684140000000,0,15,0x00,0x00,0x00,#000000
2.493172190000000,0,0,0x01,0x00,0x00,#010000
2.493199890000000,0,1,0x00,0x00,0x00,#000000
2.493227580000000,0,2,0x00,0x00,0x00,#000000
2.493255270000000,0,3,0x00,0x00,0x00,#000000
2.493282960000000,0,4,0x00,0x00,0x00,#000000
2.493310660000000,0,5,0x00,0x00,0x00,#000000
2.493338350000000,0,6,0x00,0x00,0x00,#000000
2.493366040000000,0,7,0x00,0x00,0x00,#000000
2.493393740000000,0,8,0x00,0x00,0x00,#000000
2.493421430000000,0,9,0x00,0x00,0x00,#000000
2.493449120000000,0,10,0x00,0x00,0x00,#000000
2.493476810000000,0,11,0x00,0x00,0x00,#000000
2.493504510000000,0,12,0x00,0x00,0x00,#000000
2.493532200000000,0,13,0x00,0x00,0x00,#000000
2.493559900000000,0,14,0x00,0x00,0x00,#000000
2.493587580000000,0,15,0x00,0x00,0x00,#000000
2.504265460000000,0,0,0x01,0x00,0x00,#010000
2.504293150000000,0,1,0x00,0x00,0x00,#000000
2.504320840000000,0,2,0x00,0x00,0x00,#000000
2.504348540000000,0,3,0x00,0x00,0x00,#000000
2.504376230000000,0,4,0x00,0x00,0x00,#000000
2.504403920000000,0,5,0x00,0x00,0x00,#000000
2.504431610000000,0,6,0x00,0x00,0x00,#000000
2.504459310000000,0,7,0x00,0x00,0x00,#000000
2.504487000000000,0,8,0x00,0x00,0x00,#000000
2.504514700000000,0,9,0x00,0x00,0x00,#000000
2.504542390000000,0,10,0x00,0x00,0x00,#000000
2.504570080000000,0,11,0x00,0x00,0x00,#000000
2.504597770000000,0,12,0x00,0x00,0x00,#000000
2.504625470000000,0,13,0x00,0x00,0x00,#000000
2.504653160000000,0,14,0x00,0x00,0x00,#000000
2.504680850000000,0,15,0x00,0x00,0x00,#000000
2.516185620000000,0,0,0x01,0x00,0x00,#010000
2.516213310000000,0,1,0x00,0x00,0x00,#000000
2.516241000000000,0,2,0x00,0x00,0x00,#000000
2.516268700000000,0,3,0x00,0x00,0x00,#000000
2.516296390000000,0,4,0x00,0x00,0x00,#000000
2.516324090000000,0,5,0x00,0x00,0x00,#000000
2.516351770000000,0,6,0x00,0x00,0x00,#000000
2.516379470000000,0,7,0x00,0x00,0x00,#000000
2.516407160000000,0,8,0x00,0x00,0x00,#000000
2.516434860000000,0,9,0x00,0x00,0x00,#000000
2.516462550000000,0,10,0x00,0x00,0x00,#000000
2.516490240000000,0,11,0x00,0x00,0x00,#000000
2.516517930000000,0,12,0x00,0x00,0x00,#000000
2.516545630000000,0,13,0x00,0x00,0x00,#000000
2.516573320000000,0,14,0x00,0x00,0x00,#000000
2.516601010000000,0,15,0x00,0x00,0x00,#000000
2.526228380000000,0,0,0x01,0x00,0x00,#010000
2.526256070000000,0,1,0x00,0x00,0x00,#000000
2.526283760000000,0,2,0x00,0x00,0x00,#000000
2.526311450000000,0,3,0x00,0x00,0x00,#000000
2.526339150000000,0,4,0x00,0x00,0x00,#000000
2.526366840000000,0,5,0x00,0x00,0x00,#000000
2.526394530000000,0,6,0x00,0x00,0x00,#000000
2.526422230000000,0,7,0x00,0x00,0x00,#000000
2.526449920000000,0,8,0x00,0x00,0x00,#000000
2.526477610000000,0,9,0x00,0x00,0x00,#000000
2.526505300000000,0,10,0x00,0x00,0x00,#000000
2.526533000000000,0,11,0x00,0x00,0x00,#000000
2.526560690000000,0,12,0x00,0x00,0x00,#000000
2.526588390000000,0,13,0x00,0x00,0x00,#000000
2.526616080000000,0,14,0x00,0x00,0x00,#000000
2.526643770000000,0,15,0x00,0x00,0x00,#000000
2.537278700000000,0,0,0x01,0x00,0x00,#010000
2.537306400000000,0,1,0x00,0x00,0x00,#000000
2.537334090000000,0,2,0x00,0x00,0x00,#000000
2.537361790000000,0,3,0x00,0x00,0x00,#000000
2.537389480000000,0,4,0x00,0x00,0x00,#000000
2.537417170000000,0,5,0x00,0x00,0x00,#000000
2.537444860000000,0,6,0x00,0x00,0x00,#000000
2.537472560000000,0,7,0x00,0x00,0x00,#000000
2.537500250000000,0,8,0x00,0x00,0x00,#000000
2.537527940000000,0,9,0x00,0x00,0x00,#000000
2.537555640000000,0,10,0x00,0x00,0x00,#000000
2.537583330000000,0,11,0x00,0x00,0x00,#000000
2.537611030000000,0,12,0x00,0x00,0x00,#000000
2.537638710000000,0,13,0x00,0x00,0x00,#000000
2.537666410000000,0,14,0x00,0x00,0x00,#000000
2.537694100000000,0,15,0x00,0x00,0x00,#000000
2.548260390000000,0,0,0x01,0x00,0x00,#010000
2.548288070000000,0,1,0x00,0x00,0x00,#000000
2.548315770000000,0,2,0x00,0x00,0x00,#000000
2.548343460000000,0,3,0x00,0x00,0x00,#000000
2.548371160000000,0,4,0x00,0x00,0x00,#000000
2.548398850000000,0,5,0x00,0x00,0x00,#000000
2.548426540000000,0,6,0x00,0x00,0x00,#000000
2.548454230000000,0,7,0x00,0x00,0x00,#000000
2.548481930000000,0,8,0x00,0x00,0x00,#000000
2.548509620000000,0,9,0x00,0x00,0x00,#000000
2.548537310000000,0,10,0x00,0x00,0x00,#000000
2.548565010000000,0,11,0x00,0x00,0x00,#000000
2.548592700000000,0,12,0x00,0x00,0x00,#000000
2.548620390000000,0,13,0x00,0x00,0x00,#000000
2.548648080000000,0,14,0x00,0x00,0x00,#000000
2.548675780000000,0,15,0x00,0x00,0x00,#000000
2.559166820000000,0,0,0x01,0x00,0x00,#010000
2.559194510000000,0,1,0x00,0x00,0x00,#000000
2.559222200000000,0,2,0x00,0x00,0x00,#000000
2.559249890000000,0,3,0x00,0x00,0x00,#000000
2.559277590000000,0,4,0x00,0x00,0x00,#000000
2.559305280000000,0,5,0x00,0x00,0x00,#000000
2.559332980000000,0,6,0x00,0x00,0x00,#000000
2.559360670000000,0,7,0x00,0x00,0x00,#000000
2.559388360000000,0,8,0x00,0x00,0x00,#000000
2.559416050000000,0,9,0x00,0x00,0x00,#000000
2.559443750000000,0,10,0x00,0x00,0x00,#000000
2.559471440000000,0,11,0x00,0x00,0x00,#000000
2.559499130000000,0,12,0x00,0x00,0x00,#000000
2.559526820000000,0,13,0x00,0x00,0x00,#000000
2.559554520000000,0,14,0x00,0x00,0x00,#000000
2.559582210000000,0,15,0x00,0x00,0x00,#000000
2.570326760000000,0,0,0x01,0x00,0x00,#010000
2.570354460000000,0,1,0x00,0x00,0x00,#000000
2.570382150000000,0,2,0x00,0x00,0x00,#000000
2.570409850000000,0,3,0x00,0x00,0x00,#000000
2.570437540000000,0,4,0x00,0x00,0x00,#000000
2.570465230000000,0,5,0x00,0x00,0x00,#000000
2.570492920000000,0,6,0x00,0x00,0x00,#000000
2.570520620000000,0,7,0x00,0x00,0x00,#000000
2.570548310000000,0,8,0x00,0x00,0x00,#000000
2.570576000000000,0,9,0x00,0x00,0x00,#000000
2.570603700000000,0,10,0x00,0x00,0x00,#000000
2.570631390000000,0,11,0x00,0x00,0x00,#000000
2.570659080000000,0,12,0x00,0x00,0x00,#000000
2.570686770000000,0,13,0x00,0x00,0x00,#000000
2.570714470000000,0,14,0x00,0x00,0x00,#000000
2.570742160000000,0,15,0x00,0x00,0x00,#000000
2.581271080000000,0,0,0x01,0x00,0x00,#010000
2.581298780000000,0,1,0x00,0x00,0x00,#000000
2.581326470000000,0,2,0x00,0x00,0x00,#000000
2.581354160000000,0,3,0x00,0x00,0x00,#000000
2.581381860000000,0,4,0x00,0x00,0x00,#000000
2.581409550000000,0,5,0x00,0x00,0x00,#000000
2.581437240000000,0,6,0x00,0x00,0x00,#000000
2.581464940000000,0,7,0x00,0x00,0x00,#000000
2.581492630000000,0,8,0x00,0x00,0x00,#000000
2.581520320000000,0,9,0x00,0x00,0x00,#000000
2.581548010000000,0,10,0x00,0x00,0x00,#000000
2.581575710000000,0,11,0x00,0x00,0x00,#000000
2.581603400000000,0,12,0x00,0x00,0x00,#000000
2.581631090000000,0,13,0x00,0x00,0x00,#000000
2.581658790000000,0,14,0x00,0x00,0x00,#000000
2.581686480000000,0,15,0x00,0x00,0x00,#000000
2.592167520000000,0,0,0x01,0x00,0x00,#010000
2.592195210000000,0,1,0x00,0x00,0x00,#000000
2.592222910000000,0,2,0x00,0x00,0x00,#000000
2.592250590000000,0,3,0x00,0x00,0x00,#000000
2.592278290000000,0,4,0x00,0x00,0x00,#000000
2.592305980000000,0,5,0x00,0x00,0x00,#000000
2.592333680000000,0,6,0x00,0x00,0x00,#000000
2.592361370000000,0,7,0x00,0x00,0x00,#000000
2.592389060000000,0,8,0x00,0x00,0x00,#000000
2.592416760000000,0,9,0x00,0x00,0x00,#000000
2.592444450000000,0,10,0x00,0x00,0x00,#000000
2.592472140000000,0,11,0x00,0x00,0x00,#000000
2.592499830000000,0,12,0x00,0x00,0x00,#000000
2.592527530000000,0,13,0x00,0x00,0x00,#000000
2.592555220000000,0,14,0x00,0x00,0x00,#000000
2.592582920000000,0,15,0x00,0x00,0x00,#000000
2.603274730000000,0,0,0x01,0x00,0x00,#010000
2.603302420000000,0,1,0x00,0x00,0x00,#000000
2.603330110000000,0,2,0x00,0x00,0x00,#000000
2.603357800000000,0,3,0x00,0x00,0x00,#000000
2.603385500000000,0,4,0x00,0x00,0x00,#000000
2.603413190000000,0,5,0x00,0x00,0x00,#000000
2.603440880000000,0,6,0x00,0x00,0x00,#000000
2.603468580000000,0,7,0x00,0x00,0x00,#000000
2.603496270000000,0,8,0x00,0x00,0x00,#000000
2.603523960000000,0,9,0x00,0x00,0x00,#000000
2.603551650000000,0,10,0x00,0x00,0x00,#000000
2.603579350000000,0,11,0x00,0x00,0x00,#000000
2.603607040000000,0,12,0x00,0x00,0x00,#000000
2.603634740000000,0,13,0x00,0x00,0x00,#000000
2.603662430000000,0,14,0x00,0x00,0x00,#000000
2.603690120000000,0,15,0x00,0x00,0x00,#000000
2.614265730000000,0,0,0x01,0x00,0x00,#010000
2.614293420000000,0,1,0x00,0x00,0x00,#000000
2.614321120000000,0,2,0x00,0x00,0x00,#000000
2.614348800000000,0,3,0x00,0x00,0x00,#000000
2.614376500000000,0,4,0x00,0x00,0x00,#000000
2.614404190000000,0,5,0x00,0x00,0x00,#000000
2.614431890000000,0,6,0x00,0x00,0x00,#000000
2.614459580000000,0,7,0x00,0x00,0x00,#000000
2.614487270000000,0,8,0x00,0x00,0x00,#000000
2.614514970000000,0,9,0x00,0x00,0x00,#000000
2.614542660000000,0,10,0x00,0x00,0x00,#000000
2.614570350000000,0,11,0x00,0x00,0x00,#000000
2.614598040000000,0,12,0x00,0x00,0x00,#000000
2.614625740000000,0,13,0x00,0x00,0x00,#000000
2.614653430000000,0,14,0x00,0x00,0x00,#000000
2.614681130000000,0,15,0x00,0x00,0x00,#000000
2.625248510000000,0,0,0x01,0x00,0x00,#010000
2.625276200000000,0,1,0x00,0x00,0x00,#000000
2.625303900000000,0,2,0x00,0x00,0x00,#000000
2.625331590000000,0,3,0x00,0x00,0x00,#000000
2.625359280000000,0,4,0x00,0x00,0x00,#000000
2.625386970000000,0,5,0x00,0x00,0x00,#000000
2.625414670000000,0,6,0x00,0x00,0x00,#000000
2.625442360000000,0,7,0x00,0x00,0x00,#000000
2.625470050000000,0,8,0x00,0x00,0x00,#000000
2.625497750000000,0,9,0x00,0x00,0x00,#000000
2.625525440000000,0,10,0x00,0x00,0x00,#000000
2.625553140000000,0,11,0x00,0x00,0x00,#000000
2.625580820000000,0,12,0x00,0x00,0x00,#000000
2.625608520000000,0,13,0x00,0x00,0x00,#000000
2.625636210000000,0,14,0x00,0x00,0x00,#000000
2.625663910000000,0,15,0x00,0x00,0x00,#000000
2.636280910000000,0,0,0x01,0x00,0x00,#010000
2.636308600000000,0,1,0x00,0x00,0x00,#000000
2.636336290000000,0,2,0x00,0x00,0x00,#000000
2.636363990000000,0,3,0x00,0x00,0x00,#000000
2.636391680000000,0,4,0x00,0x00,0x00,#000000
2.636419370000000,0,5,0x00,0x00,0x00,#000000
2.636447060000000,0,6,0x00,0x00,0x00,#000000
2.636474760000000,0,7,0x00,0x00,0x00,#000000
2.636502450000000,0,8,0x00,0x00,0x00,#000000
2.636530150000000,0,9,0x00,0x00,0x00,#000000
2.636557840000000,0,10,0x00,0x00,0x00,#000000
2.636585530000000,0,11,0x00,0x00,0x00,#000000
2.636613230000000,0,12,0x00,0x00,0x00,#000000
2.636640920000000,0,13,0x00,0x00,0x00,#000000
2.636668610000000,0,14,0x00,0x00,0x00,#000000
2.636696300000000,0,15,0x00,0x00,0x00,#000000
2.647266140000000,0,0,0x01,0x00,0x00,#010000
2.647293840000000,0,1,0x00,0x00,0x00,#000000
2.647321520000000,0,2,0x00,0x00,0x00,#000000
2.647349220000000,0,3,0x00,0x00,0x00,#000000
2.647376910000000,0,4,0x00,0x00,0x00,#000000
2.647404610000000,0,5,0x00,0x00,0x00,#000000
2.647432300000000,0,6,0x00,0x00,0x00,#000000
2.647459990000000,0,7,0x00,0x00,0x00,#000000
2.647487680000000,0,8,0x00,0x00,0x00,#000000
2.647515380000000,0,9,0x00,0x00,0x00,#000000
2.647543070000000,0,10,0x00,0x00,0x00,#000000
2.647570760000000,0,11,0x00,0x00,0x00,#000000
2.647598460000000,0,12,0x00,0x00,0x00,#000000
2.647626150000000,0,13,0x00,0x00,0x00,#000000
2.647653850000000,0,14,0x00,0x00,0x00,#000000
2.647681530000000,0,15,0x00,0x00,0x00,#000000
2.658169210000000,0,0,0x01,0x00,0x00,#010000
2.658196900000000,0,1,0x00,0x00,0x00,#000000
2.658224600000000,0,2,0x00,0x00,0x00,#000000
2.658252290000000,0,3,0x00,0x00,0x00,#000000
2.658279980000000,0,4,0x00,0x00,0x00,#000000
2.658307680000000,0,5,0x00,0x00,0x00,#000000
2.658335370000000,0,6,0x00,0x00,0x00,#000000
2.658363060000000,0,7,0x00,0x00,0x00,#000000
2.658390750000000,0,8,0x00,0x00,0x00,#000000
2.658418450000000,0,9,0x00,0x00,0x00,#000000
2.658446140000000,0,10,0x00,0x00,0x00,#000000
2.658473840000000,0,11,0x00,0x00,0x00,#000000
2.658501520000000,0,12,0x00,0x00,0x00,#000000
2.658529220000000,0,13,0x00,0x00,0x00,#000000
2.658556910000000,0,14,0x00,0x00,0x00,#000000
2.658584610000000,0,15,0x00,0x00,0x00,#000000
2.669270360000000,0,0,0x01,0x00,0x00,#010000
2.669298050000000,0,1,0x00,0x00,0x00,#000000
2.669325740000000,0,2,0x00,0x00,0x00,#000000
2.669353440000000,0,3,0x00,0x00,0x00,#000000
2.669381130000000,0,4,0x00,0x00,0x00,#000000
2.669408820000000,0,5,0x00,0x00,0x00,#000000
2.669436520000000,0,6,0x00,0x00,0x00,#000000
2.669464210000000,0,7,0x00,0x00,0x00,#000000
2.669491900000000,0,8,0x00,0x00,0x00,#000000
2.669519590000000,0,9,0x00,0x00,0x00,#000000
2.669547290000000,0,10,0x00,0x00,0x00,#000000
2.669574980000000,0,11,0x00,0x00,0x00,#000000
2.669602680000000,0,12,0x00,0x00,0x00,#000000
2.669630370000000,0,13,0x00,0x00,0x00,#000000
2.669658060000000,0,14,0x00,0x00,0x00,#000000
2.669685750000000,0,15,0x00,0x00,0x00,#000000
2.680260400000000,0,0,0x01,0x00,0x00,#010000
2.680288090000000,0,1,0x00,0x00,0x00,#000000
2.680315790000000,0,2,0x00,0x00,0x00,#000000
2.680343480000000,0,3,0x00,0x00,0x00,#000000
2.680371170000000,0,4,0x00,0x00,0x00,#000000
2.680398870000000,0,5,0x00,0x00,0x00,#000000
2.680426560000000,0,6,0x00,0x00,0x00,#000000
2.680454250000000,0,7,0x00,0x00,0x00,#000000
2.680481940000000,0,8,0x00,0x00,0x00,#000000
2.680509640000000,0,9,0x00,0x00,0x00,#000000
2.680537330000000,0,10,0x00,0x00,0x00,#000000
2.680565030000000,0,11,0x00,0x00,0x00,#000000
2.680592710000000,0,12,0x00,0x00,0x00,#000000
2.680620410000000,0,13,0x00,0x00,0x00,#000000
2.680648100000000,0,14,0x00,0x00,0x00,#000000
2.680675800000000,0,15,0x00,0x00,0x00,#000000
2.691170060000000,0,0,0x01,0x00,0x00,#010000
2.691197750000000,0,1,0x00,0x00,0x00,#000000
2.691225440000000,0,2,0x00,0x00,0x00,#000000
2.691253130000000,0,3,0x00,0x00,0x00,#000000
2.691280830000000,0,4,0x00,0x00,0x00,#000000
2.691308520000000,0,5,0x00,0x00,0x00,#000000
2.691336220000000,0,6,0x00,0x00,0x00,#000000
2.691363900000000,0,7,0x00,0x00,0x00,#000000
2.691391600000000,0,8,0x00,0x00,0x00,#000000
2.691419290000000,0,9,0x00,0x00,0x00,#000000
2.691446990000000,0,10,0x00,0x00,0x00,#000000
2.691474680000000,0,11,0x00,0x00,0x00,#000000
2.691502370000000,0,12,0x00,0x00,0x00,#000000
2.691530060000000,0,13,0x00,0x00,0x00,#000000
2.691557760000000,0,14,0x00,0x00,0x00,#000000
2.691585450000000,0,15,0x00,0x00,0x00,#000000
2.702267890000000,0,0,0x01,0x00,0x00,#010000
2.702295580000000,0,1,0x00,0x00,0x00,#000000
2.702323270000000,0,2,0x00,0x00,0x00,#000000
2.702350970000000,0,3,0x00,0x00,0x00,#000000
2.702378660000000,0,4,0x00,0x00,0x00,#000000
2.702406350000000,0,5,0x00,0x00,0x00,#000000
2.702434040000000,0,6,0x00,0x00,0x00,#000000
2.702461740000000,0,7,0x00,0x00,0x00,#000000
2.702489430000000,0,8,0x00,0x00,0x00,#000000
2.702517130000000,0,9,0x00,0x00,0x00,#000000
2.702544810000000,0,10,0x00,0x00,0x00,#000000
2.702572510000000,0,11,0x00,0x00,0x00,#000000
2.702600200000000,0,12,0x00,0x00,0x00,#000000
2.702627900000000,0,13,0x00,0x00,0x00,#000000
2.702655590000000,0,14,0x00,0x00,0x00,#000000
2.702683280000000,0,15,0x00,0x00,0x00,#000000
2.713179710000000,0,0,0x01,0x00,0x00,#010000
2.713207400000000,0,1,0x00,0x00,0x00,#000000
2.713235090000000,0,2,0x00,0x00,0x00,#000000
2.713262780000000,0,3,0x00,0x00,0x00,#000000
2.713290480000000,0,4,0x00,0x00,0x00,#000000
2.713318170000000,0,5,0x00,0x00,0x00,#000000
2.713345870000000,0,6,0x00,0x00,0x00,#000000
2.713373550000000,0,7,0x00,0x00,0x00,#000000
2.713401250000000,0,8,0x00,0x00,0x00,#000000
2.713428940000000,0,9,0x00,0x00,0x00,#000000
2.713456640000000,0,10,0x00,0x00,0x00,#000000
2.713484330000000,0,11,0x00,0x00,0x00,#000000
2.713512020000000,0,12,0x00,0x00,0x00,#000000
2.713539720000000,0,13,0x00,0x00,0x00,#000000
2.713567410000000,0,14,0x00,0x00,0x00,#000000
2.713595100000000,0,15,0x00,0x00,0x00,#000000
2.724287590000000,0,0,0x01,0x00,0x00,#010000
2.724315280000000,0,1,0x00,0x00,0x00,#000000
2.724342970000000,0,2,0x00,0x00,0x00,#000000
2.724370670000000,0,3,0x00,0x00,0x00,#000000
2.724398360000000,0,4,0x00,0x00,0x00,#000000
2.724426050000000,0,5,0x00,0x00,0x00,#000000
2.724453740000000,0,6,0x00,0x00,0x00,#000000
2.724481440000000,0,7,0x00,0x00,0x00,#000000
2.724509130000000,0,8,0x00,0x00,0x00,#000000
2.724536820000000,0,9,0x00,0x00,0x00,#000000
2.724564520000000,0,10,0x00,0x00,0x00,#000000
2.724592210000000,0,11,0x00,0x00,0x00,#000000
2.724619910000000,0,12,0x00,0x00,0x00,#000000
2.724647590000000,0,13,0x00,0x00,0x00,#000000
2.724675290000000,0,14,0x00,0x00,0x00,#000000
2.724702980000000,0,15,0x00,0x00,0x00,#000000
2.735281810000000,0,0,0x01,0x00,0x00,#010000
2.735309500000000,0,1,0x00,0x00,0x00,#000000
2.735337200000000,0,2,0x00,0x00,0x00,#000000
2.735364890000000,0,3,0x00,0x00,0x00,#000000
2.735392580000000,0,4,0x00,0x00,0x00,#000000
2.735420280000000,0,5,0x00,0x00,0x00,#000000
2.735447970000000,0,6,0x00,0x00,0x00,#000000
2.735475660000000,0,7,0x00,0x00,0x00,#000000
2.735503350000000,0,8,0x00,0x00,0x00,#000000
2.735531050000000,0,9,0x00,0x00,0x00,#000000
2.735558740000000,0,10,0x00,0x00,0x00,#000000
2.735586440000000,0,11,0x00,0x00,0x00,#000000
2.735614120000000,0,12,0x00,0x00,0x00,#000000
2.735641820000000,0,13,0x00,0x00,0x00,#000000
2.735669510000000,0,14,0x00,0x00,0x00,#000000
2.735697210000000,0,15,0x00,0x00,0x00,#000000
2.746277570000000,0,0,0x01,0x00,0x00,#010000
2.746305270000000,0,1,0x00,0x00,0x00,#000000
2.746332960000000,0,2,0x00,0x00,0x00,#000000
2.746360650000000,0,3,0x00,0x00,0x00,#000000
2.746388340000000,0,4,0x00,0x00,0x00,#000000
2.746416040000000,0,5,0x00,0x00,0x00,#000000
2.746443730000000,0,6,0x00,0x00,0x00,#000000
2.746471420000000,0,7,0x00,0x00,0x00,#000000
2.746499120000000,0,8,0x00,0x00,0x00,#000000
2.746526810000000,0,9,0x00,0x00,0x00,#000000
2.746554500000000,0,10,0x00,0x00,0x00,#000000
2.746582190000000,0,11,0x00,0x00,0x00,#000000
2.746609890000000,0,12,0x00,0x00,0x00,#000000
2.746637580000000,0,13,0x00,0x00,0x00,#000000
2.746665280000000,0,14,0x00,0x00,0x00,#000000
2.746692970000000,0,15,0x00,0x00,0x00,#000000
2.757171750000000,0,0,0x01,0x00,0x00,#010000
2.757199440000000,0,1,0x00,0x00,0x00,#000000
2.757227130000000,0,2,0x00,0x00,0x00,#000000
2.757254820000000,0,3,0x00,0x00,0x00,#000000
2.757282520000000,0,4,0x00,0x00,0x00,#000000
2.757310210000000,0,5,0x00,0x00,0x00,#000000
2.757337910000000,0,6,0x00,0x00,0x00,#000000
2.757365590000000,0,7,0x00,0x00,0x00,#000000
2.757393290000000,0,8,0x00,0x00,0x00,#000000
2.757420980000000,0,9,0x00,0x00,0x00,#000000
2.757448680000000,0,10,0x00,0x00,0x00,#000000
2.757476370000000,0,11,0x00,0x00,0x00,#000000
2.757504060000000,0,12,0x00,0x00,0x00,#000000
2.757531760000000,0,13,0x00,0x00,0x00,#000000
2.757559450000000,0,14,0x00,0x00,0x00,#000000
2.757587140000000,0,15,0x00,0x00,0x00,#000000
2.768271740000000,0,0,0x01,0x00,0x00,#010000
2.768299440000000,0,1,0x00,0x00,0x00,#000000
2.768327130000000,0,2,0x00,0x00,0x00,#000000
2.768354820000000,0,3,0x00,0x00,0x00,#000000
2.768382510000000,0,4,0x00,0x00,0x00,#000000
2.768410210000000,0,5,0x00,0x00,0x00,#000000
2.768437900000000,0,6,0x00,0x00,0x00,#000000
2.768465590000000,0,7,0x00,0x00,0x00,#000000
2.768493290000000,0,8,0x00,0x00,0x00,#000000
2.768520980000000,0,9,0x00,0x00,0x00,#000000
2.768548670000000,0,10,0x00,0x00,0x00,#000000
2.768576360000000,0,11,0x00,0x00,0x00,#000000
2.768604060000000,0,12,0x00,0x00,0x00,#000000
2.768631750000000,0,13,0x00,0x00,0x00,#000000
2.768659450000000,0,14,0x00,0x00,0x00,#000000
2.768687130000000,0,15,0x00,0x00,0x00,#000000
2.779280290000000,0,0,0x01,0x00,0x00,#010000
2.779307990000000,0,1,0x00,0x00,0x00,#000000
2.779335680000000,0,2,0x00,0x00,0x00,#000000
2.779363370000000,0,3,0x00,0x00,0x00,#000000
2.779391070000000,0,4,0x00,0x00,0x00,#000000
2.779418760000000,0,5,0x00,0x00,0x00,#000000
2.779446450000000,0,6,0x00,0x00,0x00,#000000
2.779474140000000,0,7,0x00,0x00,0x00,#000000
2.779501840000000,0,8,0x00,0x00,0x00,#000000
2.779529530000000,0,9,0x00,0x00,0x00,#000000
2.779557220000000,0,10,0x00,0x00,0x00,#000000
2.779584910000000,0,11,0x00,0x00,0x00,#000000
2.779612610000000,0,12,0x00,0x00,0x00,#000000
2.779640300000000,0,13,0x00,0x00,0x00,#000000
2.779668000000000,0,14,0x00,0x00,0x00,#000000
2.779695690000000,0,15,0x00,0x00,0x00,#000000
2.790172590000000,0,0,0x01,0x00,0x00,#010000
2.790200290000000,0,1,0x00,0x00,0x00,#000000
2.790227980000000,0,2,0x00,0x00,0x00,#000000
2.790255670000000,0,3,0x00,0x00,0x00,#000000
2.790283360000000,0,4,0x00,0x00,0x00,#000000
2.790311060000000,0,5,0x00,0x00,0x00,#000000
2.790338750000000,0,6,0x00,0x00,0x00,#000000
2.790366440000000,0,7,0x00,0x00,0x00,#000000
2.790394130000000,0,8,0x00,0x00,0x00,#000000
2.790421830000000,0,9,0x00,0x00,0x00,#000000
2.790449520000000,0,10,0x00,0x00,0x00,#000000
2.790477220000000,0,11,0x00,0x00,0x00,#000000
2.790504910000000,0,12,0x00,0x00,0x00,#000000
2.790532600000000,0,13,0x00,0x00,0x00,#000000
2.790560290000000,0,14,0x00,0x00,0x00,#000000
2.790587990000000,0,15,0x00,0x00,0x00,#000000
2.801284850000000,0,0,0x01,0x00,0x00,#010000
2.801312540000000,0,1,0x00,0x00,0x00,#000000
2.801340230000000,0,2,0x00,0x00,0x00,#000000
2.801367930000000,0,3,0x00,0x00,0x00,#000000
2.801395620000000,0,4,0x00,0x00,0x00,#000000
2.801423310000000,0,5,0x00,0x00,0x00,#000000
2.801451010000000,0,6,0x00,0x00,0x00,#000000
2.801478700000000,0,7,0x00,0x00,0x00,#000000
2.801506390000000,0,8,0x00,0x00,0x00,#000000
2.801534080000000,0,9,0x00,0x00,0x00,#000000
2.801561780000000,0,10,0x00,0x00,0x00,#000000
2.801589470000000,0,11,0x00,0x00,0x00,#000000
2.801617170000000,0,12,0x00,0x00,0x00,#000000
2.801644860000000,0,13,0x00,0x00,0x00,#000000
2.801672550000000,0,14,0x00,0x00,0x00,#000000
2.801700240000000,0,15,0x00,0x00,0x00,#000000
2.812272440000000,0,0,0x01,0x00,0x00,#010000
2.812300130000000,0,1,0x00,0x00,0x00,#000000
2.812327820000000,0,2,0x00,0x00,0x00,#000000
2.812355520000000,0,3,0x00,0x00,0x00,#000000
2.812383210000000,0,4,0x00,0x00,0x00,#000000
2.812410910000000,0,5,0x00,0x00,0x00,#000000
2.812438590000000,0,6,0x00,0x00,0x00,#000000
2.812466290000000,0,7,0x00,0x00,0x00,#000000
2.812493980000000,0,8,0x00,0x00,0x00,#000000
2.812521680000000,0,9,0x00,0x00,0x00,#000000
2.812549360000000,0,10,0x00,0x00,0x00,#000000
2.812577060000000,0,11,0x00,0x00,0x00,#000000
2.812604750000000,0,12,0x00,0x00,0x00,#000000
2.812632450000000,0,13,0x00,0x00,0x00,#000000
2.812660140000000,0,14,0x00,0x00,0x00,#000000
2.812687830000000,0,15,0x00,0x00,0x00,#000000
2.823208060000000,0,0,0x01,0x00,0x00,#010000
2.823235740000000,0,1,0x00,0x00,0x00,#000000
2.823263440000000,0,2,0x00,0x00,0x00,#000000
2.823291130000000,0,3,0x00,0x00,0x00,#000000
2.823318830000000,0,4,0x00,0x00,0x00,#000000
2.823346520000000,0,5,0x00,0x00,0x00,#000000
2.823374210000000,0,6,0x00,0x00,0x00,#000000
2.823401910000000,0,7,0x00,0x00,0x00,#000000
2.823429600000000,0,8,0x00,0x00,0x00,#000000
2.823457290000000,0,9,0x00,0x00,0x00,#000000
2.823484980000000,0,10,0x00,0x00,0x00,#000000
2.823512680000000,0,11,0x00,0x00,0x00,#000000
2.823540370000000,0,12,0x00,0x00,0x00,#000000
2.823568070000000,0,13,0x00,0x00,0x00,#000000
2.823595750000000,0,14,0x00,0x00,0x00,#000000
2.823623450000000,0,15,0x00,0x00,0x00,#000000
2.834360740000000,0,0,0x01,0x00,0x00,#010000
2.834388440000000,0,1,0x00,0x00,0x00,#000000
2.834416130000000,0,2,0x00,0x00,0x00,#000000
2.834443820000000,0,3,0x00,0x00,0x00,#000000
2.834471510000000,0,4,0x00,0x00,0x00,#000000
2.834499210000000,0,5,0x00,0x00,0x00,#000000
2.834526900000000,0,6,0x00,0x00,0x00,#000000
2.834554600000000,0,7,0x00,0x00,0x00,#000000
2.834582290000000,0,8,0x00,0x00,0x00,#000000
2.834609980000000,0,9,0x00,0x00,0x00,#000000
2.834637670000000,0,10,0x00,0x00,0x00,#000000
2.834665370000000,0,11,0x00,0x00,0x00,#000000
2.834693060000000,0,12,0x00,0x00,0x00,#000000
2.834720750000000,0,13,0x00,0x00,0x00,#000000
2.834748450000000,0,14,0x00,0x00,0x00,#000000
2.834776140000000,0,15,0x00,0x00,0x00,#000000
2.845269490000000,0,0,0x01,0x00,0x00,#010000
2.845297180000000,0,1,0x00,0x00,0x00,#000000
2.845324870000000,0,2,0x00,0x00,0x00,#000000
2.845352560000000,0,3,0x00,0x00,0x00,#000000
2.845380260000000,0,4,0x00,0x00,0x00,#000000
2.845407950000000,0,5,0x00,0x00,0x00,#000000
2.845435640000000,0,6,0x00,0x00,0x00,#000000
2.845463330000000,0,7,0x00,0x00,0x00,#000000
2.845491030000000,0,8,0x00,0x00,0x00,#000000
2.845518720000000,0,9,0x00,0x00,0x00,#000000
2.845546420000000,0,10,0x00,0x00,0x00,#000000
2.845574100000000,0,11,0x00,0x00,0x00,#000000
2.845601800000000,0,12,0x00,0x00,0x00,#000000
2.845629490000000,0,13,0x00,0x00,0x00,#000000
2.845657190000000,0,14,0x00,0x00,0x00,#000000
2.845684880000000,0,15,0x00,0x00,0x00,#000000
2.856174280000000,0,0,0x01,0x00,0x00,#010000
2.856201980000000,0,1,0x00,0x00,0x00,#000000
2.856229670000000,0,2,0x00,0x00,0x00,#000000
2.856257360000000,0,3,0x00,0x00,0x00,#000000
2.856285050000000,0,4,0x00,0x00,0x00,#000000
2.856312750000000,0,5,0x00,0x00,0x00,#000000
2.856340440000000,0,6,0x00,0x00,0x00,#000000
2.856368130000000,0,7,0x00,0x00,0x00,#000000
2.856395830000000,0,8,0x00,0x00,0x00,#000000
2.856423520000000,0,9,0x00,0x00,0x00,#000000
2.856451210000000,0,10,0x00,0x00,0x00,#000000
2.856478910000000,0,11,0x00,0x00,0x00,#000000
2.856506600000000,0,12,0x00,0x00,0x00,#000000
2.856534290000000,0,13,0x00,0x00,0x00,#000000
2.856561990000000,0,14,0x00,0x00,0x00,#000000
2.856589680000000,0,15,0x00,0x00,0x00,#000000
2.867272740000000,0,0,0x01,0x00,0x00,#010000
2.867300440000000,0,1,0x00,0x00,0x00,#000000
2.867328120000000,0,2,0x00,0x00,0x00,#000000
2.867355820000000,0,3,0x00,0x00,0x00,#000000
2.867383510000000,0,4,0x00,0x00,0x00,#000000
2.867411210000000,0,5,0x00,0x00,0x00,#000000
2.867438900000000,0,6,0x00,0x00,0x00,#000000
2.867466590000000,0,7,0x00,0x00,0x00,#000000
2.867494290000000,0,8,0x00,0x00,0x00,#000000
2.867521980000000,0,9,0x00,0x00,0x00,#000000
2.867549670000000,0,10,0x00,0x00,0x00,#000000
2.867577360000000,0,11,0x00,0x00,0x00,#000000
2.867605060000000,0,12,0x00,0x00,0x00,#000000
2.867632750000000,0,13,0x00,0x00,0x00,#000000
2.867660450000000,0,14,0x00,0x00,0x00,#000000
2.867688130000000,0,15,0x00,0x00,0x00,#000000
2.878275420000000,0,0,0x01,0x00,0x00,#010000
2.878303120000000,0,1,0x00,0x00,0x00,#000000
2.878330810000000,0,2,0x00,0x00,0x00,#000000
2.878358510000000,0,3,0x00,0x00,0x00,#000000
2.878386200000000,0,4,0x00,0x00,0x00,#000000
2.878413890000000,0,5,0x00,0x00,0x00,#000000
2.878441580000000,0,6,0x00,0x00,0x00,#000000
2.878469280000000,0,7,0x00,0x00,0x00,#000000
2.878496970000000,0,8,0x00,0x00,0x00,#000000
2.878524660000000,0,9,0x00,0x00,0x00,#000000
2.878552360000000,0,10,0x00,0x00,0x00,#000000
2.878580050000000,0,11,0x00,0x00,0x00,#000000
2.878607740000000,0,12,0x00,0x00,0x00,#000000
2.878635430000000,0,13,0x00,0x00,0x00,#000000
2.878663130000000,0,14,0x00,0x00,0x00,#000000
2.878690820000000,0,15,0x00,0x00,0x00,#000000
2.889175220000000,0,0,0x01,0x00,0x00,#010000
2.889202920000000,0,1,0x00,0x00,0x00,#000000
2.889230610000000,0,2,0x00,0x00,0x00,#000000
2.889258310000000,0,3,0x00,0x00,0x00,#000000
2.889286000000000,0,4,0x00,0x00,0x00,#000000
2.889313690000000,0,5,0x00,0x00,0x00,#000000
2.889341380000000,0,6,0x00,0x00,0x00,#000000
2.889369080000000,0,7,0x00,0x00,0x00,#000000
2.889396770000000,0,8,0x00,0x00,0x00,#000000
2.889424460000000,0,9,0x00,0x00,0x00,#000000
2.889452150000000,0,10,0x00,0x00,0x00,#000000
2.889479850000000,0,11,0x00,0x00,0x00,#000000
2.889507540000000,0,12,0x00,0x00,0x00,#000000
2.889535230000000,0,13,0x00,0x00,0x00,#000000
2.889562930000000,0,14,0x00,0x00,0x00,#000000
2.889590620000000,0,15,0x00,0x00,0x00,#000000
2.900457770000000,0,0,0x01,0x00,0x00,#010000
2.900485470000000,0,1,0x00,0x00,0x00,#000000
2.900513160000000,0,2,0x00,0x00,0x00,#000000
2.900540850000000,0,3,0x00,0x00,0x00,#000000
2.900568540000000,0,4,0x00,0x00,0x00,#000000
2.900596240000000,0,5,0x00,0x00,0x00,#000000
2.900623930000000,0,6,0x00,0x00,0x00,#000000
2.900651620000000,0,7,0x00,0x00,0x00,#000000
2.900679320000000,0,8,0x00,0x00,0x00,#000000
2.900707010000000,0,9,0x00,0x00,0x00,#000000
2.900734710000000,0,10,0x00,0x00,0x00,#000000
2.900762390000000,0,11,0x00,0x00,0x00,#000000
2.900790090000000,0,12,0x00,0x00,0x00,#000000
2.900817780000000,0,13,0x00,0x00,0x00,#000000
2.900845480000000,0,14,0x00,0x00,0x00,#000000
2.900873170000000,0,15,0x00,0x00,0x00,#000000
2.911270500000000,0,0,0x01,0x00,0x00,#010000
2.911298190000000,0,1,0x00,0x00,0x00,#000000
2.911325890000000,0,2,0x00,0x00,0x00,#000000
2.911353580000000,0,3,0x00,0x00,0x00,#000000
2.911381270000000,0,4,0x00,0x00,0x00,#000000
2.911408970000000,0,5,0x00,0x00,0x00,#000000
2.911436660000000,0,6,0x00,0x00,0x00,#000000
2.911464360000000,0,7,0x00,0x00,0x00,#000000
2.911492040000000,0,8,0x00,0x00,0x00,#000000
2.911519740000000,0,9,0x00,0x00,0x00,#000000
2.911547430000000,0,10,0x00,0x00,0x00,#000000
2.911575130000000,0,11,0x00,0x00,0x00,#000000
2.911602820000000,0,12,0x00,0x00,0x00,#000000
2.911630510000000,0,13,0x00,0x00,0x00,#000000
2.911658200000000,0,14,0x00,0x00,0x00,#000000
2.911685900000000,0,15,0x00,0x00,0x00,#000000
2.922175970000000,0,0,0x01,0x00,0x00,#010000
2.922203670000000,0,1,0x00,0x00,0x00,#000000
2.922231360000000,0,2,0x00,0x00,0x00,#000000
2.922259050000000,0,3,0x00,0x00,0x00,#000000
2.922286740000000,0,4,0x00,0x00,0x00,#000000
2.922314440000000,0,5,0x00,0x00,0x00,#000000
2.922342130000000,0,6,0x00,0x00,0x00,#000000
2.922369820000000,0,7,0x00,0x00,0x00,#000000
2.922397520000000,0,8,0x00,0x00,0x00,#000000
2.922425210000000,0,9,0x00,0x00,0x00,#000000
2.922452910000000,0,10,0x00,0x00,0x00,#000000
2.922480600000000,0,11,0x00,0x00,0x00,#000000
2.922508290000000,0,12,0x00,0x00,0x00,#000000
2.922535980000000,0,13,0x00,0x00,0x00,#000000
2.922563680000000,0,14,0x00,0x00,0x00,#000000
2.922591370000000,0,15,0x00,0x00,0x00,#000000
2.933284150000000,0,0,0x01,0x00,0x00,#010000
2.933311830000000,0,1,0x00,0x00,0x00,#000000
2.933339530000000,0,2,0x00,0x00,0x00,#000000
2.933367220000000,0,3,0x00,0x00,0x00,#000000
2.933394920000000,0,4,0x00,0x00,0x00,#000000
2.933422610000000,0,5,0x00,0x00,0x00,#000000
2.933450300000000,0,6,0x00,0x00,0x00,#000000
2.933477990000000,0,7,0x00,0x00,0x00,#000000
2.933505690000000,0,8,0x00,0x00,0x00,#000000
2.933533380000000,0,9,0x00,0x00,0x00,#000000
2.933561070000000,0,10,0x00,0x00,0x00,#000000
2.933588770000000,0,11,0x00,0x00,0x00,#000000
2.933616460000000,0,12,0x00,0x00,0x00,#000000
2.933644150000000,0,13,0x00,0x00,0x00,#000000
2.933671840000000,0,14,0x00,0x00,0x00,#000000
2.933699540000000,0,15,0x00,0x00,0x00,#000000
2.944277020000000,0,0,0x01,0x00,0x00,#010000
2.944304710000000,0,1,0x00,0x00,0x00,#000000
2.944332410000000,0,2,0x00,0x00,0x00,#000000
2.944360100000000,0,3,0x00,0x00,0x00,#000000
2.944387790000000,0,4,0x00,0x00,0x00,#000000
2.944415490000000,0,5,0x00,0x00,0x00,#000000
2.944443180000000,0,6,0x00,0x00,0x00,#000000
2.944470870000000,0,7,0x00,0x00,0x00,#000000
2.944498560000000,0,8,0x00,0x00,0x00,#000000
2.944526260000000,0,9,0x00,0x00,0x00,#000000
2.944553950000000,0,10,0x00,0x00,0x00,#000000
2.944581640000000,0,11,0x00,0x00,0x00,#000000
2.944609340000000,0,12,0x00,0x00,0x00,#000000
2.944637030000000,0,13,0x00,0x00,0x00,#000000
2.944664720000000,0,14,0x00,0x00,0x00,#000000
2.944692420000000,0,15,0x00,0x00,0x00,#000000
2.955176820000000,0,0,0x01,0x00,0x00,#010000
2.955204510000000,0,1,0x00,0x00,0x00,#000000
2.955232210000000,0,2,0x00,0x00,0x00,#000000
2.955259900000000,0,3,0x00,0x00,0x00,#000000
2.955287590000000,0,4,0x00,0x00,0x00,#000000
2.955315280000000,0,5,0x00,0x00,0x00,#000000
2.955342980000000,0,6,0x00,0x00,0x00,#000000
2.955370670000000,0,7,0x00,0x00,0x00,#000000
2.955398360000000,0,8,0x00,0x00,0x00,#000000
2.955426060000000,0,9,0x00,0x00,0x00,#000000
2.955453750000000,0,10,0x00,0x00,0x00,#000000
2.955481450000000,0,11,0x00,0x00,0x00,#000000
2.955509130000000,0,12,0x00,0x00,0x00,#000000
2.955536830000000,0,13,0x00,0x00,0x00,#000000
2.955564520000000,0,14,0x00,0x00,0x00,#000000
2.955592220000000,0,15,0x00,0x00,0x00,#000000
2.966319270000000,0,0,0x01,0x00,0x00,#010000
2.966346960000000,0,1,0x00,0x00,0x00,#000000
2.966374660000000,0,2,0x00,0x00,0x00,#000000
2.966402350000000,0,3,0x00,0x00,0x00,#000000
2.966430040000000,0,4,0x00,0x00,0x00,#000000
2.966457730000000,0,5,0x00,0x00,0x00,#000000
2.966485430000000,0,6,0x00,0x00,0x00,#000000
2.966513120000000,0,7,0x00,0x00,0x00,#000000
2.966540810000000,0,8,0x00,0x00,0x00,#000000
2.966568500000000,0,9,0x00,0x00,0x00,#000000
2.966596200000000,0,10,0x00,0x00,0x00,#000000
2.966623890000000,0,11,0x00,0x00,0x00,#000000
2.966651580000000,0,12,0x00,0x00,0x00,#000000
2.966679280000000,0,13,0x00,0x00,0x00,#000000
2.966706970000000,0,14,0x00,0x00,0x00,#000000
2.966734660000000,0,15,0x00,0x00,0x00,#000000
2.977282390000000,0,0,0x01,0x00,0x00,#010000
2.977310080000000,0,1,0x00,0x00,0x00,#000000
2.977337770000000,0,2,0x00,0x00,0x00,#000000
2.977365460000000,0,3,0x00,0x00,0x00,#000000
2.977393160000000,0,4,0x00,0x00,0x00,#000000
2.977420850000000,0,5,0x00,0x00,0x00,#000000
2.977448550000000,0,6,0x00,0x00,0x00,#000000
2.977476230000000,0,7,0x00,0x00,0x00,#000000
2.977503930000000,0,8,0x00,0x00,0x00,#000000
2.977531620000000,0,9,0x00,0x00,0x00,#000000
2.977559320000000,0,10,0x00,0x00,0x00,#000000
2.977587010000000,0,11,0x00,0x00,0x00,#000000
2.977614700000000,0,12,0x00,0x00,0x00,#000000
2.977642390000000,0,13,0x00,0x00,0x00,#000000
2.977670090000000,0,14,0x00,0x00,0x00,#000000
2.977697780000000,0,15,0x00,0x00,0x00,#000000
2.988177620000000,0,0,0x01,0x00,0x00,#010000
2.988205310000000,0,1,0x00,0x00,0x00,#000000
2.988233000000000,0,2,0x00,0x00,0x00,#000000
2.988260700000000,0,3,0x00,0x00,0x00,#000000
2.988288390000000,0,4,0x00,0x00,0x00,#000000
2.988316080000000,0,5,0x00,0x00,0x00,#000000
2.988343770000000,0,6,0x00,0x00,0x00,#000000
2.988371470000000,0,7,0x00,0x00,0x00,#000000
2.988399160000000,0,8,0x00,0x00,0x00,#000000
2.988426850000000,0,9,0x00,0x00,0x00,#000000
2.988454550000000,0,10,0x00,0x00,0x00,#000000
2.988482240000000,0,11,0x00,0x00,0x00,#000000
2.988509940000000,0,12,0x00,0x00,0x00,#000000
2.988537620000000,0,13,0x00,0x00,0x00,#000000
2.988565320000000,0,14,0x00,0x00,0x00,#000000
2.988593010000000,0,15,0x00,0x00,0x00,#000000
2.999291940000000,0,0,0x01,0x00,0x00,#010000
2.999319630000000,0,1,0x00,0x00,0x00,#000000
2.999347330000000,0,2,0x00,0x00,0x00,#000000
2.999375020000000,0,3,0x00,0x00,0x00,#000000
2.999402710000000,0,4,0x00,0x00,0x00,#000000
2.999430400000000,0,5,0x00,0x00,0x00,#000000
2.999458100000000,0,6,0x00,0x00,0x00,#000000
2.999485790000000,0,7,0x00,0x00,0x00,#000000
2.999513490000000,0,8,0x00,0x00,0x00,#000000
2.999541170000000,0,9,0x00,0x00,0x00,#000000
2.999568870000000,0,10,0x00,0x00,0x00,#000000
2.999596560000000,0,11,0x00,0x00,0x00,#000000
2.999624260000000,0,12,0x00,0x00,0x00,#000000
2.999651950000000,0,13,0x00,0x00,0x00,#000000
2.999679640000000,0,14,0x00,0x00,0x00,#000000
2.999707330000000,0,15,0x00,0x00,0x00,#000000
3.010273040000000,0,0,0x01,0x00,0x00,#010000
3.010300730000000,0,1,0x00,0x00,0x00,#000000
3.010328430000000,0,2,0x00,0x00,0x00,#000000
3.010356120000000,0,3,0x00,0x00,0x00,#000000
3.010383810000000,0,4,0x00,0x00,0x00,#000000
3.010411500000000,0,5,0x00,0x00,0x00,#000000
3.010439200000000,0,6,0x00,0x00,0x00,#000000
3.010466890000000,0,7,0x00,0x00,0x00,#000000
3.010494580000000,0,8,0x00,0x00,0x00,#000000
3.010522270000000,0,9,0x00,0x00,0x00,#000000
3.010549970000000,0,10,0x00,0x00,0x00,#000000
3.010577660000000,0,11,0x00,0x00,0x00,#000000
3.010605360000000,0,12,0x00,0x00,0x00,#000000
3.010633050000000,0,13,0x00,0x00,0x00,#000000
3.010660740000000,0,14,0x00,0x00,0x00,#000000
3.010688430000000,0,15,0x00,0x00,0x00,#000000
3.021179180000000,0,0,0x01,0x00,0x00,#010000
3.021206880000000,0,1,0x00,0x00,0x00,#000000
3.021234570000000,0,2,0x00,0x00,0x00,#000000
3.021262260000000,0,3,0x00,0x00,0x00,#000000
3.021289960000000,0,4,0x00,0x00,0x00,#000000
3.021317650000000,0,5,0x00,0x00,0x00,#000000
3.021345340000000,0,6,0x00,0x00,0x00,#000000
3.021373030000000,0,7,0x00,0x00,0x00,#000000
3.021400730000000,0,8,0x00,0x00,0x00,#000000
3.021428420000000,0,9,0x00,0x00,0x00,#000000
3.021456110000000,0,10,0x00,0x00,0x00,#000000
3.021483800000000,0,11,0x00,0x00,0x00,#000000
3.021511500000000,0,12,0x00,0x00,0x00,#000000
3.021539190000000,0,13,0x00,0x00,0x00,#000000
3.021566890000000,0,14,0x00,0x00,0x00,#000000
3.021594580000000,0,15,0x00,0x00,0x00,#000000
3.032287880000000,0,0,0x01,0x00,0x00,#010000
3.032315580000000,0,1,0x00,0x00,0x00,#000000
3.032343260000000,0,2,0x00,0x00,0x00,#000000
3.032370960000000,0,3,0x00,0x00,0x00,#000000
3.032398650000000,0,4,0x00,0x00,0x00,#000000
3.032426350000000,0,5,0x00,0x00,0x00,#000000
3.032454040000000,0,6,0x00,0x00,0x00,#000000
3.032481730000000,0,7,0x00,0x00,0x00,#000000
3.032509420000000,0,8,0x00,0x00,0x00,#000000
3.032537120000000,0,9,0x00,0x00,0x00,#000000
3.032564810000000,0,10,0x00,0x00,0x00,#000000
3.032592500000000,0,11,0x00,0x00,0x00,#000000
3.032620200000000,0,12,0x00,0x00,0x00,#000000
3.032647890000000,0,13,0x00,0x00,0x00,#000000
3.032675580000000,0,14,0x00,0x00,0x00,#000000
3.032703270000000,0,15,0x00,0x00,0x00,#000000
3.043274940000000,0,0,0x01,0x00,0x00,#010000
3.043302630000000,0,1,0x00,0x00,0x00,#000000
3.043330330000000,0,2,0x00,0x00,0x00,#000000
3.043358020000000,0,3,0x00,0x00,0x00,#000000
3.043385720000000,0,4,0x00,0x00,0x00,#000000
3.043413400000000,0,5,0x00,0x00,0x00,#000000
3.043441100000000,0,6,0x00,0x00,0x00,#000000
3.043468790000000,0,7,0x00,0x00,0x00,#000000
3.043496490000000,0,8,0x00,0x00,0x00,#000000
3.043524180000000,0,9,0x00,0x00,0x00,#000000
3.043551870000000,0,10,0x00,0x00,0x00,#000000
3.043579560000000,0,11,0x00,0x00,0x00,#000000
3.043607260000000,0,12,0x00,0x00,0x00,#000000
3.043634950000000,0,13,0x00,0x00,0x00,#000000
3.043662640000000,0,14,0x00,0x00,0x00,#000000
3.043690340000000,0,15,0x00,0x00,0x00,#000000
3.054179350000000,0,0,0x01,0x00,0x00,#010000
3.054207050000000,0,1,0x00,0x00,0x00,#000000
3.054234740000000,0,2,0x00,0x00,0x00,#000000
3.054262430000000,0,3,0x00,0x00,0x00,#000000
3.054290130000000,0,4,0x00,0x00,0x00,#000000
3.054317820000000,0,5,0x00,0x00,0x00,#000000
3.054345510000000,0,6,0x00,0x00,0x00,#000000
3.054373200000000,0,7,0x00,0x00,0x00,#000000
3.054400900000000,0,8,0x00,0x00,0x00,#000000
3.054428590000000,0,9,0x00,0x00,0x00,#000000
3.054456290000000,0,10,0x00,0x00,0x00,#000000
3.054483980000000,0,11,0x00,0x00,0x00,#000000
3.054511670000000,0,12,0x00,0x00,0x00,#000000
3.054539360000000,0,13,0x00,0x00,0x00,#000000
3.054567060000000,0,14,0x00,0x00,0x00,#000000
3.054594750000000,0,15,0x00,0x00,0x00,#000000
3.065294300000000,0,0,0x01,0x00,0x00,#010000
3.065322000000000,0,1,0x00,0x00,0x00,#000000
3.065349690000000,0,2,0x00,0x00,0x00,#000000
3.065377380000000,0,3,0x00,0x00,0x00,#000000
3.065405070000000,0,4,0x00,0x00,0x00,#000000
3.065432770000000,0,5,0x00,0x00,0x00,#000000
3.065460460000000,0,6,0x00,0x00,0x00,#000000
3.065488160000000,0,7,0x00,0x00,0x00,#000000
3.065515840000000,0,8,0x00,0x00,0x00,#000000
3.065543540000000,0,9,0x00,0x00,0x00,#000000
3.065571230000000,0,10,0x00,0x00,0x00,#000000
3.065598930000000,0,11,0x00,0x00,0x00,#000000
3.065626620000000,0,12,0x00,0x00,0x00,#000000
3.065654310000000,0,13,0x00,0x00,0x00,#000000
3.065682010000000,0,14,0x00,0x00,0x00,#000000
3.065709700000000,0,15,0x00,0x00,0x00,#000000
3.076293000000000,0,0,0x01,0x00,0x00,#010000
3.076320690000000,0,1,0x00,0x00,0x00,#000000
3.076348380000000,0,2,0x00,0x00,0x00,#000000
3.076376080000000,0,3,0x00,0x00,0x00,#000000
3.076403770000000,0,4,0x00,0x00,0x00,#000000
3.076431460000000,0,5,0x00,0x00,0x00,#000000
3.076459160000000,0,6,0x00,0x00,0x00,#000000
3.076486850000000,0,7,0x00,0x00,0x00,#000000
3.076514550000000,0,8,0x00,0x00,0x00,#000000
3.076542230000000,0,9,0x00,0x00,0x00,#000000
3.076569930000000,0,10,0x00,0x00,0x00,#000000
3.076597620000000,0,11,0x00,0x00,0x00,#000000
3.076625320000000,0,12,0x00,0x00,0x00,#000000
3.076653000000000,0,13,0x00,0x00,0x00,#000000
3.076680700000000,0,14,0x00,0x00,0x00,#000000
3.076708390000000,0,15,0x00,0x00,0x00,#000000
3.087180920000000,0,0,0x01,0x00,0x00,#010000
3.087208610000000,0,1,0x00,0x00,0x00,#000000
3.087236310000000,0,2,0x00,0x00,0x00,#000000
3.087264000000000,0,3,0x00,0x00,0x00,#000000
3.087291700000000,0,4,0x00,0x00,0x00,#000000
3.087319380000000,0,5,0x00,0x00,0x00,#000000
3.087347080000000,0,6,0x00,0x00,0x00,#000000
3.087374770000000,0,7,0x00,0x00,0x00,#000000
3.087402470000000,0,8,0x00,0x00,0x00,#000000
3.087430160000000,0,9,0x00,0x00,0x00,#000000
3.087457850000000,0,10,0x00,0x00,0x00,#000000
3.087485540000000,0,11,0x00,0x00,0x00,#000000
3.087513240000000,0,12,0x00,0x00,0x00,#000000
3.087540930000000,0,13,0x00,0x00,0x00,#000000
3.087568620000000,0,14,0x00,0x00,0x00,#000000
3.087596320000000,0,15,0x00,0x00,0x00,#000000
3.098290250000000,0,0,0x01,0x00,0x00,#010000
3.098317930000000,0,1,0x00,0x00,0x00,#000000
3.098345630000000,0,2,0x00,0x00,0x00,#000000
3.098373320000000,0,3,0x00,0x00,0x00,#000000
3.098401020000000,0,4,0x00,0x00,0x00,#000000
3.098428710000000,0,5,0x00,0x00,0x00,#000000
3.098456400000000,0,6,0x00,0x00,0x00,#000000
3.098484100000000,0,7,0x00,0x00,0x00,#000000
3.098511790000000,0,8,0x00,0x00,0x00,#000000
3.098539480000000,0,9,0x00,0x00,0x00,#000000
3.098567170000000,0,10,0x00,0x00,0x00,#000000
3.098594870000000,0,11,0x00,0x00,0x00,#000000
3.098622560000000,0,12,0x00,0x00,0x00,#000000
3.098650260000000,0,13,0x00,0x00,0x00,#000000
3.098677940000000,0,14,0x00,0x00,0x00,#000000
3.098705640000000,0,15,0x00,0x00,0x00,#000000
3.109280090000000,0,0,0x01,0x00,0x00,#010000
3.109307780000000,0,1,0x00,0x00,0x00,#000000
3.109335480000000,0,2,0x00,0x00,0x00,#000000
3.109363170000000,0,3,0x00,0x00,0x00,#000000
3.109390860000000,0,4,0x00,0x00,0x00,#000000
3.109418560000000,0,5,0x00,0x00,0x00,#000000
3.109446250000000,0,6,0x00,0x00,0x00,#000000
3.109473950000000,0,7,0x00,0x00,0x00,#000000
3.109501640000000,0,8,0x00,0x00,0x00,#000000
3.109529330000000,0,9,0x00,0x00,0x00,#000000
3.109557020000000,0,10,0x00,0x00,0x00,#000000
3.109584720000000,0,11,0x00,0x00,0x00,#000000
3.109612410000000,0,12,0x00,0x00,0x00,#000000
3.109640100000000,0,13,0x00,0x00,0x00,#000000
3.109667790000000,0,14,0x00,0x00,0x00,#000000
3.109695490000000,0,15,0x00,0x00,0x00,#000000
3.120181050000000,0,0,0x01,0x00,0x00,#010000
3.120208740000000,0,1,0x00,0x00,0x00,#000000
3.120236430000000,0,2,0x00,0x00,0x00,#000000
3.120264120000000,0,3,0x00,0x00,0x00,#000000
3.120291820000000,0,4,0x00,0x00,0x00,#000000
3.120319510000000,0,5,0x00,0x00,0x00,#000000
3.120347210000000,0,6,0x00,0x00,0x00,#000000
3.120374890000000,0,7,0x00,0x00,0x00,#000000
3.120402590000000,0,8,0x00,0x00,0x00,#000000
3.120430280000000,0,9,0x00,0x00,0x00,#000000
3.120457980000000,0,10,0x00,0x00,0x00,#000000
3.120485670000000,0,11,0x00,0x00,0x00,#000000
3.120513360000000,0,12,0x00,0x00,0x00,#000000
3.120541050000000,0,13,0x00,0x00,0x00,#000000
3.120568750000000,0,14,0x00,0x00,0x00,#000000
3.120596440000000,0,15,0x00,0x00,0x00,#000000
3.131289790000000,0,0,0x01,0x00,0x00,#010000
3.131317490000000,0,1,0x00,0x00,0x00,#000000
3.131345170000000,0,2,0x00,0x00,0x00,#000000
3.131372870000000,0,3,0x00,0x00,0x00,#000000
3.131400560000000,0,4,0x00,0x00,0x00,#000000
3.131428260000000,0,5,0x00,0x00,0x00,#000000
3.131455950000000,0,6,0x00,0x00,0x00,#000000
3.131483640000000,0,7,0x00,0x00,0x00,#000000
3.131511330000000,0,8,0x00,0x00,0x00,#000000
3.131539030000000,0,9,0x00,0x00,0x00,#000000
3.131566720000000,0,10,0x00,0x00,0x00,#000000
3.131594410000000,0,11,0x00,0x00,0x00,#000000
3.131622110000000,0,12,0x00,0x00,0x00,#000000
3.131649800000000,0,13,0x00,0x00,0x00,#000000
3.131677500000000,0,14,0x00,0x00,0x00,#000000
3.131705180000000,0,15,0x00,0x00,0x00,#000000
3.142283340000000,0,0,0x01,0x00,0x00,#010000
3.142311040000000,0,1,0x00,0x00,0x00,#000000
3.142338730000000,0,2,0x00,0x00,0x00,#000000
3.142366420000000,0,3,0x00,0x00,0x00,#000000
3.142394110000000,0,4,0x00,0x00,0x00,#000000
3.142421810000000,0,5,0x00,0x00,0x00,#000000
3.142449500000000,0,6,0x00,0x00,0x00,#000000
3.142477190000000,0,7,0x00,0x00,0x00,#000000
3.142504880000000,0,8,0x00,0x00,0x00,#000000
3.142532580000000,0,9,0x00,0x00,0x00,#000000
3.142560270000000,0,10,0x00,0x00,0x00,#000000
3.142587960000000,0,11,0x00,0x00,0x00,#000000
3.142615660000000,0,12,0x00,0x00,0x00,#000000
3.142643350000000,0,13,0x00,0x00,0x00,#000000
3.142671050000000,0,14,0x00,0x00,0x00,#000000
3.142698740000000,0,15,0x00,0x00,0x00,#000000
3.153181890000000,0,0,0x01,0x00,0x00,#010000
3.153209580000000,0,1,0x00,0x00,0x00,#000000
3.153237280000000,0,2,0x00,0x00,0x00,#000000
3.153264970000000,0,3,0x00,0x00,0x00,#000000
3.153292660000000,0,4,0x00,0x00,0x00,#000000
3.153320360000000,0,5,0x00,0x00,0x00,#000000
3.153348050000000,0,6,0x00,0x00,0x00,#000000
3.153375740000000,0,7,0x00,0x00,0x00,#000000
3.153403430000000,0,8,0x00,0x00,0x00,#000000
3.153431130000000,0,9,0x00,0x00,0x00,#000000
3.153458820000000,0,10,0x00,0x00,0x00,#000000
3.153486520000000,0,11,0x00,0x00,0x00,#000000
3.153514200000000,0,12,0x00,0x00,0x00,#000000
3.153541900000000,0,13,0x00,0x00,0x00,#000000
3.153569590000000,0,14,0x00,0x00,0x00,#000000
3.153597290000000,0,15,0x00,0x00,0x00,#000000
3.164286260000000,0,0,0x01,0x00,0x00,#010000
3.164313960000000,0,1,0x00,0x00,0x00,#000000
3.164341640000000,0,2,0x00,0x00,0x00,#000000
3.164369340000000,0,3,0x00,0x00,0x00,#000000
3.164397030000000,0,4,0x00,0x00,0x00,#000000
3.164424730000000,0,5,0x00,0x00,0x00,#000000
3.164452420000000,0,6,0x00,0x00,0x00,#000000
3.164480110000000,0,7,0x00,0x00,0x00,#000000
3.164507800000000,0,8,0x00,0x00,0x00,#000000
3.164535500000000,0,9,0x00,0x00,0x00,#000000
3.164563190000000,0,10,0x00,0x00,0x00,#000000
3.164590880000000,0,11,0x00,0x00,0x00,#000000
3.164618580000000,0,12,0x00,0x00,0x00,#000000
3.164646270000000,0,13,0x00,0x00,0x00,#000000
3.164673970000000,0,14,0x00,0x00,0x00,#000000
3.164701650000000,0,15,0x00,0x00,0x00,#000000
3.175472510000000,0,0,0x01,0x00,0x00,#010000
3.175500200000000,0,1,0x00,0x00,0x00,#000000
3.175527890000000,0,2,0x00,0x00,0x00,#000000
3.175555590000000,0,3,0x00,0x00,0x00,#000000
3.175583280000000,0,4,0x00,0x00,0x00,#000000
3.175610980000000,0,5,0x00,0x00,0x00,#000000
3.175638660000000,0,6,0x00,0x00,0x00,#000000
3.175666360000000,0,7,0x00,0x00,0x00,#000000
3.175694050000000,0,8,0x00,0x00,0x00,#000000
3.175721750000000,0,9,0x00,0x00,0x00,#000000
3.175749440000000,0,10,0x00,0x00,0x00,#000000
3.175777130000000,0,11,0x00,0x00,0x00,#000000
3.175804830000000,0,12,0x00,0x00,0x00,#000000
3.175832520000000,0,13,0x00,0x00,0x00,#000000
3.175860210000000,0,14,0x00,0x00,0x00,#000000
3.175887900000000,0,15,0x00,0x00,0x00,#000000
3.186274080000000,0,0,0x01,0x00,0x00,#010000
3.186301780000000,0,1,0x00,0x00,0x00,#000000
3.186329470000000,0,2,0x00,0x00,0x00,#000000
3.186357160000000,0,3,0x00,0x00,0x00,#000000
3.186384860000000,0,4,0x00,0x00,0x00,#000000
3.186412550000000,0,5,0x00,0x00,0x00,#000000
3.186440240000000,0,6,0x00,0x00,0x00,#000000
3.186467940000000,0,7,0x00,0x00,0x00,#000000
3.186495630000000,0,8,0x00,0x00,0x00,#000000
3.186523320000000,0,9,0x00,0x00,0x00,#000000
3.186551010000000,0,10,0x00,0x00,0x00,#000000
3.186578710000000,0,11,0x00,0x00,0x00,#000000
3.186606400000000,0,12,0x00,0x00,0x00,#000000
3.186634090000000,0,13,0x00,0x00,0x00,#000000
3.186661780000000,0,14,0x00,0x00,0x00,#000000
3.186689480000000,0,15,0x00,0x00,0x00,#000000
3.197281720000000,0,0,0x01,0x00,0x00,#010000
3.197309410000000,0,1,0x00,0x00,0x00,#000000
3.197337110000000,0,2,0x00,0x00,0x00,#000000
3.197364800000000,0,3,0x00,0x00,0x00,#000000
3.197392490000000,0,4,0x00,0x00,0x00,#000000
3.197420190000000,0,5,0x00,0x00,0x00,#000000
3.197447880000000,0,6,0x00,0x00,0x00,#000000
3.197475570000000,0,7,0x00,0x00,0x00,#000000
3.197503270000000,0,8,0x00,0x00,0x00,#000000
3.197530960000000,0,9,0x00,0x00,0x00,#000000
3.197558650000000,0,10,0x00,0x00,0x00,#000000
3.197586350000000,0,11,0x00,0x00,0x00,#000000
3.197614040000000,0,12,0x00,0x00,0x00,#000000
3.197641730000000,0,13,0x00,0x00,0x00,#000000
3.197669420000000,0,14,0x00,0x00,0x00,#000000
3.197697120000000,0,15,0x00,0x00,0x00,#000000
3.208305320000000,0,0,0x01,0x00,0x00,#010000
3.208333010000000,0,1,0x00,0x00,0x00,#000000
3.208360710000000,0,2,0x00,0x00,0x00,#000000
3.208388400000000,0,3,0x00,0x00,0x00,#000000
3.208416090000000,0,4,0x00,0x00,0x00,#000000
3.208443790000000,0,5,0x00,0x00,0x00,#000000
3.208471480000000,0,6,0x00,0x00,0x00,#000000
3.208499180000000,0,7,0x00,0x00,0x00,#000000
3.208526860000000,0,8,0x00,0x00,0x00,#000000
3.208554560000000,0,9,0x00,0x00,0x00,#000000
3.208582250000000,0,10,0x00,0x00,0x00,#000000
3.208609950000000,0,11,0x00,0x00,0x00,#000000
3.208637640000000,0,12,0x00,0x00,0x00,#000000
3.208665330000000,0,13,0x00,0x00,0x00,#000000
3.208693020000000,0,14,0x00,0x00,0x00,#000000
3.208720720000000,0,15,0x00,0x00,0x00,#000000
3.219241420000000,0,0,0x01,0x00,0x00,#010000
3.219269110000000,0,1,0x00,0x00,0x00,#000000
3.219296800000000,0,2,0x00,0x00,0x00,#000000
3.219324500000000,0,3,0x00,0x00,0x00,#000000
3.219352190000000,0,4,0x00,0x00,0x00,#000000
3.219379890000000,0,5,0x00,0x00,0x00,#000000
3.219407580000000,0,6,0x00,0x00,0x00,#000000
3.219435270000000,0,7,0x00,0x00,0x00,#000000
3.219462960000000,0,8,0x00,0x00,0x00,#000000
3.219490660000000,0,9,0x00,0x00,0x00,#000000
3.219518350000000,0,10,0x00,0x00,0x00,#000000
3.219546040000000,0,11,0x00,0x00,0x00,#000000
3.219573730000000,0,12,0x00,0x00,0x00,#000000
3.219601430000000,0,13,0x00,0x00,0x00,#000000
3.219629120000000,0,14,0x00,0x00,0x00,#000000
3.219656810000000,0,15,0x00,0x00,0x00,#000000
3.230291460000000,0,0,0x01,0x00,0x00,#010000
3.230319150000000,0,1,0x00,0x00,0x00,#000000
3.230346850000000,0,2,0x00,0x00,0x00,#000000
3.230374540000000,0,3,0x00,0x00,0x00,#000000
3.230402240000000,0,4,0x00,0x00,0x00,#000000
3.230429920000000,0,5,0x00,0x00,0x00,#000000
3.230457620000000,0,6,0x00,0x00,0x00,#000000
3.230485310000000,0,7,0x00,0x00,0x00,#000000
3.230513010000000,0,8,0x00,0x00,0x00,#000000
3.230540700000000,0,9,0x00,0x00,0x00,#000000
3.230568390000000,0,10,0x00,0x00,0x00,#000000
3.230596080000000,0,11,0x00,0x00,0x00,#000000
3.230623780000000,0,12,0x00,0x00,0x00,#000000
3.230651470000000,0,13,0x00,0x00,0x00,#000000
3.230679160000000,0,14,0x00,0x00,0x00,#000000
3.230706860000000,0,15,0x00,0x00,0x00,#000000
3.241287460000000,0,0,0x01,0x00,0x00,#010000
3.241315160000000,0,1,0x00,0x00,0x00,#000000
3.241342850000000,0,2,0x00,0x00,0x00,#000000
3.241370540000000,0,3,0x00,0x00,0x00,#000000
3.241398240000000,0,4,0x00,0x00,0x00,#000000
3.241425930000000,0,5,0x00,0x00,0x00,#000000
3.241453620000000,0,6,0x00,0x00,0x00,#000000
3.241481310000000,0,7,0x00,0x00,0x00,#000000
3.241509010000000,0,8,0x00,0x00,0x00,#000000
3.241536700000000,0,9,0x00,0x00,0x00,#000000
3.241564400000000,0,10,0x00,0x00,0x00,#000000
3.241592090000000,0,11,0x00,0x00,0x00,#000000
3.241619780000000,0,12,0x00,0x00,0x00,#000000
3.241647470000000,0,13,0x00,0x00,0x00,#000000
3.241675170000000,0,14,0x00,0x00,0x00,#000000
3.241702860000000,0,15,0x00,0x00,0x00,#000000
3.252237940000000,0,0,0x01,0x00,0x00,#010000
3.252265630000000,0,1,0x00,0x00,0x00,#000000
3.252293320000000,0,2,0x00,0x00,0x00,#000000
3.252321020000000,0,3,0x00,0x00,0x00,#000000
3.252348710000000,0,4,0x00,0x00,0x00,#000000
3.252376400000000,0,5,0x00,0x00,0x00,#000000
3.252404090000000,0,6,0x00,0x00,0x00,#000000
3.252431790000000,0,7,0x00,0x00,0x00,#000000
3.252459480000000,0,8,0x00,0x00,0x00,#000000
3.252487180000000,0,9,0x00,0x00,0x00,#000000
3.252514860000000,0,10,0x00,0x00,0x00,#000000
3.252542560000000,0,11,0x00,0x00,0x00,#000000
3.252570250000000,0,12,0x00,0x00,0x00,#000000
3.252597950000000,0,13,0x00,0x00,0x00,#000000
3.252625640000000,0,14,0x00,0x00,0x00,#000000
3.252653330000000,0,15,0x00,0x00,0x00,#000000
3.263297120000000,0,0,0x01,0x00,0x00,#010000
3.263324800000000,0,1,0x00,0x00,0x00,#000000
3.263352500000000,0,2,0x00,0x00,0x00,#000000
3.263380190000000,0,3,0x00,0x00,0x00,#000000
3.263407890000000,0,4,0x00,0x00,0x00,#000000
3.263435580000000,0,5,0x00,0x00,0x00,#000000
3.263463270000000,0,6,0x00,0x00,0x00,#000000
3.263490960000000,0,7,0x00,0x00,0x00,#000000
3.263518660000000,0,8,0x00,0x00,0x00,#000000
3.263546350000000,0,9,0x00,0x00,0x00,#000000
3.263574040000000,0,10,0x00,0x00,0x00,#000000
3.263601740000000,0,11,0x00,0x00,0x00,#000000
3.263629430000000,0,12,0x00,0x00,0x00,#000000
3.263657120000000,0,13,0x00,0x00,0x00,#000000
3.263684810000000,0,14,0x00,0x00,0x00,#000000
3.263712510000000,0,15,0x00,0x00,0x00,#000000
3.274276720000000,0,0,0x01,0x00,0x00,#010000
3.274304420000000,0,1,0x00,0x00,0x00,#000000
3.274332110000000,0,2,0x00,0x00,0x00,#000000
3.274359800000000,0,3,0x00,0x00,0x00,#000000
3.274387490000000,0,4,0x00,0x00,0x00,#000000
3.274415190000000,0,5,0x00,0x00,0x00,#000000
3.274442880000000,0,6,0x00,0x00,0x00,#000000
3.274470570000000,0,7,0x00,0x00,0x00,#000000
3.274498260000000,0,8,0x00,0x00,0x00,#000000
3.274525960000000,0,9,0x00,0x00,0x00,#000000
3.274553650000000,0,10,0x00,0x00,0x00,#000000
3.274581340000000,0,11,0x00,0x00,0x00,#000000
3.274609040000000,0,12,0x00,0x00,0x00,#000000
3.274636730000000,0,13,0x00,0x00,0x00,#000000
3.274664430000000,0,14,0x00,0x00,0x00,#000000
3.274692120000000,0,15,0x00,0x00,0x00,#000000
3.285185270000000,0,0,0x01,0x00,0x00,#010000
3.285212960000000,0,1,0x00,0x00,0x00,#000000
3.285240660000000,0,2,0x00,0x00,0x00,#000000
3.285268350000000,0,3,0x00,0x00,0x00,#000000
3.285296040000000,0,4,0x00,0x00,0x00,#000000
3.285323740000000,0,5,0x00,0x00,0x00,#000000
3.285351430000000,0,6,0x00,0x00,0x00,#000000
3.285379120000000,0,7,0x00,0x00,0x00,#000000
3.285406810000000,0,8,0x00,0x00,0x00,#000000
3.285434510000000,0,9,0x00,0x00,0x00,#000000
3.285462200000000,0,10,0x00,0x00,0x00,#000000
3.285489900000000,0,11,0x00,0x00,0x00,#000000
3.285517580000000,0,12,0x00,0x00,0x00,#000000
3.285545280000000,0,13,0x00,0x00,0x00,#000000
3.285572970000000,0,14,0x00,0x00,0x00,#000000
3.285600670000000,0,15,0x00,0x00,0x00,#000000
3.296301420000000,0,0,0x01,0x00,0x00,#010000
3.296329110000000,0,1,0x00,0x00,0x00,#000000
3.296356810000000,0,2,0x00,0x00,0x00,#000000
3.296384500000000,0,3,0x00,0x00,0x00,#000000
3.296412190000000,0,4,0x00,0x00,0x00,#000000
3.296439880000000,0,5,0x00,0x00,0x00,#000000
3.296467580000000,0,6,0x00,0x00,0x00,#000000
3.296495270000000,0,7,0x00,0x00,0x00,#000000
3.296522970000000,0,8,0x00,0x00,0x00,#000000
3.296550650000000,0,9,0x00,0x00,0x00,#000000
3.296578350000000,0,10,0x00,0x00,0x00,#000000
3.296606040000000,0,11,0x00,0x00,0x00,#000000
3.296633740000000,0,12,0x00,0x00,0x00,#000000
3.296661430000000,0,13,0x00,0x00,0x00,#000000
3.296689120000000,0,14,0x00,0x00,0x00,#000000
3.296716820000000,0,15,0x00,0x00,0x00,#000000
3.307410550000000,0,0,0x01,0x00,0x00,#010000
3.307438250000000,0,1,0x00,0x00,0x00,#000000
3.307465930000000,0,2,0x00,0x00,0x00,#000000
3.307493630000000,0,3,0x00,0x00,0x00,#000000
3.307521320000000,0,4,0x00,0x00,0x00,#000000
3.307549020000000,0,5,0x00,0x00,0x00,#000000
3.307576710000000,0,6,0x00,0x00,0x00,#000000
3.307604400000000,0,7,0x00,0x00,0x00,#000000
3.307632090000000,0,8,0x00,0x00,0x00,#000000
3.307659790000000,0,9,0x00,0x00,0x00,#000000
3.307687480000000,0,10,0x00,0x00,0x00,#000000
3.307715170000000,0,11,0x00,0x00,0x00,#000000
3.307742870000000,0,12,0x00,0x00,0x00,#000000
3.307770560000000,0,13,0x00,0x00,0x00,#000000
3.307798260000000,0,14,0x00,0x00,0x00,#000000
3.307825940000000,0,15,0x00,0x00,0x00,#000000
3.318186120000000,0,0,0x01,0x00,0x00,#010000
3.318213810000000,0,1,0x00,0x00,0x00,#000000
3.318241500000000,0,2,0x00,0x00,0x00,#000000
3.318269190000000,0,3,0x00,0x00,0x00,#000000
3.318296890000000,0,4,0x00,0x00,0x00,#000000
3.318324580000000,0,5,0x00,0x00,0x00,#000000
3.318352280000000,0,6,0x00,0x00,0x00,#000000
3.318379960000000,0,7,0x00,0x00,0x00,#000000
3.318407660000000,0,8,0x00,0x00,0x00,#000000
3.318435350000000,0,9,0x00,0x00,0x00,#000000
3.318463050000000,0,10,0x00,0x00,0x00,#000000
3.318490740000000,0,11,0x00,0x00,0x00,#000000
3.318518430000000,0,12,0x00,0x00,0x00,#000000
3.318546120000000,0,13,0x00,0x00,0x00,#000000
3.318573820000000,0,14,0x00,0x00,0x00,#000000
3.318601510000000,0,15,0x00,0x00,0x00,#000000
3.329362410000000,0,0,0x01,0x00,0x00,#010000
3.329390100000000,0,1,0x00,0x00,0x00,#000000
3.329417800000000,0,2,0x00,0x00,0x00,#000000
3.329445490000000,0,3,0x00,0x00,0x00,#000000
3.329473180000000,0,4,0x00,0x00,0x00,#000000
3.329500870000000,0,5,0x00,0x00,0x00,#000000
3.329528570000000,0,6,0x00,0x00,0x00,#000000
3.329556260000000,0,7,0x00,0x00,0x00,#000000
3.329583960000000,0,8,0x00,0x00,0x00,#000000
3.329611650000000,0,9,0x00,0x00,0x00,#000000
3.329639340000000,0,10,0x00,0x00,0x00,#000000
3.329667030000000,0,11,0x00,0x00,0x00,#000000
3.329694730000000,0,12,0x00,0x00,0x00,#000000
3.329722420000000,0,13,0x00,0x00,0x00,#000000
3.329750110000000,0,14,0x00,0x00,0x00,#000000
3.329777810000000,0,15,0x00,0x00,0x00,#000000
3.341252620000000,0,0,0x01,0x00,0x00,#010000
3.341280310000000,0,1,0x00,0x00,0x00,#000000
3.341308010000000,0,2,0x00,0x00,0x00,#000000
3.341335700000000,0,3,0x00,0x00,0x00,#000000
3.341363390000000,0,4,0x00,0x00,0x00,#000000
3.341391080000000,0,5,0x00,0x00,0x00,#000000
3.341418780000000,0,6,0x00,0x00,0x00,#000000
3.341446470000000,0,7,0x00,0x00,0x00,#000000
3.341474160000000,0,8,0x00,0x00,0x00,#000000
3.341501860000000,0,9,0x00,0x00,0x00,#000000
3.341529550000000,0,10,0x00,0x00,0x00,#000000
3.341557240000000,0,11,0x00,0x00,0x00,#000000
3.341584930000000,0,12,0x00,0x00,0x00,#000000
3.341612630000000,0,13,0x00,0x00,0x00,#000000
3.341640320000000,0,14,0x00,0x00,0x00,#000000
3.341668020000000,0,15,0x00,0x00,0x00,#000000
3.351269940000000,0,0,0x01,0x00,0x00,#010000
3.351297640000000,0,1,0x00,0x00,0x00,#000000
3.351325330000000,0,2,0x00,0x00,0x00,#000000
3.351353020000000,0,3,0x00,0x00,0x00,#000000
3.351380710000000,0,4,0x00,0x00,0x00,#000000
3.351408410000000,0,5,0x00,0x00,0x00,#000000
3.351436100000000,0,6,0x00,0x00,0x00,#000000
3.351463790000000,0,7,0x00,0x00,0x00,#000000
3.351491490000000,0,8,0x00,0x00,0x00,#000000
3.351519180000000,0,9,0x00,0x00,0x00,#000000
3.351546880000000,0,10,0x00,0x00,0x00,#000000
3.351574560000000,0,11,0x00,0x00,0x00,#000000
3.351602260000000,0,12,0x00,0x00,0x00,#000000
3.351629950000000,0,13,0x00,0x00,0x00,#000000
3.351657650000000,0,14,0x00,0x00,0x00,#000000
3.351685340000000,0,15,0x00,0x00,0x00,#000000
3.362459700000000,0,0,0x01,0x00,0x00,#010000
3.362487390000000,0,1,0x00,0x00,0x00,#000000
3.362515090000000,0,2,0x00,0x00,0x00,#000000
3.362542780000000,0,3,0x00,0x00,0x00,#000000
3.362570470000000,0,4,0x00,0x00,0x00,#000000
3.362598160000000,0,5,0x00,0x00,0x00,#000000
3.362625860000000,0,6,0x00,0x00,0x00,#000000
3.362653550000000,0,7,0x00,0x00,0x00,#000000
3.362681250000000,0,8,0x00,0x00,0x00,#000000
3.362708940000000,0,9,0x00,0x00,0x00,#000000
3.362736630000000,0,10,0x00,0x00,0x00,#000000
3.362764320000000,0,11,0x00,0x00,0x00,#000000
3.362792020000000,0,12,0x00,0x00,0x00,#000000
3.362819710000000,0,13,0x00,0x00,0x00,#000000
3.362847400000000,0,14,0x00,0x00,0x00,#000000
3.362875100000000,0,15,0x00,0x00,0x00,#000000
3.373296850000000,0,0,0x01,0x00,0x00,#010000
3.373324550000000,0,1,0x00,0x00,0x00,#000000
3.373352240000000,0,2,0x00,0x00,0x00,#000000
3.373379930000000,0,3,0x00,0x00,0x00,#000000
3.373407620000000,0,4,0x00,0x00,0x00,#000000
3.373435320000000,0,5,0x00,0x00,0x00,#000000
3.373463010000000,0,6,0x00,0x00,0x00,#000000
3.373490710000000,0,7,0x00,0x00,0x00,#000000
3.373518400000000,0,8,0x00,0x00,0x00,#000000
3.373546090000000,0,9,0x00,0x00,0x00,#000000
3.373573780000000,0,10,0x00,0x00,0x00,#000000
3.373601480000000,0,11,0x00,0x00,0x00,#000000
3.373629170000000,0,12,0x00,0x00,0x00,#000000
3.373656860000000,0,13,0x00,0x00,0x00,#000000
3.373684550000000,0,14,0x00,0x00,0x00,#000000
3.373712250000000,0,15,0x00,0x00,0x00,#000000
3.384189150000000,0,0,0x01,0x00,0x00,#010000
3.384216840000000,0,1,0x00,0x00,0x00,#000000
3.384244540000000,0,2,0x00,0x00,0x00,#000000
3.384272230000000,0,3,0x00,0x00,0x00,#000000
3.384299930000000,0,4,0x00,0x00,0x00,#000000
3.384327610000000,0,5,0x00,0x00,0x00,#000000
3.384355310000000,0,6,0x00,0x00,0x00,#000000
3.384383000000000,0,7,0x00,0x00,0x00,#000000
3.384410700000000,0,8,0x00,0x00,0x00,#000000
3.384438390000000,0,9,0x00,0x00,0x00,#000000
3.384466080000000,0,10,0x00,0x00,0x00,#000000
3.384493770000000,0,11,0x00,0x00,0x00,#000000
3.384521470000000,0,12,0x00,0x00,0x00,#000000
3.384549160000000,0,13,0x00,0x00,0x00,#000000
3.384576850000000,0,14,0x00,0x00,0x00,#000000
3.384604550000000,0,15,0x00,0x00,0x00,#000000
3.395304530000000,0,0,0x01,0x00,0x00,#010000
3.395332230000000,0,1,0x00,0x00,0x00,#000000
3.395359920000000,0,2,0x00,0x00,0x00,#000000
3.395387610000000,0,3,0x00,0x00,0x00,#000000
3.395415300000000,0,4,0x00,0x00,0x00,#000000
3.395443000000000,0,5,0x00,0x00,0x00,#000000
3.395470690000000,0,6,0x00,0x00,0x00,#000000
3.395498380000000,0,7,0x00,0x00,0x00,#000000
3.395526080000000,0,8,0x00,0x00,0x00,#000000
3.395553770000000,0,9,0x00,0x00,0x00,#000000
3.395581460000000,0,10,0x00,0x00,0x00,#000000
3.395609150000000,0,11,0x00,0x00,0x00,#000000
3.395636850000000,0,12,0x00,0x00,0x00,#000000
3.395664540000000,0,13,0x00,0x00,0x00,#000000
3.395692240000000,0,14,0x00,0x00,0x00,#000000
3.395719920000000,0,15,0x00,0x00,0x00,#000000
3.406288180000000,0,0,0x01,0x00,0x00,#010000
3.406315870000000,0,1,0x00,0x00,0x00,#000000
3.406343570000000,0,2,0x00,0x00,0x00,#000000
3.406371260000000,0,3,0x00,0x00,0x00,#000000
3.406398950000000,0,4,0x00,0x00,0x00,#000000
3.406426640000000,0,5,0x00,0x00,0x00,#000000
3.406454340000000,0,6,0x00,0x00,0x00,#000000
3.406482030000000,0,7,0x00,0x00,0x00,#000000
3.406509720000000,0,8,0x00,0x00,0x00,#000000
3.406537410000000,0,9,0x00,0x00,0x00,#000000
3.406565110000000,0,10,0x00,0x00,0x00,#000000
3.406592800000000,0,11,0x00,0x00,0x00,#000000
3.406620500000000,0,12,0x00,0x00,0x00,#000000
3.406648190000000,0,13,0x00,0x00,0x00,#000000
3.406675880000000,0,14,0x00,0x00,0x00,#000000
3.406703570000000,0,15,0x00,0x00,0x00,#000000
3.417188650000000,0,0,0x01,0x00,0x00,#010000
3.417216340000000,0,1,0x00,0x00,0x00,#000000
3.417244040000000,0,2,0x00,0x00,0x00,#000000
3.417271730000000,0,3,0x00,0x00,0x00,#000000
3.417299420000000,0,4,0x00,0x00,0x00,#000000
3.417327120000000,0,5,0x00,0x00,0x00,#000000
3.417354810000000,0,6,0x00,0x00,0x00,#000000
3.417382500000000,0,7,0x00,0x00,0x00,#000000
3.417410190000000,0,8,0x00,0x00,0x00,#000000
3.417437890000000,0,9,0x00,0x00,0x00,#000000
3.417465580000000,0,10,0x00,0x00,0x00,#000000
3.417493280000000,0,11,0x00,0x00,0x00,#000000
3.417520960000000,0,12,0x00,0x00,0x00,#000000
3.417548660000000,0,13,0x00,0x00,0x00,#000000
3.417576350000000,0,14,0x00,0x00,0x00,#000000
3.417604050000000,0,15,0x00,0x00,0x00,#000000
3.428287630000000,0,0,0x01,0x00,0x00,#010000
3.428315330000000,0,1,0x00,0x00,0x00,#000000
3.428343020000000,0,2,0x00,0x00,0x00,#000000
3.428370720000000,0,3,0x00,0x00,0x00,#000000
3.428398400000000,0,4,0x00,0x00,0x00,#000000
3.428426100000000,0,5,0x00,0x00,0x00,#000000
3.428453790000000,0,6,0x00,0x00,0x00,#000000
3.428481490000000,0,7,0x00,0x00,0x00,#000000
3.428509180000000,0,8,0x00,0x00,0x00,#000000
3.428536870000000,0,9,0x00,0x00,0x00,#000000
3.428564570000000,0,10,0x00,0x00,0x00,#000000
3.428592260000000,0,11,0x00,0x00,0x00,#000000
3.428619950000000,0,12,0x00,0x00,0x00,#000000
3.428647640000000,0,13,0x00,0x00,0x00,#000000
3.428675340000000,0,14,0x00,0x00,0x00,#000000
3.428703030000000,0,15,0x00,0x00,0x00,#000000
3.439212390000000,0,0,0x01,0x00,0x00,#010000
3.439240080000000,0,1,0x00,0x00,0x00,#000000
3.439267770000000,0,2,0x00,0x00,0x00,#000000
3.439295460000000,0,3,0x00,0x00,0x00,#000000
3.439323160000000,0,4,0x00,0x00,0x00,#000000
3.439350850000000,0,5,0x00,0x00,0x00,#000000
3.439378540000000,0,6,0x00,0x00,0x00,#000000
3.439406240000000,0,7,0x00,0x00,0x00,#000000
3.439433930000000,0,8,0x00,0x00,0x00,#000000
3.439461630000000,0,9,0x00,0x00,0x00,#000000
3.439489310000000,0,10,0x00,0x00,0x00,#000000
3.439517010000000,0,11,0x00,0x00,0x00,#000000
3.439544700000000,0,12,0x00,0x00,0x00,#000000
3.439572400000000,0,13,0x00,0x00,0x00,#000000
3.439600090000000,0,14,0x00,0x00,0x00,#000000
3.439627780000000,0,15,0x00,0x00,0x00,#000000
3.450189490000000,0,0,0x01,0x00,0x00,#010000
3.450217190000000,0,1,0x00,0x00,0x00,#000000
3.450244880000000,0,2,0x00,0x00,0x00,#000000
3.450272570000000,0,3,0x00,0x00,0x00,#000000
3.450300270000000,0,4,0x00,0x00,0x00,#000000
3.450327960000000,0,5,0x00,0x00,0x00,#000000
3.450355650000000,0,6,0x00,0x00,0x00,#000000
3.450383340000000,0,7,0x00,0x00,0x00,#000000
3.450411040000000,0,8,0x00,0x00,0x00,#000000
3.450438730000000,0,9,0x00,0x00,0x00,#000000
3.450466430000000,0,10,0x00,0x00,0x00,#000000
3.450494120000000,0,11,0x00,0x00,0x00,#000000
3.450521810000000,0,12,0x00,0x00,0x00,#000000
3.450549500000000,0,13,0x00,0x00,0x00,#000000
3.450577200000000,0,14,0x00,0x00,0x00,#000000
3.450604890000000,0,15,0x00,0x00,0x00,#000000
3.461297230000000,0,0,0x01,0x00,0x00,#010000
3.461324920000000,0,1,0x00,0x00,0x00,#000000
3.461352620000000,0,2,0x00,0x00,0x00,#000000
3.461380310000000,0,3,0x00,0x00,0x00,#000000
3.461408000000000,0,4,0x00,0x00,0x00,#000000
3.461435690000000,0,5,0x00,0x00,0x00,#000000
3.461463390000000,0,6,0x00,0x00,0x00,#000000
3.461491080000000,0,7,0x00,0x00,0x00,#000000
3.461518780000000,0,8,0x00,0x00,0x00,#000000
3.461546470000000,0,9,0x00,0x00,0x00,#000000
3.461574160000000,0,10,0x00,0x00,0x00,#000000
3.461601850000000,0,11,0x00,0x00,0x00,#000000
3.461629550000000,0,12,0x00,0x00,0x00,#000000
3.461657240000000,0,13,0x00,0x00,0x00,#000000
3.461684930000000,0,14,0x00,0x00,0x00,#000000
3.461712630000000,0,15,0x00,0x00,0x00,#000000
3.472284150000000,0,0,0x01,0x00,0x00,#010000
3.472311840000000,0,1,0x00,0x00,0x00,#000000
3.472339530000000,0,2,0x00,0x00,0x00,#000000
3.472367220000000,0,3,0x00,0x00,0x00,#000000
3.472394920000000,0,4,0x00,0x00,0x00,#000000
3.472422610000000,0,5,0x00,0x00,0x00,#000000
3.472450310000000,0,6,0x00,0x00,0x00,#000000
3.472478000000000,0,7,0x00,0x00,0x00,#000000
3.472505690000000,0,8,0x00,0x00,0x00,#000000
3.472533380000000,0,9,0x00,0x00,0x00,#000000
3.472561080000000,0,10,0x00,0x00,0x00,#000000
3.472588770000000,0,11,0x00,0x00,0x00,#000000
3.472616460000000,0,12,0x00,0x00,0x00,#000000
3.472644160000000,0,13,0x00,0x00,0x00,#000000
3.472671850000000,0,14,0x00,0x00,0x00,#000000
3.472699540000000,0,15,0x00,0x00,0x00,#000000
3.483191010000000,0,0,0x01,0x00,0x00,#010000
3.483218710000000,0,1,0x00,0x00,0x00,#000000
3.483246400000000,0,2,0x00,0x00,0x00,#000000
3.483274090000000,0,3,0x00,0x00,0x00,#000000
3.483301790000000,0,4,0x00,0x00,0x00,#000000
3.483329480000000,0,5,0x00,0x00,0x00,#000000
3.483357170000000,0,6,0x00,0x00,0x00,#000000
3.483384860000000,0,7,0x00,0x00,0x00,#000000
3.483412560000000,0,8,0x00,0x00,0x00,#000000
3.483440250000000,0,9,0x00,0x00,0x00,#000000
3.483467940000000,0,10,0x00,0x00,0x00,#000000
3.483495630000000,0,11,0x00,0x00,0x00,#000000
3.483523330000000,0,12,0x00,0x00,0x00,#000000
3.483551020000000,0,13,0x00,0x00,0x00,#000000
3.483578720000000,0,14,0x00,0x00,0x00,#000000
3.483606410000000,0,15,0x00,0x00,0x00,#000000
3.494310870000000,0,0,0x01,0x00,0x00,#010000
3.494338560000000,0,1,0x00,0x00,0x00,#000000
3.494366250000000,0,2,0x00,0x00,0x00,#000000
3.494393940000000,0,3,0x00,0x00,0x00,#000000
3.494421640000000,0,4,0x00,0x00,0x00,#000000
3.494449330000000,0,5,0x00,0x00,0x00,#000000
3.494477020000000,0,6,0x00,0x00,0x00,#000000
3.494504720000000,0,7,0x00,0x00,0x00,#000000
3.494532410000000,0,8,0x00,0x00,0x00,#000000
3.494560100000000,0,9,0x00,0x00,0x00,#000000
3.494587790000000,0,10,0x00,0x00,0x00,#000000
3.494615490000000,0,11,0x00,0x00,0x00,#000000
3.494643180000000,0,12,0x00,0x00,0x00,#000000
3.494670880000000,0,13,0x00,0x00,0x00,#000000
3.494698560000000,0,14,0x00,0x00,0x00,#000000
3.494726260000000,0,15,0x00,0x00,0x00,#000000
3.505291240000000,0,0,0x01,0x00,0x00,#010000
3.505318940000000,0,1,0x00,0x00,0x00,#000000
3.505346620000000,0,2,0x00,0x00,0x00,#000000
3.505374320000000,0,3,0x00,0x00,0x00,#000000
3.505402010000000,0,4,0x00,0x00,0x00,#000000
3.505429710000000,0,5,0x00,0x00,0x00,#000000
3.505457400000000,0,6,0x00,0x00,0x00,#000000
3.505485090000000,0,7,0x00,0x00,0x00,#000000
3.505512790000000,0,8,0x00,0x00,0x00,#000000
3.505540480000000,0,9,0x00,0x00,0x00,#000000
3.505568170000000,0,10,0x00,0x00,0x00,#000000
3.505595860000000,0,11,0x00,0x00,0x00,#000000
3.505623560000000,0,12,0x00,0x00,0x00,#000000
3.505651250000000,0,13,0x00,0x00,0x00,#000000
3.505678950000000,0,14,0x00,0x00,0x00,#000000
3.505706630000000,0,15,0x00,0x00,0x00,#000000
3.516191180000000,0,0,0x01,0x00,0x00,#010000
3.516218880000000,0,1,0x00,0x00,0x00,#000000
3.516246570000000,0,2,0x00,0x00,0x00,#000000
3.516274260000000,0,3,0x00,0x00,0x00,#000000
3.516301950000000,0,4,0x00,0x00,0x00,#000000
3.516329650000000,0,5,0x00,0x00,0x00,#000000
3.516357340000000,0,6,0x00,0x00,0x00,#000000
3.516385030000000,0,7,0x00,0x00,0x00,#000000
3.516412730000000,0,8,0x00,0x00,0x00,#000000
3.516440420000000,0,9,0x00,0x00,0x00,#000000
3.516468120000000,0,10,0x00,0x00,0x00,#000000
3.516495810000000,0,11,0x00,0x00,0x00,#000000
3.516523500000000,0,12,0x00,0x00,0x00,#000000
3.516551190000000,0,13,0x00,0x00,0x00,#000000
3.516578890000000,0,14,0x00,0x00,0x00,#000000
3.516606580000000,0,15,0x00,0x00,0x00,#000000
3.527290750000000,0,0,0x01,0x00,0x00,#010000
3.527318440000000,0,1,0x00,0x00,0x00,#000000
3.527346130000000,0,2,0x00,0x00,0x00,#000000
3.527373830000000,0,3,0x00,0x00,0x00,#000000
3.527401520000000,0,4,0x00,0x00,0x00,#000000
3.527429220000000,0,5,0x00,0x00,0x00,#000000
3.527456900000000,0,6,0x00,0x00,0x00,#000000
3.527484600000000,0,7,0x00,0x00,0x00,#000000
3.527512290000000,0,8,0x00,0x00,0x00,#000000
3.527539990000000,0,9,0x00,0x00,0x00,#000000
3.527567670000000,0,10,0x00,0x00,0x00,#000000
3.527595370000000,0,11,0x00,0x00,0x00,#000000
3.527623060000000,0,12,0x00,0x00,0x00,#000000
3.527650760000000,0,13,0x00,0x00,0x00,#000000
3.527678450000000,0,14,0x00,0x00,0x00,#000000
3.527706140000000,0,15,0x00,0x00,0x00,#000000
3.538288570000000,0,0,0x01,0x00,0x00,#010000
3.538316270000000,0,1,0x00,0x00,0x00,#000000
3.538343960000000,0,2,0x00,0x00,0x00,#000000
3.538371660000000,0,3,0x00,0x00,0x00,#000000
3.538399350000000,0,4,0x00,0x00,0x00,#000000
3.538427040000000,0,5,0x00,0x00,0x00,#000000
3.538454730000000,0,6,0x00,0x00,0x00,#000000
3.538482430000000,0,7,0x00,0x00,0x00,#000000
3.538510120000000,0,8,0x00,0x00,0x00,#000000
3.538537810000000,0,9,0x00,0x00,0x00,#000000
3.538565510000000,0,10,0x00,0x00,0x00,#000000
3.538593200000000,0,11,0x00,0x00,0x00,#000000
3.538620890000000,0,12,0x00,0x00,0x00,#000000
3.538648580000000,0,13,0x00,0x00,0x00,#000000
3.538676280000000,0,14,0x00,0x00,0x00,#000000
3.538703970000000,0,15,0x00,0x00,0x00,#000000
3.549234530000000,0,0,0x01,0x00,0x00,#010000
3.549262220000000,0,1,0x00,0x00,0x00,#000000
3.549289920000000,0,2,0x00,0x00,0x00,#000000
3.549317610000000,0,3,0x00,0x00,0x00,#000000
3.549345300000000,0,4,0x00,0x00,0x00,#000000
3.549373000000000,0,5,0x00,0x00,0x00,#000000
3.549400690000000,0,6,0x00,0x00,0x00,#000000
3.549428380000000,0,7,0x00,0x00,0x00,#000000
3.549456070000000,0,8,0x00,0x00,0x00,#000000
3.549483770000000,0,9,0x00,0x00,0x00,#000000
3.549511460000000,0,10,0x00,0x00,0x00,#000000
3.549539160000000,0,11,0x00,0x00,0x00,#000000
3.549566840000000,0,12,0x00,0x00,0x00,#000000
3.549594540000000,0,13,0x00,0x00,0x00,#000000
3.549622230000000,0,14,0x00,0x00,0x00,#000000
3.549649930000000,0,15,0x00,0x00,0x00,#000000
3.560292510000000,0,0,0x01,0x00,0x00,#010000
3.560320200000000,0,1,0x00,0x00,0x00,#000000
3.560347890000000,0,2,0x00,0x00,0x00,#000000
3.560375580000000,0,3,0x00,0x00,0x00,#000000
3.560403280000000,0,4,0x00,0x00,0x00,#000000
3.560430970000000,0,5,0x00,0x00,0x00,#000000
3.560458660000000,0,6,0x00,0x00,0x00,#000000
3.560486350000000,0,7,0x00,0x00,0x00,#000000
3.560514050000000,0,8,0x00,0x00,0x00,#000000
3.560541740000000,0,9,0x00,0x00,0x00,#000000
3.560569440000000,0,10,0x00,0x00,0x00,#000000
3.560597130000000,0,11,0x00,0x00,0x00,#000000
3.560624820000000,0,12,0x00,0x00,0x00,#000000
3.560652510000000,0,13,0x00,0x00,0x00,#000000
3.560680210000000,0,14,0x00,0x00,0x00,#000000
3.560707900000000,0,15,0x00,0x00,0x00,#000000
3.571289950000000,0,0,0x01,0x00,0x00,#010000
3.571317640000000,0,1,0x00,0x00,0x00,#000000
3.571345340000000,0,2,0x00,0x00,0x00,#000000
3.571373030000000,0,3,0x00,0x00,0x00,#000000
3.571400720000000,0,4,0x00,0x00,0x00,#000000
3.571428420000000,0,5,0x00,0x00,0x00,#000000
3.571456110000000,0,6,0x00,0x00,0x00,#000000
3.571483800000000,0,7,0x00,0x00,0x00,#000000
3.571511490000000,0,8,0x00,0x00,0x00,#000000
3.571539190000000,0,9,0x00,0x00,0x00,#000000
3.571566880000000,0,10,0x00,0x00,0x00,#000000
3.571594570000000,0,11,0x00,0x00,0x00,#000000
3.571622260000000,0,12,0x00,0x00,0x00,#000000
3.571649960000000,0,13,0x00,0x00,0x00,#000000
3.571677650000000,0,14,0x00,0x00,0x00,#000000
3.571705350000000,0,15,0x00,0x00,0x00,#000000
3.582192870000000,0,0,0x01,0x00,0x00,#010000
3.582220570000000,0,1,0x00,0x00,0x00,#000000
3.582248260000000,0,2,0x00,0x00,0x00,#000000
3.582275950000000,0,3,0x00,0x00,0x00,#000000
3.582303640000000,0,4,0x00,0x00,0x00,#000000
3.582331340000000,0,5,0x00,0x00,0x00,#000000
3.582359030000000,0,6,0x00,0x00,0x00,#000000
3.582386720000000,0,7,0x00,0x00,0x00,#000000
3.582414420000000,0,8,0x00,0x00,0x00,#000000
3.582442110000000,0,9,0x00,0x00,0x00,#000000
3.582469800000000,0,10,0x00,0x00,0x00,#000000
3.582497500000000,0,11,0x00,0x00,0x00,#000000
3.582525190000000,0,12,0x00,0x00,0x00,#000000
3.582552880000000,0,13,0x00,0x00,0x00,#000000
3.582580580000000,0,14,0x00,0x00,0x00,#000000
3.582608270000000,0,15,0x00,0x00,0x00,#000000
3.593298060000000,0,0,0x01,0x00,0x00,#010000
3.593325750000000,0,1,0x00,0x00,0x00,#000000
3.593353450000000,0,2,0x00,0x00,0x00,#000000
3.593381140000000,0,3,0x00,0x00,0x00,#000000
3.593408830000000,0,4,0x00,0x00,0x00,#000000
3.593436530000000,0,5,0x00,0x00,0x00,#000000
3.593464220000000,0,6,0x00,0x00,0x00,#000000
3.593491910000000,0,7,0x00,0x00,0x00,#000000
3.593519610000000,0,8,0x00,0x00,0x00,#000000
3.593547300000000,0,9,0x00,0x00,0x00,#000000
3.593574990000000,0,10,0x00,0x00,0x00,#000000
3.593602680000000,0,11,0x00,0x00,0x00,#000000
3.593630380000000,0,12,0x00,0x00,0x00,#000000
3.593658070000000,0,13,0x00,0x00,0x00,#000000
3.593685760000000,0,14,0x00,0x00,0x00,#000000
3.593713450000000,0,15,0x00,0x00,0x00,#000000
3.604291330000000,0,0,0x01,0x00,0x00,#010000
3.604319010000000,0,1,0x00,0x00,0x00,#000000
3.604346710000000,0,2,0x00,0x00,0x00,#000000
3.604374400000000,0,3,0x00,0x00,0x00,#000000
3.604402100000000,0,4,0x00,0x00,0x00,#000000
3.604429790000000,0,5,0x00,0x00,0x00,#000000
3.604457480000000,0,6,0x00,0x00,0x00,#000000
3.604485170000000,0,7,0x00,0x00,0x00,#000000
3.604512870000000,0,8,0x00,0x00,0x00,#000000
3.604540560000000,0,9,0x00,0x00,0x00,#000000
3.604568250000000,0,10,0x00,0x00,0x00,#000000
3.604595950000000,0,11,0x00,0x00,0x00,#000000
3.604623640000000,0,12,0x00,0x00,0x00,#000000
3.604651330000000,0,13,0x00,0x00,0x00,#000000
3.604679020000000,0,14,0x00,0x00,0x00,#000000
3.604706720000000,0,15,0x00,0x00,0x00,#000000
3.615200540000000,0,0,0x01,0x00,0x00,#010000
3.615228240000000,0,1,0x00,0x00,0x00,#000000
3.615255930000000,0,2,0x00,0x00,0x00,#000000
3.615283620000000,0,3,0x00,0x00,0x00,#000000
3.615311310000000,0,4,0x00,0x00,0x00,#000000
3.615339010000000,0,5,0x00,0x00,0x00,#000000
3.615366700000000,0,6,0x00,0x00,0x00,#000000
3.615394400000000,0,7,0x00,0x00,0x00,#000000
3.615422090000000,0,8,0x00,0x00,0x00,#000000
3.615449780000000,0,9,0x00,0x00,0x00,#000000
3.615477470000000,0,10,0x00,0x00,0x00,#000000
3.615505170000000,0,11,0x00,0x00,0x00,#000000
3.615532860000000,0,12,0x00,0x00,0x00,#000000
3.615560550000000,0,13,0x00,0x00,0x00,#000000
3.615588250000000,0,14,0x00,0x00,0x00,#000000
3.615615940000000,0,15,0x00,0x00,0x00,#000000
3.626391070000000,0,0,0x01,0x00,0x00,#010000
3.626418770000000,0,1,0x00,0x00,0x00,#000000
3.626446450000000,0,2,0x00,0x00,0x00,#000000
3.626474150000000,0,3,0x00,0x00,0x00,#000000
3.626501840000000,0,4,0x00,0x00,0x00,#000000
3.626529540000000,0,5,0x00,0x00,0x00,#000000
3.626557230000000,0,6,0x00,0x00,0x00,#000000
3.626584920000000,0,7,0x00,0x00,0x00,#000000
3.626612620000000,0,8,0x00,0x00,0x00,#000000
3.626640310000000,0,9,0x00,0x00,0x00,#000000
3.626668000000000,0,10,0x00,0x00,0x00,#000000
3.626695690000000,0,11,0x00,0x00,0x00,#000000
3.626723390000000,0,12,0x00,0x00,0x00,#000000
3.626751080000000,0,13,0x00,0x00,0x00,#000000
3.626778780000000,0,14,0x00,0x00,0x00,#000000
3.626806460000000,0,15,0x00,0x00,0x00,#000000
3.637304000000000,0,0,0x01,0x00,0x00,#010000
3.637331690000000,0,1,0x00,0x00,0x00,#000000
3.637359380000000,0,2,0x00,0x00,0x00,#000000
3.637387070000000,0,3,0x00,0x00,0x00,#000000
3.637414770000000,0,4,0x00,0x00,0x00,#000000
3.637442460000000,0,5,0x00,0x00,0x00,#000000
3.637470160000000,0,6,0x00,0x00,0x00,#000000
3.637497840000000,0,7,0x00,0x00,0x00,#000000
3.637525540000000,0,8,0x00,0x00,0x00,#000000
3.637553230000000,0,9,0x00,0x00,0x00,#000000
3.637580930000000,0,10,0x00,0x00,0x00,#000000
3.637608620000000,0,11,0x00,0x00,0x00,#000000
3.637636310000000,0,12,0x00,0x00,0x00,#000000
3.637664000000000,0,13,0x00,0x00,0x00,#000000
3.637691700000000,0,14,0x00,0x00,0x00,#000000
3.637719390000000,0,15,0x00,0x00,0x00,#000000
3.648194560000000,0,0,0x01,0x00,0x00,#010000
3.648222260000000,0,1,0x00,0x00,0x00,#000000
3.648249950000000,0,2,0x00,0x00,0x00,#000000
3.648277640000000,0,3,0x00,0x00,0x00,#000000
3.648305330000000,0,4,0x00,0x00,0x00,#000000
3.648333030000000,0,5,0x00,0x00,0x00,#000000
3.648360720000000,0,6,0x00,0x00,0x00,#000000
3.648388410000000,0,7,0x00,0x00,0x00,#000000
3.648416100000000,0,8,0x00,0x00,0x00,#000000
3.648443800000000,0,9,0x00,0x00,0x00,#000000
3.648471490000000,0,10,0x00,0x00,0x00,#000000
3.648499190000000,0,11,0x00,0x00,0x00,#000000
3.648526880000000,0,12,0x00,0x00,0x00,#000000
3.648554570000000,0,13,0x00,0x00,0x00,#000000
3.648582270000000,0,14,0x00,0x00,0x00,#000000
3.648609960000000,0,15,0x00,0x00,0x00,#000000
3.659234410000000,0,0,0x01,0x00,0x00,#010000
3.659262110000000,0,1,0x00,0x00,0x00,#000000
3.659289800000000,0,2,0x00,0x00,0x00,#000000
3.659317490000000,0,3,0x00,0x00,0x00,#000000
3.659345180000000,0,4,0x00,0x00,0x00,#000000
3.659372880000000,0,5,0x00,0x00,0x00,#000000
3.659400570000000,0,6,0x00,0x00,0x00,#000000
3.659428260000000,0,7,0x00,0x00,0x00,#000000
3.659455960000000,0,8,0x00,0x00,0x00,#000000
3.659483650000000,0,9,0x00,0x00,0x00,#000000
3.659511340000000,0,10,0x00,0x00,0x00,#000000
3.659539030000000,0,11,0x00,0x00,0x00,#000000
3.659566730000000,0,12,0x00,0x00,0x00,#000000
3.659594420000000,0,13,0x00,0x00,0x00,#000000
3.659622120000000,0,14,0x00,0x00,0x00,#000000
3.659649800000000,0,15,0x00,0x00,0x00,#000000
3.670281330000000,0,0,0x01,0x00,0x00,#010000
3.670309020000000,0,1,0x00,0x00,0x00,#000000
3.670336720000000,0,2,0x00,0x00,0x00,#000000
3.670364410000000,0,3,0x00,0x00,0x00,#000000
3.670392100000000,0,4,0x00,0x00,0x00,#000000
3.670419790000000,0,5,0x00,0x00,0x00,#000000
3.670447490000000,0,6,0x00,0x00,0x00,#000000
3.670475180000000,0,7,0x00,0x00,0x00,#000000
3.670502880000000,0,8,0x00,0x00,0x00,#000000
3.670530560000000,0,9,0x00,0x00,0x00,#000000
3.670558260000000,0,10,0x00,0x00,0x00,#000000
3.670585950000000,0,11,0x00,0x00,0x00,#000000
3.670613650000000,0,12,0x00,0x00,0x00,#000000
3.670641340000000,0,13,0x00,0x00,0x00,#000000
3.670669030000000,0,14,0x00,0x00,0x00,#000000
3.670696720000000,0,15,0x00,0x00,0x00,#000000
3.681306370000000,0,0,0x01,0x00,0x00,#010000
3.681334070000000,0,1,0x00,0x00,0x00,#000000
3.681361750000000,0,2,0x00,0x00,0x00,#000000
3.681389450000000,0,3,0x00,0x00,0x00,#000000
3.681417140000000,0,4,0x00,0x00,0x00,#000000
3.681444840000000,0,5,0x00,0x00,0x00,#000000
3.681472530000000,0,6,0x00,0x00,0x00,#000000
3.681500220000000,0,7,0x00,0x00,0x00,#000000
3.681527910000000,0,8,0x00,0x00,0x00,#000000
3.681555610000000,0,9,0x00,0x00,0x00,#000000
3.681583300000000,0,10,0x00,0x00,0x00,#000000
3.681610990000000,0,11,0x00,0x00,0x00,#000000
3.681638690000000,0,12,0x00,0x00,0x00,#000000
3.681666380000000,0,13,0x00,0x00,0x00,#000000
3.681694070000000,0,14,0x00,0x00,0x00,#000000
3.681721760000000,0,15,0x00,0x00,0x00,#000000
3.692308430000000,0,0,0x01,0x00,0x00,#010000
3.692336120000000,0,1,0x00,0x00,0x00,#000000
3.692363820000000,0,2,0x00,0x00,0x00,#000000
3.692391510000000,0,3,0x00,0x00,0x00,#000000
3.692419210000000,0,4,0x00,0x00,0x00,#000000
3.692446890000000,0,5,0x00,0x00,0x00,#000000
3.692474590000000,0,6,0x00,0x00,0x00,#000000
3.692502280000000,0,7,0x00,0x00,0x00,#000000
3.692529980000000,0,8,0x00,0x00,0x00,#000000
3.692557670000000,0,9,0x00,0x00,0x00,#000000
3.692585360000000,0,10,0x00,0x00,0x00,#000000
3.692613050000000,0,11,0x00,0x00,0x00,#000000
3.692640750000000,0,12,0x00,0x00,0x00,#000000
3.692668440000000,0,13,0x00,0x00,0x00,#000000
3.692696130000000,0,14,0x00,0x00,0x00,#000000
3.692723830000000,0,15,0x00,0x00,0x00,#000000
3.703288380000000,0,0,0x01,0x00,0x00,#010000
3.703316070000000,0,1,0x00,0x00,0x00,#000000
3.703343760000000,0,2,0x00,0x00,0x00,#000000
3.703371450000000,0,3,0x00,0x00,0x00,#000000
3.703399150000000,0,4,0x00,0x00,0x00,#000000
3.703426840000000,0,5,0x00,0x00,0x00,#000000
3.703454530000000,0,6,0x00,0x00,0x00,#000000
3.703482230000000,0,7,0x00,0x00,0x00,#000000
3.703509920000000,0,8,0x00,0x00,0x00,#000000
3.703537620000000,0,9,0x00,0x00,0x00,#000000
3.703565300000000,0,10,0x00,0x00,0x00,#000000
3.703593000000000,0,11,0x00,0x00,0x00,#000000
3.703620690000000,0,12,0x00,0x00,0x00,#000000
3.703648390000000,0,13,0x00,0x00,0x00,#000000
3.703676080000000,0,14,0x00,0x00,0x00,#000000
3.703703770000000,0,15,0x00,0x00,0x00,#000000
3.714196250000000,0,0,0x01,0x00,0x00,#010000
3.714223940000000,0,1,0x00,0x00,0x00,#000000
3.714251640000000,0,2,0x00,0x00,0x00,#000000
3.714279330000000,0,3,0x00,0x00,0x00,#000000
3.714307020000000,0,4,0x00,0x00,0x00,#000000
3.714334720000000,0,5,0x00,0x00,0x00,#000000
3.714362410000000,0,6,0x00,0x00,0x00,#000000
3.714390100000000,0,7,0x00,0x00,0x00,#000000
3.714417790000000,0,8,0x00,0x00,0x00,#000000
3.714445490000000,0,9,0x00,0x00,0x00,#000000
3.714473180000000,0,10,0x00,0x00,0x00,#000000
3.714500880000000,0,11,0x00,0x00,0x00,#000000
3.714528570000000,0,12,0x00,0x00,0x00,#000000
3.714556260000000,0,13,0x00,0x00,0x00,#000000
3.714583950000000,0,14,0x00,0x00,0x00,#000000
3.714611650000000,0,15,0x00,0x00,0x00,#000000
3.725305820000000,0,0,0x01,0x00,0x00,#010000
3.725333500000000,0,1,0x00,0x00,0x00,#000000
3.725361200000000,0,2,0x00,0x00,0x00,#000000
3.725388890000000,0,3,0x00,0x00,0x00,#000000
3.725416590000000,0,4,0x00,0x00,0x00,#000000
3.725444280000000,0,5,0x00,0x00,0x00,#000000
3.725471970000000,0,6,0x00,0x00,0x00,#000000
3.725499660000000,0,7,0x00,0x00,0x00,#000000
3.725527360000000,0,8,0x00,0x00,0x00,#000000
3.725555050000000,0,9,0x00,0x00,0x00,#000000
3.725582740000000,0,10,0x00,0x00,0x00,#000000
3.725610440000000,0,11,0x00,0x00,0x00,#000000
3.725638130000000,0,12,0x00,0x00,0x00,#000000
3.725665830000000,0,13,0x00,0x00,0x00,#000000
3.725693510000000,0,14,0x00,0x00,0x00,#000000
3.725721210000000,0,15,0x00,0x00,0x00,#000000
3.736311530000000,0,0,0x01,0x00,0x00,#010000
3.736339220000000,0,1,0x00,0x00,0x00,#000000
3.736366910000000,0,2,0x00,0x00,0x00,#000000
3.736394610000000,0,3,0x00,0x00,0x00,#000000
3.736422300000000,0,4,0x00,0x00,0x00,#000000
3.736450000000000,0,5,0x00,0x00,0x00,#000000
3.736477690000000,0,6,0x00,0x00,0x00,#000000
3.736505380000000,0,7,0x00,0x00,0x00,#000000
3.736533070000000,0,8,0x00,0x00,0x00,#000000
3.736560770000000,0,9,0x00,0x00,0x00,#000000
3.736588460000000,0,10,0x00,0x00,0x00,#000000
3.736616150000000,0,11,0x00,0x00,0x00,#000000
3.736643840000000,0,12,0x00,0x00,0x00,#000000
3.736671540000000,0,13,0x00,0x00,0x00,#000000
3.736699230000000,0,14,0x00,0x00,0x00,#000000
3.736726920000000,0,15,0x00,0x00,0x00,#000000
3.747198730000000,0,0,0x01,0x00,0x00,#010000
3.747226420000000,0,1,0x00,0x00,0x00,#000000
3.747254120000000,0,2,0x00,0x00,0x00,#000000
3.747281810000000,0,3,0x00,0x00,0x00,#000000
3.747309500000000,0,4,0x00,0x00,0x00,#000000
3.747337190000000,0,5,0x00,0x00,0x00,#000000
3.747364890000000,0,6,0x00,0x00,0x00,#000000
3.747392580000000,0,7,0x00,0x00,0x00,#000000
3.747420280000000,0,8,0x00,0x00,0x00,#000000
3.747447970000000,0,9,0x00,0x00,0x00,#000000
3.747475660000000,0,10,0x00,0x00,0x00,#000000
3.747503350000000,0,11,0x00,0x00,0x00,#000000
3.747531050000000,0,12,0x00,0x00,0x00,#000000
3.747558740000000,0,13,0x00,0x00,0x00,#000000
3.747586430000000,0,14,0x00,0x00,0x00,#000000
3.747614120000000,0,15,0x00,0x00,0x00,#000000
3.758306850000000,0,0,0x01,0x00,0x00,#010000
3.758334540000000,0,1,0x00,0x00,0x00,#000000
3.758362240000000,0,2,0x00,0x00,0x00,#000000
3.758389930000000,0,3,0x00,0x00,0x00,#000000
3.758417630000000,0,4,0x00,0x00,0x00,#000000
3.758445310000000,0,5,0x00,0x00,0x00,#000000
3.758473010000000,0,6,0x00,0x00,0x00,#000000
3.758500700000000,0,7,0x00,0x00,0x00,#000000
3.758528400000000,0,8,0x00,0x00,0x00,#000000
3.758556090000000,0,9,0x00,0x00,0x00,#000000
3.758583780000000,0,10,0x00,0x00,0x00,#000000
3.758611470000000,0,11,0x00,0x00,0x00,#000000
3.758639170000000,0,12,0x00,0x00,0x00,#000000
3.758666860000000,0,13,0x00,0x00,0x00,#000000
3.758694550000000,0,14,0x00,0x00,0x00,#000000
3.758722250000000,0,15,0x00,0x00,0x00,#000000
3.769300590000000,0,0,0x01,0x00,0x00,#010000
3.769328290000000,0,1,0x00,0x00,0x00,#000000
3.769355980000000,0,2,0x00,0x00,0x00,#000000
3.769383680000000,0,3,0x00,0x00,0x00,#000000
3.769411360000000,0,4,0x00,0x00,0x00,#000000
3.769439060000000,0,5,0x00,0x00,0x00,#000000
3.769466750000000,0,6,0x00,0x00,0x00,#000000
3.769494450000000,0,7,0x00,0x00,0x00,#000000
3.769522130000000,0,8,0x00,0x00,0x00,#000000
3.769549830000000,0,9,0x00,0x00,0x00,#000000
3.769577520000000,0,10,0x00,0x00,0x00,#000000
3.769605220000000,0,11,0x00,0x00,0x00,#000000
3.769632910000000,0,12,0x00,0x00,0x00,#000000
3.769660600000000,0,13,0x00,0x00,0x00,#000000
3.769688300000000,0,14,0x00,0x00,0x00,#000000
3.769715990000000,0,15,0x00,0x00,0x00,#000000
3.780252560000000,0,0,0x01,0x00,0x00,#010000
3.780280250000000,0,1,0x00,0x00,0x00,#000000
3.780307940000000,0,2,0x00,0x00,0x00,#000000
3.780335640000000,0,3,0x00,0x00,0x00,#000000
3.780363330000000,0,4,0x00,0x00,0x00,#000000
3.780391020000000,0,5,0x00,0x00,0x00,#000000
3.780418710000000,0,6,0x00,0x00,0x00,#000000
3.780446410000000,0,7,0x00,0x00,0x00,#000000
3.780474100000000,0,8,0x00,0x00,0x00,#000000
3.780501790000000,0,9,0x00,0x00,0x00,#000000
3.780529480000000,0,10,0x00,0x00,0x00,#000000
3.780557180000000,0,11,0x00,0x00,0x00,#000000
3.780584870000000,0,12,0x00,0x00,0x00,#000000
3.780612570000000,0,13,0x00,0x00,0x00,#000000
3.780640260000000,0,14,0x00,0x00,0x00,#000000
3.780667950000000,0,15,0x00,0x00,0x00,#000000
3.791316590000000,0,0,0x01,0x00,0x00,#010000
3.791344280000000,0,1,0x00,0x00,0x00,#000000
3.791371980000000,0,2,0x00,0x00,0x00,#000000
3.791399670000000,0,3,0x00,0x00,0x00,#000000
3.791427360000000,0,4,0x00,0x00,0x00,#000000
3.791455050000000,0,5,0x00,0x00,0x00,#000000
3.791482750000000,0,6,0x00,0x00,0x00,#000000
3.791510440000000,0,7,0x00,0x00,0x00,#000000
3.791538140000000,0,8,0x00,0x00,0x00,#000000
3.791565820000000,0,9,0x00,0x00,0x00,#000000
3.791593520000000,0,10,0x00,0x00,0x00,#000000
3.791621210000000,0,11,0x00,0x00,0x00,#000000
3.791648910000000,0,12,0x00,0x00,0x00,#000000
3.791676600000000,0,13,0x00,0x00,0x00,#000000
3.791704290000000,0,14,0x00,0x00,0x00,#000000
3.791731980000000,0,15,0x00,0x00,0x00,#000000
3.802290380000000,0,0,0x01,0x00,0x00,#010000
3.802318070000000,0,1,0x00,0x00,0x00,#000000
3.802345770000000,0,2,0x00,0x00,0x00,#000000
3.802373460000000,0,3,0x00,0x00,0x00,#000000
3.802401150000000,0,4,0x00,0x00,0x00,#000000
3.802428850000000,0,5,0x00,0x00,0x00,#000000
3.802456540000000,0,6,0x00,0x00,0x00,#000000
3.802484230000000,0,7,0x00,0x00,0x00,#000000
3.802511920000000,0,8,0x00,0x00,0x00,#000000
3.802539620000000,0,9,0x00,0x00,0x00,#000000
3.802567310000000,0,10,0x00,0x00,0x00,#000000
3.802595010000000,0,11,0x00,0x00,0x00,#000000
3.802622690000000,0,12,0x00,0x00,0x00,#000000
3.802650390000000,0,13,0x00,0x00,0x00,#000000
3.802678080000000,0,14,0x00,0x00,0x00,#000000
3.802705780000000,0,15,0x00,0x00,0x00,#000000
3.813200030000000,0,0,0x01,0x00,0x00,#010000
3.813227730000000,0,1,0x00,0x00,0x00,#000000
3.813255420000000,0,2,0x00,0x00,0x00,#000000
3.813283110000000,0,3,0x00,0x00,0x00,#000000
3.813310800000000,0,4,0x00,0x00,0x00,#000000
3.813338500000000,0,5,0x00,0x00,0x00,#000000
3.813366190000000,0,6,0x00,0x00,0x00,#000000
3.813393880000000,0,7,0x00,0x00,0x00,#000000
3.813421580000000,0,8,0x00,0x00,0x00,#000000
3.813449270000000,0,9,0x00,0x00,0x00,#000000
3.813476970000000,0,10,0x00,0x00,0x00,#000000
3.813504660000000,0,11,0x00,0x00,0x00,#000000
3.813532350000000,0,12,0x00,0x00,0x00,#000000
3.813560040000000,0,13,0x00,0x00,0x00,#000000
3.813587740000000,0,14,0x00,0x00,0x00,#000000
3.813615430000000,0,15,0x00,0x00,0x00,#000000
3.824304550000000,0,0,0x01,0x00,0x00,#010000
3.824332240000000,0,1,0x00,0x00,0x00,#000000
3.824359940000000,0,2,0x00,0x00,0x00,#000000
3.824387630000000,0,3,0x00,0x00,0x00,#000000
3.824415320000000,0,4,0x00,0x00,0x00,#000000
3.824443010000000,0,5,0x00,0x00,0x00,#000000
3.824470710000000,0,6,0x00,0x00,0x00,#000000
3.824498400000000,0,7,0x00,0x00,0x00,#000000
3.824526090000000,0,8,0x00,0x00,0x00,#000000
3.824553790000000,0,9,0x00,0x00,0x00,#000000
3.824581480000000,0,10,0x00,0x00,0x00,#000000
3.824609170000000,0,11,0x00,0x00,0x00,#000000
3.824636860000000,0,12,0x00,0x00,0x00,#000000
3.824664560000000,0,13,0x00,0x00,0x00,#000000
3.824692250000000,0,14,0x00,0x00,0x00,#000000
3.824719950000000,0,15,0x00,0x00,0x00,#000000
3.835297520000000,0,0,0x01,0x00,0x00,#010000
3.835325220000000,0,1,0x00,0x00,0x00,#000000
3.835352910000000,0,2,0x00,0x00,0x00,#000000
3.835380600000000,0,3,0x00,0x00,0x00,#000000
3.835408300000000,0,4,0x00,0x00,0x00,#000000
3.835435990000000,0,5,0x00,0x00,0x00,#000000
3.835463680000000,0,6,0x00,0x00,0x00,#000000
3.835491370000000,0,7,0x00,0x00,0x00,#000000
3.835519070000000,0,8,0x00,0x00,0x00,#000000
3.835546760000000,0,9,0x00,0x00,0x00,#000000
3.835574450000000,0,10,0x00,0x00,0x00,#000000
3.835602140000000,0,11,0x00,0x00,0x00,#000000
3.835629840000000,0,12,0x00,0x00,0x00,#000000
3.835657530000000,0,13,0x00,0x00,0x00,#000000
3.835685230000000,0,14,0x00,0x00,0x00,#000000
3.835712920000000,0,15,0x00,0x00,0x00,#000000
3.846202270000000,0,0,0x01,0x00,0x00,#010000
3.846229970000000,0,1,0x00,0x00,0x00,#000000
3.846257660000000,0,2,0x00,0x00,0x00,#000000
3.846285350000000,0,3,0x00,0x00,0x00,#000000
3.846313040000000,0,4,0x00,0x00,0x00,#000000
3.846340740000000,0,5,0x00,0x00,0x00,#000000
3.846368430000000,0,6,0x00,0x00,0x00,#000000
3.846396130000000,0,7,0x00,0x00,0x00,#000000
3.846423810000000,0,8,0x00,0x00,0x00,#000000
3.846451510000000,0,9,0x00,0x00,0x00,#000000
3.846479200000000,0,10,0x00,0x00,0x00,#000000
3.846506900000000,0,11,0x00,0x00,0x00,#000000
3.846534590000000,0,12,0x00,0x00,0x00,#000000
3.846562280000000,0,13,0x00,0x00,0x00,#000000
3.846589970000000,0,14,0x00,0x00,0x00,#000000
3.846617670000000,0,15,0x00,0x00,0x00,#000000
3.857313380000000,0,0,0x01,0x00,0x00,#010000
3.857341070000000,0,1,0x00,0x00,0x00,#000000
3.857368760000000,0,2,0x00,0x00,0x00,#000000
3.857396450000000,0,3,0x00,0x00,0x00,#000000
3.857424150000000,0,4,0x00,0x00,0x00,#000000
3.857451840000000,0,5,0x00,0x00,0x00,#000000
3.857479530000000,0,6,0x00,0x00,0x00,#000000
3.857507220000000,0,7,0x00,0x00,0x00,#000000
3.857534920000000,0,8,0x00,0x00,0x00,#000000
3.857562610000000,0,9,0x00,0x00,0x00,#000000
3.857590310000000,0,10,0x00,0x00,0x00,#000000
3.857617990000000,0,11,0x00,0x00,0x00,#000000
3.857645690000000,0,12,0x00,0x00,0x00,#000000
3.857673380000000,0,13,0x00,0x00,0x00,#000000
3.857701080000000,0,14,0x00,0x00,0x00,#000000
3.857728770000000,0,15,0x00,0x00,0x00,#000000
3.868292070000000,0,0,0x01,0x00,0x00,#010000
3.868319760000000,0,1,0x00,0x00,0x00,#000000
3.868347460000000,0,2,0x00,0x00,0x00,#000000
3.868375140000000,0,3,0x00,0x00,0x00,#000000
3.868402840000000,0,4,0x00,0x00,0x00,#000000
3.868430530000000,0,5,0x00,0x00,0x00,#000000
3.868458230000000,0,6,0x00,0x00,0x00,#000000
3.868485920000000,0,7,0x00,0x00,0x00,#000000
3.868513610000000,0,8,0x00,0x00,0x00,#000000
3.868541310000000,0,9,0x00,0x00,0x00,#000000
3.868569000000000,0,10,0x00,0x00,0x00,#000000
3.868596690000000,0,11,0x00,0x00,0x00,#000000
3.868624380000000,0,12,0x00,0x00,0x00,#000000
3.868652080000000,0,13,0x00,0x00,0x00,#000000
3.868679770000000,0,14,0x00,0x00,0x00,#000000
3.868707470000000,0,15,0x00,0x00,0x00,#000000
3.879228120000000,0,0,0x01,0x00,0x00,#010000
3.879255810000000,0,1,0x00,0x00,0x00,#000000
3.879283500000000,0,2,0x00,0x00,0x00,#000000
3.879311190000000,0,3,0x00,0x00,0x00,#000000
3.879338890000000,0,4,0x00,0x00,0x00,#000000
3.879366580000000,0,5,0x00,0x00,0x00,#000000
3.879394280000000,0,6,0x00,0x00,0x00,#000000
3.879421970000000,0,7,0x00,0x00,0x00,#000000
3.879449660000000,0,8,0x00,0x00,0x00,#000000
3.879477350000000,0,9,0x00,0x00,0x00,#000000
3.879505050000000,0,10,0x00,0x00,0x00,#000000
3.879532740000000,0,11,0x00,0x00,0x00,#000000
3.879560430000000,0,12,0x00,0x00,0x00,#000000
3.879588130000000,0,13,0x00,0x00,0x00,#000000
3.879615820000000,0,14,0x00,0x00,0x00,#000000
3.879643510000000,0,15,0x00,0x00,0x00,#000000
3.890305080000000,0,0,0x01,0x00,0x00,#010000
3.890332770000000,0,1,0x00,0x00,0x00,#000000
3.890360470000000,0,2,0x00,0x00,0x00,#000000
3.890388160000000,0,3,0x00,0x00,0x00,#000000
3.890415850000000,0,4,0x00,0x00,0x00,#000000
3.890443550000000,0,5,0x00,0x00,0x00,#000000
3.890471240000000,0,6,0x00,0x00,0x00,#000000
3.890498940000000,0,7,0x00,0x00,0x00,#000000
3.890526630000000,0,8,0x00,0x00,0x00,#000000
3.890554320000000,0,9,0x00,0x00,0x00,#000000
3.890582010000000,0,10,0x00,0x00,0x00,#000000
3.890609710000000,0,11,0x00,0x00,0x00,#000000
3.890637400000000,0,12,0x00,0x00,0x00,#000000
3.890665090000000,0,13,0x00,0x00,0x00,#000000
3.890692780000000,0,14,0x00,0x00,0x00,#000000
3.890720480000000,0,15,0x00,0x00,0x00,#000000
3.901300220000000,0,0,0x01,0x00,0x00,#010000
3.901327910000000,0,1,0x00,0x00,0x00,#000000
3.901355610000000,0,2,0x00,0x00,0x00,#000000
3.901383300000000,0,3,0x00,0x00,0x00,#000000
3.901410990000000,0,4,0x00,0x00,0x00,#000000
3.901438680000000,0,5,0x00,0x00,0x00,#000000
3.901466380000000,0,6,0x00,0x00,0x00,#000000
3.901494070000000,0,7,0x00,0x00,0x00,#000000
3.901521760000000,0,8,0x00,0x00,0x00,#000000
3.901549460000000,0,9,0x00,0x00,0x00,#000000
3.901577150000000,0,10,0x00,0x00,0x00,#000000
3.901604840000000,0,11,0x00,0x00,0x00,#000000
3.901632540000000,0,12,0x00,0x00,0x00,#000000
3.901660230000000,0,13,0x00,0x00,0x00,#000000
3.901687920000000,0,14,0x00,0x00,0x00,#000000
3.901715620000000,0,15,0x00,0x00,0x00,#000000
3.912201320000000,0,0,0x01,0x00,0x00,#010000
3.912229010000000,0,1,0x00,0x00,0x00,#000000
3.912256700000000,0,2,0x00,0x00,0x00,#000000
3.912284390000000,0,3,0x00,0x00,0x00,#000000
3.912312090000000,0,4,0x00,0x00,0x00,#000000
3.912339780000000,0,5,0x00,0x00,0x00,#000000
3.912367480000000,0,6,0x00,0x00,0x00,#000000
3.912395160000000,0,7,0x00,0x00,0x00,#000000
3.912422860000000,0,8,0x00,0x00,0x00,#000000
3.912450550000000,0,9,0x00,0x00,0x00,#000000
3.912478250000000,0,10,0x00,0x00,0x00,#000000
3.912505940000000,0,11,0x00,0x00,0x00,#000000
3.912533630000000,0,12,0x00,0x00,0x00,#000000
3.912561320000000,0,13,0x00,0x00,0x00,#000000
3.912589020000000,0,14,0x00,0x00,0x00,#000000
3.912616710000000,0,15,0x00,0x00,0x00,#000000
3.923304970000000,0,0,0x01,0x00,0x00,#010000
3.923332660000000,0,1,0x00,0x00,0x00,#000000
3.923360350000000,0,2,0x00,0x00,0x00,#000000
3.923388050000000,0,3,0x00,0x00,0x00,#000000
3.923415740000000,0,4,0x00,0x00,0x00,#000000
3.923443430000000,0,5,0x00,0x00,0x00,#000000
3.923471120000000,0,6,0x00,0x00,0x00,#000000
3.923498820000000,0,7,0x00,0x00,0x00,#000000
3.923526510000000,0,8,0x00,0x00,0x00,#000000
3.923554200000000,0,9,0x00,0x00,0x00,#000000
3.923581890000000,0,10,0x00,0x00,0x00,#000000
3.923609590000000,0,11,0x00,0x00,0x00,#000000
3.923637280000000,0,12,0x00,0x00,0x00,#000000
3.923664980000000,0,13,0x00,0x00,0x00,#000000
3.923692670000000,0,14,0x00,0x00,0x00,#000000
3.923720360000000,0,15,0x00,0x00,0x00,#000000
3.934302600000000,0,0,0x01,0x00,0x00,#010000
3.934330290000000,0,1,0x00,0x00,0x00,#000000
3.934357990000000,0,2,0x00,0x00,0x00,#000000
3.934385680000000,0,3,0x00,0x00,0x00,#000000
3.934413380000000,0,4,0x00,0x00,0x00,#000000
3.934441070000000,0,5,0x00,0x00,0x00,#000000
3.934468760000000,0,6,0x00,0x00,0x00,#000000
3.934496450000000,0,7,0x00,0x00,0x00,#000000
3.934524150000000,0,8,0x00,0x00,0x00,#000000
3.934551840000000,0,9,0x00,0x00,0x00,#000000
3.934579530000000,0,10,0x00,0x00,0x00,#000000
3.934607230000000,0,11,0x00,0x00,0x00,#000000
3.934634920000000,0,12,0x00,0x00,0x00,#000000
3.934662610000000,0,13,0x00,0x00,0x00,#000000
3.934690300000000,0,14,0x00,0x00,0x00,#000000
3.934718000000000,0,15,0x00,0x00,0x00,#000000
3.945203170000000,0,0,0x01,0x00,0x00,#010000
3.945230860000000,0,1,0x00,0x00,0x00,#000000
3.945258560000000,0,2,0x00,0x00,0x00,#000000
3.945286250000000,0,3,0x00,0x00,0x00,#000000
3.945313940000000,0,4,0x00,0x00,0x00,#000000
3.945341630000000,0,5,0x00,0x00,0x00,#000000
3.945369330000000,0,6,0x00,0x00,0x00,#000000
3.945397020000000,0,7,0x00,0x00,0x00,#000000
3.945424720000000,0,8,0x00,0x00,0x00,#000000
3.945452410000000,0,9,0x00,0x00,0x00,#000000
3.945480100000000,0,10,0x00,0x00,0x00,#000000
3.945507790000000,0,11,0x00,0x00,0x00,#000000
3.945535490000000,0,12,0x00,0x00,0x00,#000000
3.945563180000000,0,13,0x00,0x00,0x00,#000000
3.945590870000000,0,14,0x00,0x00,0x00,#000000
3.945618560000000,0,15,0x00,0x00,0x00,#000000
3.956315140000000,0,0,0x01,0x00,0x00,#010000
3.956342830000000,0,1,0x00,0x00,0x00,#000000
3.956370520000000,0,2,0x00,0x00,0x00,#000000
3.956398210000000,0,3,0x00,0x00,0x00,#000000
3.956425910000000,0,4,0x00,0x00,0x00,#000000
3.956453600000000,0,5,0x00,0x00,0x00,#000000
3.956481290000000,0,6,0x00,0x00,0x00,#000000
3.956508990000000,0,7,0x00,0x00,0x00,#000000
3.956536680000000,0,8,0x00,0x00,0x00,#000000
3.956564380000000,0,9,0x00,0x00,0x00,#000000
3.956592070000000,0,10,0x00,0x00,0x00,#000000
3.956619760000000,0,11,0x00,0x00,0x00,#000000
3.956647450000000,0,12,0x00,0x00,0x00,#000000
3.956675150000000,0,13,0x00,0x00,0x00,#000000
3.956702840000000,0,14,0x00,0x00,0x00,#000000
3.956730530000000,0,15,0x00,0x00,0x00,#000000
3.967300560000000,0,0,0x01,0x00,0x00,#010000
3.967328260000000,0,1,0x00,0x00,0x00,#000000
3.967355940000000,0,2,0x00,0x00,0x00,#000000
3.967383640000000,0,3,0x00,0x00,0x00,#000000
3.967411330000000,0,4,0x00,0x00,0x00,#000000
3.967439030000000,0,5,0x00,0x00,0x00,#000000
3.967466720000000,0,6,0x00,0x00,0x00,#000000
3.967494410000000,0,7,0x00,0x00,0x00,#000000
3.967522110000000,0,8,0x00,0x00,0x00,#000000
3.967549800000000,0,9,0x00,0x00,0x00,#000000
3.967577490000000,0,10,0x00,0x00,0x00,#000000
3.967605180000000,0,11,0x00,0x00,0x00,#000000
3.967632880000000,0,12,0x00,0x00,0x00,#000000
3.967660570000000,0,13,0x00,0x00,0x00,#000000
3.967688270000000,0,14,0x00,0x00,0x00,#000000
3.967715950000000,0,15,0x00,0x00,0x00,#000000
3.978203680000000,0,0,0x01,0x00,0x00,#010000
3.978231370000000,0,1,0x00,0x00,0x00,#000000
3.978259060000000,0,2,0x00,0x00,0x00,#000000
3.978286760000000,0,3,0x00,0x00,0x00,#000000
3.978314450000000,0,4,0x00,0x00,0x00,#000000
3.978342140000000,0,5,0x00,0x00,0x00,#000000
3.978369830000000,0,6,0x00,0x00,0x00,#000000
3.978397530000000,0,7,0x00,0x00,0x00,#000000
3.978425220000000,0,8,0x00,0x00,0x00,#000000
3.978452920000000,0,9,0x00,0x00,0x00,#000000
3.978480600000000,0,10,0x00,0x00,0x00,#000000
3.978508300000000,0,11,0x00,0x00,0x00,#000000
3.978535990000000,0,12,0x00,0x00,0x00,#000000
3.978563690000000,0,13,0x00,0x00,0x00,#000000
3.978591380000000,0,14,0x00,0x00,0x00,#000000
3.978619070000000,0,15,0x00,0x00,0x00,#000000
3.989316560000000,0,0,0x01,0x00,0x00,#010000
3.989344250000000,0,1,0x00,0x00,0x00,#000000
3.989371950000000,0,2,0x00,0x00,0x00,#000000
3.989399630000000,0,3,0x00,0x00,0x00,#000000
3.989427330000000,0,4,0x00,0x00,0x00,#000000
3.989455020000000,0,5,0x00,0x00,0x00,#000000
3.989482720000000,0,6,0x00,0x00,0x00,#000000
3.989510410000000,0,7,0x00,0x00,0x00,#000000
3.989538100000000,0,8,0x00,0x00,0x00,#000000
3.989565790000000,0,9,0x00,0x00,0x00,#000000
3.989593490000000,0,10,0x00,0x00,0x00,#000000
3.989621180000000,0,11,0x00,0x00,0x00,#000000
3.989648870000000,0,12,0x00,0x00,0x00,#000000
3.989676570000000,0,13,0x00,0x00,0x00,#000000
3.989704260000000,0,14,0x00,0x00,0x00,#000000
3.989731950000000,0,15,0x00,0x00,0x00,#000000
4.000310780000000,0,0,0x01,0x00,0x00,#010000
4.000338480000000,0,1,0x00,0x00,0x00,#000000
4.000366160000000,0,2,0x00,0x00,0x00,#000000
4.000393860000000,0,3,0x00,0x00,0x00,#000000
4.000421550000000,0,4,0x00,0x00,0x00,#000000
4.000449250000000,0,5,0x00,0x00,0x00,#000000
4.000476940000000,0,6,0x00,0x00,0x00,#000000
4.000504630000000,0,7,0x00,0x00,0x00,#000000
4.000532320000000,0,8,0x00,0x00,0x00,#000000
4.000560020000000,0,9,0x00,0x00,0x00,#000000
4.000587710000000,0,10,0x00,0x00,0x00,#000000
4.000615400000000,0,11,0x00,0x00,0x00,#000000
4.000643100000000,0,12,0x00,0x00,0x00,#000000
4.000670790000000,0,13,0x00,0x00,0x00,#000000
4.000698480000000,0,14,0x00,0x00,0x00,#000000
4.000726170000000,0,15,0x00,0x00,0x00,#000000
4.011203850000000,0,0,0x01,0x00,0x00,#010000
4.011231540000000,0,1,0x00,0x00,0x00,#000000
4.011259240000000,0,2,0x00,0x00,0x00,#000000
4.011286920000000,0,3,0x00,0x00,0x00,#000000
4.011314620000000,0,4,0x00,0x00,0x00,#000000
4.011342310000000,0,5,0x00,0x00,0x00,#000000
4.011370010000000,0,6,0x00,0x00,0x00,#000000
4.011397700000000,0,7,0x00,0x00,0x00,#000000
4.011425390000000,0,8,0x00,0x00,0x00,#000000
4.011453080000000,0,9,0x00,0x00,0x00,#000000
4.011480780000000,0,10,0x00,0x00,0x00,#000000
4.011508470000000,0,11,0x00,0x00,0x00,#000000
4.011536160000000,0,12,0x00,0x00,0x00,#000000
4.011563860000000,0,13,0x00,0x00,0x00,#000000
4.011591550000000,0,14,0x00,0x00,0x00,#000000
4.011619250000000,0,15,0x00,0x00,0x00,#000000
4.022309560000000,0,0,0x01,0x00,0x00,#010000
4.022337260000000,0,1,0x00,0x00,0x00,#000000
4.022364950000000,0,2,0x00,0x00,0x00,#000000
4.022392650000000,0,3,0x00,0x00,0x00,#000000
4.022420330000000,0,4,0x00,0x00,0x00,#000000
4.022448030000000,0,5,0x00,0x00,0x00,#000000
4.022475720000000,0,6,0x00,0x00,0x00,#000000
4.022503420000000,0,7,0x00,0x00,0x00,#000000
4.022531110000000,0,8,0x00,0x00,0x00,#000000
4.022558800000000,0,9,0x00,0x00,0x00,#000000
4.022586500000000,0,10,0x00,0x00,0x00,#000000
4.022614190000000,0,11,0x00,0x00,0x00,#000000
4.022641880000000,0,12,0x00,0x00,0x00,#000000
4.022669570000000,0,13,0x00,0x00,0x00,#000000
4.022697270000000,0,14,0x00,0x00,0x00,#000000
4.022724960000000,0,15,0x00,0x00,0x00,#000000
4.033301340000000,0,0,0x01,0x00,0x00,#010000
4.033329030000000,0,1,0x00,0x00,0x00,#000000
4.033356720000000,0,2,0x00,0x00,0x00,#000000
4.033384410000000,0,3,0x00,0x00,0x00,#000000
4.033412110000000,0,4,0x00,0x00,0x00,#000000
4.033439800000000,0,5,0x00,0x00,0x00,#000000
4.033467490000000,0,6,0x00,0x00,0x00,#000000
4.033495190000000,0,7,0x00,0x00,0x00,#000000
4.033522880000000,0,8,0x00,0x00,0x00,#000000
4.033550580000000,0,9,0x00,0x00,0x00,#000000
4.033578260000000,0,10,0x00,0x00,0x00,#000000
4.033605960000000,0,11,0x00,0x00,0x00,#000000
4.033633650000000,0,12,0x00,0x00,0x00,#000000
4.033661350000000,0,13,0x00,0x00,0x00,#000000
4.033689040000000,0,14,0x00,0x00,0x00,#000000
4.033716730000000,0,15,0x00,0x00,0x00,#000000
4.044204690000000,0,0,0x01,0x00,0x00,#010000
4.044232390000000,0,1,0x00,0x00,0x00,#000000
4.044260080000000,0,2,0x00,0x00,0x00,#000000
4.044287770000000,0,3,0x00,0x00,0x00,#000000
4.044315460000000,0,4,0x00,0x00,0x00,#000000
4.044343160000000,0,5,0x00,0x00,0x00,#000000
4.044370850000000,0,6,0x00,0x00,0x00,#000000
4.044398540000000,0,7,0x00,0x00,0x00,#000000
4.044426230000000,0,8,0x00,0x00,0x00,#000000
4.044453930000000,0,9,0x00,0x00,0x00,#000000
4.044481620000000,0,10,0x00,0x00,0x00,#000000
4.044509320000000,0,11,0x00,0x00,0x00,#000000
4.044537010000000,0,12,0x00,0x00,0x00,#000000
4.044564700000000,0,13,0x00,0x00,0x00,#000000
4.044592400000000,0,14,0x00,0x00,0x00,#000000
4.044620090000000,0,15,0x00,0x00,0x00,#000000
4.055304210000000,0,0,0x01,0x00,0x00,#010000
4.055331900000000,0,1,0x00,0x00,0x00,#000000
4.055359600000000,0,2,0x00,0x00,0x00,#000000
4.055387280000000,0,3,0x00,0x00,0x00,#000000
4.055414980000000,0,4,0x00,0x00,0x00,#000000
4.055442670000000,0,5,0x00,0x00,0x00,#000000
4.055470370000000,0,6,0x00,0x00,0x00,#000000
4.055498060000000,0,7,0x00,0x00,0x00,#000000
4.055525750000000,0,8,0x00,0x00,0x00,#000000
4.055553440000000,0,9,0x00,0x00,0x00,#000000
4.055581140000000,0,10,0x00,0x00,0x00,#000000
4.055608830000000,0,11,0x00,0x00,0x00,#000000
4.055636520000000,0,12,0x00,0x00,0x00,#000000
4.055664220000000,0,13,0x00,0x00,0x00,#000000
4.055691910000000,0,14,0x00,0x00,0x00,#000000
4.055719600000000,0,15,0x00,0x00,0x00,#000000
4.066302760000000,0,0,0x01,0x00,0x00,#010000
4.066330450000000,0,1,0x00,0x00,0x00,#000000
4.066358150000000,0,2,0x00,0x00,0x00,#000000
4.066385830000000,0,3,0x00,0x00,0x00,#000000
4.066413530000000,0,4,0x00,0x00,0x00,#000000
4.066441220000000,0,5,0x00,0x00,0x00,#000000
4.066468920000000,0,6,0x00,0x00,0x00,#000000
4.066496610000000,0,7,0x00,0x00,0x00,#000000
4.066524300000000,0,8,0x00,0x00,0x00,#000000
4.066551990000000,0,9,0x00,0x00,0x00,#000000
4.066579690000000,0,10,0x00,0x00,0x00,#000000
4.066607380000000,0,11,0x00,0x00,0x00,#000000
4.066635070000000,0,12,0x00,0x00,0x00,#000000
4.066662770000000,0,13,0x00,0x00,0x00,#000000
4.066690460000000,0,14,0x00,0x00,0x00,#000000
4.066718150000000,0,15,0x00,0x00,0x00,#000000
4.077208040000000,0,0,0x01,0x00,0x00,#010000
4.077235730000000,0,1,0x00,0x00,0x00,#000000
4.077263420000000,0,2,0x00,0x00,0x00,#000000
4.077291110000000,0,3,0x00,0x00,0x00,#000000
4.077318810000000,0,4,0x00,0x00,0x00,#000000
4.077346500000000,0,5,0x00,0x00,0x00,#000000
4.077374200000000,0,6,0x00,0x00,0x00,#000000
4.077401880000000,0,7,0x00,0x00,0x00,#000000
4.077429580000000,0,8,0x00,0x00,0x00,#000000
4.077457270000000,0,9,0x00,0x00,0x00,#000000
4.077484970000000,0,10,0x00,0x00,0x00,#000000
4.077512660000000,0,11,0x00,0x00,0x00,#000000
4.077540350000000,0,12,0x00,0x00,0x00,#000000
4.077568040000000,0,13,0x00,0x00,0x00,#000000
4.077595740000000,0,14,0x00,0x00,0x00,#000000
4.077623430000000,0,15,0x00,0x00,0x00,#000000
4.088303850000000,0,0,0x01,0x00,0x00,#010000
4.088331540000000,0,1,0x00,0x00,0x00,#000000
4.088359230000000,0,2,0x00,0x00,0x00,#000000
4.088386930000000,0,3,0x00,0x00,0x00,#000000
4.088414620000000,0,4,0x00,0x00,0x00,#000000
4.088442320000000,0,5,0x00,0x00,0x00,#000000
4.088470000000000,0,6,0x00,0x00,0x00,#000000
4.088497700000000,0,7,0x00,0x00,0x00,#000000
4.088525390000000,0,8,0x00,0x00,0x00,#000000
4.088553090000000,0,9,0x00,0x00,0x00,#000000
4.088580780000000,0,10,0x00,0x00,0x00,#000000
4.088608470000000,0,11,0x00,0x00,0x00,#000000
4.088636160000000,0,12,0x00,0x00,0x00,#000000
4.088663860000000,0,13,0x00,0x00,0x00,#000000
4.088691550000000,0,14,0x00,0x00,0x00,#000000
4.088719240000000,0,15,0x00,0x00,0x00,#000000
4.099307930000000,0,0,0x01,0x00,0x00,#010000
4.099335620000000,0,1,0x00,0x00,0x00,#000000
4.099363310000000,0,2,0x00,0x00,0x00,#000000
4.099391010000000,0,3,0x00,0x00,0x00,#000000
4.099418700000000,0,4,0x00,0x00,0x00,#000000
4.099446390000000,0,5,0x00,0x00,0x00,#000000
4.099474090000000,0,6,0x00,0x00,0x00,#000000
4.099501780000000,0,7,0x00,0x00,0x00,#000000
4.099529470000000,0,8,0x00,0x00,0x00,#000000
4.099557160000000,0,9,0x00,0x00,0x00,#000000
4.099584860000000,0,10,0x00,0x00,0x00,#000000
4.099612550000000,0,11,0x00,0x00,0x00,#000000
4.099640250000000,0,12,0x00,0x00,0x00,#000000
4.099667930000000,0,13,0x00,0x00,0x00,#000000
4.099695630000000,0,14,0x00,0x00,0x00,#000000
4.099723320000000,0,15,0x00,0x00,0x00,#000000
4.110245470000000,0,0,0x01,0x00,0x00,#010000
4.110273160000000,0,1,0x00,0x00,0x00,#000000
4.110300850000000,0,2,0x00,0x00,0x00,#000000
4.110328540000000,0,3,0x00,0x00,0x00,#000000
4.110356240000000,0,4,0x00,0x00,0x00,#000000
4.110383930000000,0,5,0x00,0x00,0x00,#000000
4.110411630000000,0,6,0x00,0x00,0x00,#000000
4.110439320000000,0,7,0x00,0x00,0x00,#000000
4.110467010000000,0,8,0x00,0x00,0x00,#000000
4.110494710000000,0,9,0x00,0x00,0x00,#000000
4.110522400000000,0,10,0x00,0x00,0x00,#000000
4.110550090000000,0,11,0x00,0x00,0x00,#000000
4.110577780000000,0,12,0x00,0x00,0x00,#000000
4.110605480000000,0,13,0x00,0x00,0x00,#000000
4.110633170000000,0,14,0x00,0x00,0x00,#000000
4.110660860000000,0,15,0x00,0x00,0x00,#000000
4.121307530000000,0,0,0x01,0x00,0x00,#010000
4.121335220000000,0,1,0x00,0x00,0x00,#000000
4.121362910000000,0,2,0x00,0x00,0x00,#000000
4.121390610000000,0,3,0x00,0x00,0x00,#000000
4.121418300000000,0,4,0x00,0x00,0x00,#000000
4.121445990000000,0,5,0x00,0x00,0x00,#000000
4.121473690000000,0,6,0x00,0x00,0x00,#000000
4.121501380000000,0,7,0x00,0x00,0x00,#000000
4.121529070000000,0,8,0x00,0x00,0x00,#000000
4.121556760000000,0,9,0x00,0x00,0x00,#000000
4.121584460000000,0,10,0x00,0x00,0x00,#000000
4.121612150000000,0,11,0x00,0x00,0x00,#000000
4.121639850000000,0,12,0x00,0x00,0x00,#000000
4.121667540000000,0,13,0x00,0x00,0x00,#000000
4.121695230000000,0,14,0x00,0x00,0x00,#000000
4.121722920000000,0,15,0x00,0x00,0x00,#000000
4.132304640000000,0,0,0x01,0x00,0x00,#010000
4.132332330000000,0,1,0x00,0x00,0x00,#000000
4.132360020000000,0,2,0x00,0x00,0x00,#000000
4.132387720000000,0,3,0x00,0x00,0x00,#000000
4.132415410000000,0,4,0x00,0x00,0x00,#000000
4.132443100000000,0,5,0x00,0x00,0x00,#000000
4.132470790000000,0,6,0x00,0x00,0x00,#000000
4.132498490000000,0,7,0x00,0x00,0x00,#000000
4.132526180000000,0,8,0x00,0x00,0x00,#000000
4.132553880000000,0,9,0x00,0x00,0x00,#000000
4.132581570000000,0,10,0x00,0x00,0x00,#000000
4.132609260000000,0,11,0x00,0x00,0x00,#000000
4.132636950000000,0,12,0x00,0x00,0x00,#000000
4.132664650000000,0,13,0x00,0x00,0x00,#000000
4.132692340000000,0,14,0x00,0x00,0x00,#000000
4.132720030000000,0,15,0x00,0x00,0x00,#000000
4.143207220000000,0,0,0x01,0x00,0x00,#010000
4.143234920000000,0,1,0x00,0x00,0x00,#000000
4.143262610000000,0,2,0x00,0x00,0x00,#000000
4.143290300000000,0,3,0x00,0x00,0x00,#000000
4.143317990000000,0,4,0x00,0x00,0x00,#000000
4.143345690000000,0,5,0x00,0x00,0x00,#000000
4.143373380000000,0,6,0x00,0x00,0x00,#000000
4.143401070000000,0,7,0x00,0x00,0x00,#000000
4.143428770000000,0,8,0x00,0x00,0x00,#000000
4.143456460000000,0,9,0x00,0x00,0x00,#000000
4.143484160000000,0,10,0x00,0x00,0x00,#000000
4.143511850000000,0,11,0x00,0x00,0x00,#000000
4.143539540000000,0,12,0x00,0x00,0x00,#000000
4.143567230000000,0,13,0x00,0x00,0x00,#000000
4.143594930000000,0,14,0x00,0x00,0x00,#000000
4.143622620000000,0,15,0x00,0x00,0x00,#000000
4.154318810000000,0,0,0x01,0x00,0x00,#010000
4.154346500000000,0,1,0x00,0x00,0x00,#000000
4.154374190000000,0,2,0x00,0x00,0x00,#000000
4.154401880000000,0,3,0x00,0x00,0x00,#000000
4.154429580000000,0,4,0x00,0x00,0x00,#000000
4.154457270000000,0,5,0x00,0x00,0x00,#000000
4.154484960000000,0,6,0x00,0x00,0x00,#000000
4.154512660000000,0,7,0x00,0x00,0x00,#000000
4.154540350000000,0,8,0x00,0x00,0x00,#000000
4.154568040000000,0,9,0x00,0x00,0x00,#000000
4.154595730000000,0,10,0x00,0x00,0x00,#000000
4.154623430000000,0,11,0x00,0x00,0x00,#000000
4.154651120000000,0,12,0x00,0x00,0x00,#000000
4.154678820000000,0,13,0x00,0x00,0x00,#000000
4.154706510000000,0,14,0x00,0x00,0x00,#000000
4.154734200000000,0,15,0x00,0x00,0x00,#000000
4.165300240000000,0,0,0x01,0x00,0x00,#010000
4.165327930000000,0,1,0x00,0x00,0x00,#000000
4.165355630000000,0,2,0x00,0x00,0x00,#000000
4.165383320000000,0,3,0x00,0x00,0x00,#000000
4.165411010000000,0,4,0x00,0x00,0x00,#000000
4.165438700000000,0,5,0x00,0x00,0x00,#000000
4.165466400000000,0,6,0x00,0x00,0x00,#000000
4.165494090000000,0,7,0x00,0x00,0x00,#000000
4.165521790000000,0,8,0x00,0x00,0x00,#000000
4.165549480000000,0,9,0x00,0x00,0x00,#000000
4.165577170000000,0,10,0x00,0x00,0x00,#000000
4.165604860000000,0,11,0x00,0x00,0x00,#000000
4.165632560000000,0,12,0x00,0x00,0x00,#000000
4.165660250000000,0,13,0x00,0x00,0x00,#000000
4.165687940000000,0,14,0x00,0x00,0x00,#000000
4.165715640000000,0,15,0x00,0x00,0x00,#000000
4.176208070000000,0,0,0x01,0x00,0x00,#010000
4.176235760000000,0,1,0x00,0x00,0x00,#000000
4.176263450000000,0,2,0x00,0x00,0x00,#000000
4.176291140000000,0,3,0x00,0x00,0x00,#000000
4.176318840000000,0,4,0x00,0x00,0x00,#000000
4.176346530000000,0,5,0x00,0x00,0x00,#000000
4.176374230000000,0,6,0x00,0x00,0x00,#000000
4.176401910000000,0,7,0x00,0x00,0x00,#000000
4.176429610000000,0,8,0x00,0x00,0x00,#000000
4.176457300000000,0,9,0x00,0x00,0x00,#000000
4.176485000000000,0,10,0x00,0x00,0x00,#000000
4.176512690000000,0,11,0x00,0x00,0x00,#000000
4.176540380000000,0,12,0x00,0x00,0x00,#000000
4.176568080000000,0,13,0x00,0x00,0x00,#000000
4.176595770000000,0,14,0x00,0x00,0x00,#000000
4.176623460000000,0,15,0x00,0x00,0x00,#000000
4.187314410000000,0,0,0x01,0x00,0x00,#010000
4.187342100000000,0,1,0x00,0x00,0x00,#000000
4.187369800000000,0,2,0x00,0x00,0x00,#000000
4.187397490000000,0,3,0x00,0x00,0x00,#000000
4.187425180000000,0,4,0x00,0x00,0x00,#000000
4.187452870000000,0,5,0x00,0x00,0x00,#000000
4.187480570000000,0,6,0x00,0x00,0x00,#000000
4.187508260000000,0,7,0x00,0x00,0x00,#000000
4.187535950000000,0,8,0x00,0x00,0x00,#000000
4.187563640000000,0,9,0x00,0x00,0x00,#000000
4.187591340000000,0,10,0x00,0x00,0x00,#000000
4.187619030000000,0,11,0x00,0x00,0x00,#000000
4.187646730000000,0,12,0x00,0x00,0x00,#000000
4.187674420000000,0,13,0x00,0x00,0x00,#000000
4.187702110000000,0,14,0x00,0x00,0x00,#000000
4.187729800000000,0,15,0x00,0x00,0x00,#000000
4.198302430000000,0,0,0x01,0x00,0x00,#010000
4.198330130000000,0,1,0x00,0x00,0x00,#000000
4.198357810000000,0,2,0x00,0x00,0x00,#000000
4.198385510000000,0,3,0x00,0x00,0x00,#000000
4.198413200000000,0,4,0x00,0x00,0x00,#000000
4.198440900000000,0,5,0x00,0x00,0x00,#000000
4.198468590000000,0,6,0x00,0x00,0x00,#000000
4.198496280000000,0,7,0x00,0x00,0x00,#000000
4.198523970000000,0,8,0x00,0x00,0x00,#000000
4.198551670000000,0,9,0x00,0x00,0x00,#000000
4.198579360000000,0,10,0x00,0x00,0x00,#000000
4.198607050000000,0,11,0x00,0x00,0x00,#000000
4.198634750000000,0,12,0x00,0x00,0x00,#000000
4.198662440000000,0,13,0x00,0x00,0x00,#000000
4.198690130000000,0,14,0x00,0x00,0x00,#000000
4.198717820000000,0,15,0x00,0x00,0x00,#000000
4.209209050000000,0,0,0x01,0x00,0x00,#010000
4.209236750000000,0,1,0x00,0x00,0x00,#000000
4.209264440000000,0,2,0x00,0x00,0x00,#000000
4.209292130000000,0,3,0x00,0x00,0x00,#000000
4.209319830000000,0,4,0x00,0x00,0x00,#000000
4.209347520000000,0,5,0x00,0x00,0x00,#000000
4.209375210000000,0,6,0x00,0x00,0x00,#000000
4.209402910000000,0,7,0x00,0x00,0x00,#000000
4.209430600000000,0,8,0x00,0x00,0x00,#000000
4.209458290000000,0,9,0x00,0x00,0x00,#000000
4.209485990000000,0,10,0x00,0x00,0x00,#000000
4.209513680000000,0,11,0x00,0x00,0x00,#000000
4.209541370000000,0,12,0x00,0x00,0x00,#000000
4.209569060000000,0,13,0x00,0x00,0x00,#000000
4.209596760000000,0,14,0x00,0x00,0x00,#000000
4.209624450000000,0,15,0x00,0x00,0x00,#000000
4.220312510000000,0,0,0x01,0x00,0x00,#010000
4.220340210000000,0,1,0x00,0x00,0x00,#000000
4.220367900000000,0,2,0x00,0x00,0x00,#000000
4.220395590000000,0,3,0x00,0x00,0x00,#000000
4.220423280000000,0,4,0x00,0x00,0x00,#000000
4.220450980000000,0,5,0x00,0x00,0x00,#000000
4.220478670000000,0,6,0x00,0x00,0x00,#000000
4.220506360000000,0,7,0x00,0x00,0x00,#000000
4.220534060000000,0,8,0x00,0x00,0x00,#000000
4.220561750000000,0,9,0x00,0x00,0x00,#000000
4.220589440000000,0,10,0x00,0x00,0x00,#000000
4.220617130000000,0,11,0x00,0x00,0x00,#000000
4.220644830000000,0,12,0x00,0x00,0x00,#000000
4.220672520000000,0,13,0x00,0x00,0x00,#000000
4.220700220000000,0,14,0x00,0x00,0x00,#000000
4.220727900000000,0,15,0x00,0x00,0x00,#000000
4.231309530000000,0,0,0x01,0x00,0x00,#010000
4.231337220000000,0,1,0x00,0x00,0x00,#000000
4.231364910000000,0,2,0x00,0x00,0x00,#000000
4.231392600000000,0,3,0x00,0x00,0x00,#000000
4.231420300000000,0,4,0x00,0x00,0x00,#000000
4.231447990000000,0,5,0x00,0x00,0x00,#000000
4.231475680000000,0,6,0x00,0x00,0x00,#000000
4.231503370000000,0,7,0x00,0x00,0x00,#000000
4.231531070000000,0,8,0x00,0x00,0x00,#000000
4.231558760000000,0,9,0x00,0x00,0x00,#000000
4.231586450000000,0,10,0x00,0x00,0x00,#000000
4.231614150000000,0,11,0x00,0x00,0x00,#000000
4.231641840000000,0,12,0x00,0x00,0x00,#000000
4.231669530000000,0,13,0x00,0x00,0x00,#000000
4.231697230000000,0,14,0x00,0x00,0x00,#000000
4.231724920000000,0,15,0x00,0x00,0x00,#000000
4.242209750000000,0,0,0x01,0x00,0x00,#010000
4.242237450000000,0,1,0x00,0x00,0x00,#000000
4.242265140000000,0,2,0x00,0x00,0x00,#000000
4.242292830000000,0,3,0x00,0x00,0x00,#000000
4.242320530000000,0,4,0x00,0x00,0x00,#000000
4.242348220000000,0,5,0x00,0x00,0x00,#000000
4.242375910000000,0,6,0x00,0x00,0x00,#000000
4.242403600000000,0,7,0x00,0x00,0x00,#000000
4.242431300000000,0,8,0x00,0x00,0x00,#000000
4.242458990000000,0,9,0x00,0x00,0x00,#000000
4.242486690000000,0,10,0x00,0x00,0x00,#000000
4.242514380000000,0,11,0x00,0x00,0x00,#000000
4.242542070000000,0,12,0x00,0x00,0x00,#000000
4.242569760000000,0,13,0x00,0x00,0x00,#000000
4.242597460000000,0,14,0x00,0x00,0x00,#000000
4.242625150000000,0,15,0x00,0x00,0x00,#000000
4.253324460000000,0,0,0x01,0x00,0x00,#010000
4.253352160000000,0,1,0x00,0x00,0x00,#000000
4.253379850000000,0,2,0x00,0x00,0x00,#000000
4.253407540000000,0,3,0x00,0x00,0x00,#000000
4.253435230000000,0,4,0x00,0x00,0x00,#000000
4.253462930000000,0,5,0x00,0x00,0x00,#000000
4.253490620000000,0,6,0x00,0x00,0x00,#000000
4.253518310000000,0,7,0x00,0x00,0x00,#000000
4.253546010000000,0,8,0x00,0x00,0x00,#000000
4.253573700000000,0,9,0x00,0x00,0x00,#000000
4.253601390000000,0,10,0x00,0x00,0x00,#000000
4.253629080000000,0,11,0x00,0x00,0x00,#000000
4.253656780000000,0,12,0x00,0x00,0x00,#000000
4.253684470000000,0,13,0x00,0x00,0x00,#000000
4.253712170000000,0,14,0x00,0x00,0x00,#000000
4.253739850000000,0,15,0x00,0x00,0x00,#000000
4.264305750000000,0,0,0x01,0x00,0x00,#010000
4.264333440000000,0,1,0x00,0x00,0x00,#000000
4.264361140000000,0,2,0x00,0x00,0x00,#000000
4.264388830000000,0,3,0x00,0x00,0x00,#000000
4.264416520000000,0,4,0x00,0x00,0x00,#000000
4.264444220000000,0,5,0x00,0x00,0x00,#000000
4.264471910000000,0,6,0x00,0x00,0x00,#000000
4.264499600000000,0,7,0x00,0x00,0x00,#000000
4.264527290000000,0,8,0x00,0x00,0x00,#000000
4.264554990000000,0,9,0x00,0x00,0x00,#000000
4.264582680000000,0,10,0x00,0x00,0x00,#000000
4.264610380000000,0,11,0x00,0x00,0x00,#000000
4.264638070000000,0,12,0x00,0x00,0x00,#000000
4.264665760000000,0,13,0x00,0x00,0x00,#000000
4.264693450000000,0,14,0x00,0x00,0x00,#000000
4.264721150000000,0,15,0x00,0x00,0x00,#000000
4.275210600000000,0,0,0x01,0x00,0x00,#010000
4.275238290000000,0,1,0x00,0x00,0x00,#000000
4.275265990000000,0,2,0x00,0x00,0x00,#000000
4.275293670000000,0,3,0x00,0x00,0x00,#000000
4.275321370000000,0,4,0x00,0x00,0x00,#000000
4.275349060000000,0,5,0x00,0x00,0x00,#000000
4.275376760000000,0,6,0x00,0x00,0x00,#000000
4.275404450000000,0,7,0x00,0x00,0x00,#000000
4.275432140000000,0,8,0x00,0x00,0x00,#000000
4.275459830000000,0,9,0x00,0x00,0x00,#000000
4.275487530000000,0,10,0x00,0x00,0x00,#000000
4.275515220000000,0,11,0x00,0x00,0x00,#000000
4.275542910000000,0,12,0x00,0x00,0x00,#000000
4.275570610000000,0,13,0x00,0x00,0x00,#000000
4.275598300000000,0,14,0x00,0x00,0x00,#000000
4.275626000000000,0,15,0x00,0x00,0x00,#000000
4.286314150000000,0,0,0x01,0x00,0x00,#010000
4.286341840000000,0,1,0x00,0x00,0x00,#000000
4.286369540000000,0,2,0x00,0x00,0x00,#000000
4.286397230000000,0,3,0x00,0x00,0x00,#000000
4.286424920000000,0,4,0x00,0x00,0x00,#000000
4.286452620000000,0,5,0x00,0x00,0x00,#000000
4.286480310000000,0,6,0x00,0x00,0x00,#000000
4.286508000000000,0,7,0x00,0x00,0x00,#000000
4.286535690000000,0,8,0x00,0x00,0x00,#000000
4.286563390000000,0,9,0x00,0x00,0x00,#000000
4.286591080000000,0,10,0x00,0x00,0x00,#000000
4.286618780000000,0,11,0x00,0x00,0x00,#000000
4.286646460000000,0,12,0x00,0x00,0x00,#000000
4.286674160000000,0,13,0x00,0x00,0x00,#000000
4.286701850000000,0,14,0x00,0x00,0x00,#000000
4.286729550000000,0,15,0x00,0x00,0x00,#000000
4.297306500000000,0,0,0x01,0x00,0x00,#010000
4.297334190000000,0,1,0x00,0x00,0x00,#000000
4.297361880000000,0,2,0x00,0x00,0x00,#000000
4.297389580000000,0,3,0x00,0x00,0x00,#000000
4.297417270000000,0,4,0x00,0x00,0x00,#000000
4.297444970000000,0,5,0x00,0x00,0x00,#000000
4.297472660000000,0,6,0x00,0x00,0x00,#000000
4.297500350000000,0,7,0x00,0x00,0x00,#000000
4.297528040000000,0,8,0x00,0x00,0x00,#000000
4.297555740000000,0,9,0x00,0x00,0x00,#000000
4.297583430000000,0,10,0x00,0x00,0x00,#000000
4.297611120000000,0,11,0x00,0x00,0x00,#000000
4.297638810000000,0,12,0x00,0x00,0x00,#000000
4.297666510000000,0,13,0x00,0x00,0x00,#000000
4.297694200000000,0,14,0x00,0x00,0x00,#000000
4.297721890000000,0,15,0x00,0x00,0x00,#000000
4.308211440000000,0,0,0x01,0x00,0x00,#010000
4.308239140000000,0,1,0x00,0x00,0x00,#000000
4.308266830000000,0,2,0x00,0x00,0x00,#000000
4.308294520000000,0,3,0x00,0x00,0x00,#000000
4.308322210000000,0,4,0x00,0x00,0x00,#000000
4.308349910000000,0,5,0x00,0x00,0x00,#000000
4.308377600000000,0,6,0x00,0x00,0x00,#000000
4.308405290000000,0,7,0x00,0x00,0x00,#000000
4.308432980000000,0,8,0x00,0x00,0x00,#000000
4.308460680000000,0,9,0x00,0x00,0x00,#000000
4.308488370000000,0,10,0x00,0x00,0x00,#000000
4.308516070000000,0,11,0x00,0x00,0x00,#000000
4.308543760000000,0,12,0x00,0x00,0x00,#000000
4.308571450000000,0,13,0x00,0x00,0x00,#000000
4.308599140000000,0,14,0x00,0x00,0x00,#000000
4.308626840000000,0,15,0x00,0x00,0x00,#000000
4.319319280000000,0,0,0x01,0x00,0x00,#010000
4.319346970000000,0,1,0x00,0x00,0x00,#000000
4.319374660000000,0,2,0x00,0x00,0x00,#000000
4.319402350000000,0,3,0x00,0x00,0x00,#000000
4.319430050000000,0,4,0x00,0x00,0x00,#000000
4.319457740000000,0,5,0x00,0x00,0x00,#000000
4.319485430000000,0,6,0x00,0x00,0x00,#000000
4.319513120000000,0,7,0x00,0x00,0x00,#000000
4.319540820000000,0,8,0x00,0x00,0x00,#000000
4.319568510000000,0,9,0x00,0x00,0x00,#000000
4.319596200000000,0,10,0x00,0x00,0x00,#000000
4.319623890000000,0,11,0x00,0x00,0x00,#000000
4.319651590000000,0,12,0x00,0x00,0x00,#000000
4.319679280000000,0,13,0x00,0x00,0x00,#000000
4.319706980000000,0,14,0x00,0x00,0x00,#000000
4.319734670000000,0,15,0x00,0x00,0x00,#000000
4.330307150000000,0,0,0x01,0x00,0x00,#010000
4.330334840000000,0,1,0x00,0x00,0x00,#000000
4.330362540000000,0,2,0x00,0x00,0x00,#000000
4.330390230000000,0,3,0x00,0x00,0x00,#000000
4.330417920000000,0,4,0x00,0x00,0x00,#000000
4.330445610000000,0,5,0x00,0x00,0x00,#000000
4.330473310000000,0,6,0x00,0x00,0x00,#000000
4.330501000000000,0,7,0x00,0x00,0x00,#000000
4.330528690000000,0,8,0x00,0x00,0x00,#000000
4.330556390000000,0,9,0x00,0x00,0x00,#000000
4.330584080000000,0,10,0x00,0x00,0x00,#000000
4.330611780000000,0,11,0x00,0x00,0x00,#000000
4.330639460000000,0,12,0x00,0x00,0x00,#000000
4.330667160000000,0,13,0x00,0x00,0x00,#000000
4.330694850000000,0,14,0x00,0x00,0x00,#000000
4.330722550000000,0,15,0x00,0x00,0x00,#000000
4.341212280000000,0,0,0x01,0x00,0x00,#010000
4.341239980000000,0,1,0x00,0x00,0x00,#000000
4.341267670000000,0,2,0x00,0x00,0x00,#000000
4.341295360000000,0,3,0x00,0x00,0x00,#000000
4.341323060000000,0,4,0x00,0x00,0x00,#000000
4.341350750000000,0,5,0x00,0x00,0x00,#000000
4.341378440000000,0,6,0x00,0x00,0x00,#000000
4.341406130000000,0,7,0x00,0x00,0x00,#000000
4.341433830000000,0,8,0x00,0x00,0x00,#000000
4.341461520000000,0,9,0x00,0x00,0x00,#000000
4.341489220000000,0,10,0x00,0x00,0x00,#000000
4.341516910000000,0,11,0x00,0x00,0x00,#000000
4.341544600000000,0,12,0x00,0x00,0x00,#000000
4.341572290000000,0,13,0x00,0x00,0x00,#000000
4.341599990000000,0,14,0x00,0x00,0x00,#000000
4.341627680000000,0,15,0x00,0x00,0x00,#000000
4.352322860000000,0,0,0x01,0x00,0x00,#010000
4.352350550000000,0,1,0x00,0x00,0x00,#000000
4.352378240000000,0,2,0x00,0x00,0x00,#000000
4.352405940000000,0,3,0x00,0x00,0x00,#000000
4.352433630000000,0,4,0x00,0x00,0x00,#000000
4.352461320000000,0,5,0x00,0x00,0x00,#000000
4.352489020000000,0,6,0x00,0x00,0x00,#000000
4.352516710000000,0,7,0x00,0x00,0x00,#000000
4.352544400000000,0,8,0x00,0x00,0x00,#000000
4.352572090000000,0,9,0x00,0x00,0x00,#000000
4.352599790000000,0,10,0x00,0x00,0x00,#000000
4.352627480000000,0,11,0x00,0x00,0x00,#000000
4.352655170000000,0,12,0x00,0x00,0x00,#000000
4.352682860000000,0,13,0x00,0x00,0x00,#000000
4.352710560000000,0,14,0x00,0x00,0x00,#000000
4.352738250000000,0,15,0x00,0x00,0x00,#000000
4.363323420000000,0,0,0x01,0x00,0x00,#010000
4.363351120000000,0,1,0x00,0x00,0x00,#000000
4.363378810000000,0,2,0x00,0x00,0x00,#000000
4.363406510000000,0,3,0x00,0x00,0x00,#000000
4.363434200000000,0,4,0x00,0x00,0x00,#000000
4.363461890000000,0,5,0x00,0x00,0x00,#000000
4.363489580000000,0,6,0x00,0x00,0x00,#000000
4.363517280000000,0,7,0x00,0x00,0x00,#000000
4.363544970000000,0,8,0x00,0x00,0x00,#000000
4.363572660000000,0,9,0x00,0x00,0x00,#000000
4.363600360000000,0,10,0x00,0x00,0x00,#000000
4.363628050000000,0,11,0x00,0x00,0x00,#000000
4.363655740000000,0,12,0x00,0x00,0x00,#000000
4.363683430000000,0,13,0x00,0x00,0x00,#000000
4.363711130000000,0,14,0x00,0x00,0x00,#000000
4.363738820000000,0,15,0x00,0x00,0x00,#000000
4.374213130000000,0,0,0x01,0x00,0x00,#010000
4.374240820000000,0,1,0x00,0x00,0x00,#000000
4.374268520000000,0,2,0x00,0x00,0x00,#000000
4.374296200000000,0,3,0x00,0x00,0x00,#000000
4.374323900000000,0,4,0x00,0x00,0x00,#000000
4.374351590000000,0,5,0x00,0x00,0x00,#000000
4.374379290000000,0,6,0x00,0x00,0x00,#000000
4.374406980000000,0,7,0x00,0x00,0x00,#000000
4.374434670000000,0,8,0x00,0x00,0x00,#000000
4.374462370000000,0,9,0x00,0x00,0x00,#000000
4.374490060000000,0,10,0x00,0x00,0x00,#000000
4.374517750000000,0,11,0x00,0x00,0x00,#000000
4.374545440000000,0,12,0x00,0x00,0x00,#000000
4.374573140000000,0,13,0x00,0x00,0x00,#000000
4.374600830000000,0,14,0x00,0x00,0x00,#000000
4.374628530000000,0,15,0x00,0x00,0x00,#000000
4.385319470000000,0,0,0x01,0x00,0x00,#010000
4.385347160000000,0,1,0x00,0x00,0x00,#000000
4.385374860000000,0,2,0x00,0x00,0x00,#000000
4.385402550000000,0,3,0x00,0x00,0x00,#000000
4.385430240000000,0,4,0x00,0x00,0x00,#000000
4.385457930000000,0,5,0x00,0x00,0x00,#000000
4.385485630000000,0,6,0x00,0x00,0x00,#000000
4.385513320000000,0,7,0x00,0x00,0x00,#000000
4.385541010000000,0,8,0x00,0x00,0x00,#000000
4.385568700000000,0,9,0x00,0x00,0x00,#000000
4.385596400000000,0,10,0x00,0x00,0x00,#000000
4.385624090000000,0,11,0x00,0x00,0x00,#000000
4.385651790000000,0,12,0x00,0x00,0x00,#000000
4.385679480000000,0,13,0x00,0x00,0x00,#000000
4.385707170000000,0,14,0x00,0x00,0x00,#000000
4.385734870000000,0,15,0x00,0x00,0x00,#000000
4.396309170000000,0,0,0x01,0x00,0x00,#010000
4.396336870000000,0,1,0x00,0x00,0x00,#000000
4.396364560000000,0,2,0x00,0x00,0x00,#000000
4.396392250000000,0,3,0x00,0x00,0x00,#000000
4.396419940000000,0,4,0x00,0x00,0x00,#000000
4.396447640000000,0,5,0x00,0x00,0x00,#000000
4.396475330000000,0,6,0x00,0x00,0x00,#000000
4.396503020000000,0,7,0x00,0x00,0x00,#000000
4.396530720000000,0,8,0x00,0x00,0x00,#000000
4.396558410000000,0,9,0x00,0x00,0x00,#000000
4.396586110000000,0,10,0x00,0x00,0x00,#000000
4.396613790000000,0,11,0x00,0x00,0x00,#000000
4.396641490000000,0,12,0x00,0x00,0x00,#000000
4.396669180000000,0,13,0x00,0x00,0x00,#000000
4.396696880000000,0,14,0x00,0x00,0x00,#000000
4.396724570000000,0,15,0x00,0x00,0x00,#000000
4.407213970000000,0,0,0x01,0x00,0x00,#010000
4.407241670000000,0,1,0x00,0x00,0x00,#000000
4.407269360000000,0,2,0x00,0x00,0x00,#000000
4.407297050000000,0,3,0x00,0x00,0x00,#000000
4.407324740000000,0,4,0x00,0x00,0x00,#000000
4.407352440000000,0,5,0x00,0x00,0x00,#000000
4.407380130000000,0,6,0x00,0x00,0x00,#000000
4.407407820000000,0,7,0x00,0x00,0x00,#000000
4.407435510000000,0,8,0x00,0x00,0x00,#000000
4.407463210000000,0,9,0x00,0x00,0x00,#000000
4.407490900000000,0,10,0x00,0x00,0x00,#000000
4.407518600000000,0,11,0x00,0x00,0x00,#000000
4.407546290000000,0,12,0x00,0x00,0x00,#000000
4.407573980000000,0,13,0x00,0x00,0x00,#000000
4.407601670000000,0,14,0x00,0x00,0x00,#000000
4.407629370000000,0,15,0x00,0x00,0x00,#000000
4.418317240000000,0,0,0x01,0x00,0x00,#010000
4.418344930000000,0,1,0x00,0x00,0x00,#000000
4.418372620000000,0,2,0x00,0x00,0x00,#000000
4.418400310000000,0,3,0x00,0x00,0x00,#000000
4.418428010000000,0,4,0x00,0x00,0x00,#000000
4.418455700000000,0,5,0x00,0x00,0x00,#000000
4.418483400000000,0,6,0x00,0x00,0x00,#000000
4.418511080000000,0,7,0x00,0x00,0x00,#000000
4.418538780000000,0,8,0x00,0x00,0x00,#000000
4.418566470000000,0,9,0x00,0x00,0x00,#000000
4.418594170000000,0,10,0x00,0x00,0x00,#000000
4.418621860000000,0,11,0x00,0x00,0x00,#000000
4.418649550000000,0,12,0x00,0x00,0x00,#000000
4.418677240000000,0,13,0x00,0x00,0x00,#000000
4.418704940000000,0,14,0x00,0x00,0x00,#000000
4.418732630000000,0,15,0x00,0x00,0x00,#000000
4.429308380000000,0,0,0x01,0x00,0x00,#010000
4.429336070000000,0,1,0x00,0x00,0x00,#000000
4.429363770000000,0,2,0x00,0x00,0x00,#000000
4.429391460000000,0,3,0x00,0x00,0x00,#000000
4.429419160000000,0,4,0x00,0x00,0x00,#000000
4.429446850000000,0,5,0x00,0x00,0x00,#000000
4.429474540000000,0,6,0x00,0x00,0x00,#000000
4.429502230000000,0,7,0x00,0x00,0x00,#000000
4.429529930000000,0,8,0x00,0x00,0x00,#000000
4.429557620000000,0,9,0x00,0x00,0x00,#000000
4.429585310000000,0,10,0x00,0x00,0x00,#000000
4.429613010000000,0,11,0x00,0x00,0x00,#000000
4.429640700000000,0,12,0x00,0x00,0x00,#000000
4.429668390000000,0,13,0x00,0x00,0x00,#000000
4.429696080000000,0,14,0x00,0x00,0x00,#000000
4.429723780000000,0,15,0x00,0x00,0x00,#000000
4.440214810000000,0,0,0x01,0x00,0x00,#010000
4.440242510000000,0,1,0x00,0x00,0x00,#000000
4.440270200000000,0,2,0x00,0x00,0x00,#000000
4.440297890000000,0,3,0x00,0x00,0x00,#000000
4.440325590000000,0,4,0x00,0x00,0x00,#000000
4.440353280000000,0,5,0x00,0x00,0x00,#000000
4.440380970000000,0,6,0x00,0x00,0x00,#000000
4.440408660000000,0,7,0x00,0x00,0x00,#000000
4.440436360000000,0,8,0x00,0x00,0x00,#000000
4.440464050000000,0,9,0x00,0x00,0x00,#000000
4.440491750000000,0,10,0x00,0x00,0x00,#000000
4.440519440000000,0,11,0x00,0x00,0x00,#000000
4.440547130000000,0,12,0x00,0x00,0x00,#000000
4.440574820000000,0,13,0x00,0x00,0x00,#000000
4.440602520000000,0,14,0x00,0x00,0x00,#000000
4.440630210000000,0,15,0x00,0x00,0x00,#000000
4.451311590000000,0,0,0x01,0x00,0x00,#010000
4.451339280000000,0,1,0x00,0x00,0x00,#000000
4.451366970000000,0,2,0x00,0x00,0x00,#000000
4.451394670000000,0,3,0x00,0x00,0x00,#000000
4.451422360000000,0,4,0x00,0x00,0x00,#000000
4.451450050000000,0,5,0x00,0x00,0x00,#000000
4.451477750000000,0,6,0x00,0x00,0x00,#000000
4.451505440000000,0,7,0x00,0x00,0x00,#000000
4.451533130000000,0,8,0x00,0x00,0x00,#000000
4.451560820000000,0,9,0x00,0x00,0x00,#000000
4.451588520000000,0,10,0x00,0x00,0x00,#000000
4.451616210000000,0,11,0x00,0x00,0x00,#000000
4.451643910000000,0,12,0x00,0x00,0x00,#000000
4.451671600000000,0,13,0x00,0x00,0x00,#000000
4.451699290000000,0,14,0x00,0x00,0x00,#000000
4.451726980000000,0,15,0x00,0x00,0x00,#000000
4.462321390000000,0,0,0x01,0x00,0x00,#010000
4.462349080000000,0,1,0x00,0x00,0x00,#000000
4.462376770000000,0,2,0x00,0x00,0x00,#000000
4.462404470000000,0,3,0x00,0x00,0x00,#000000
4.462432160000000,0,4,0x00,0x00,0x00,#000000
4.462459850000000,0,5,0x00,0x00,0x00,#000000
4.462487550000000,0,6,0x00,0x00,0x00,#000000
4.462515240000000,0,7,0x00,0x00,0x00,#000000
4.462542930000000,0,8,0x00,0x00,0x00,#000000
4.462570630000000,0,9,0x00,0x00,0x00,#000000
4.462598320000000,0,10,0x00,0x00,0x00,#000000
4.462626010000000,0,11,0x00,0x00,0x00,#000000
4.462653710000000,0,12,0x00,0x00,0x00,#000000
4.462681400000000,0,13,0x00,0x00,0x00,#000000
4.462709090000000,0,14,0x00,0x00,0x00,#000000
4.462736780000000,0,15,0x00,0x00,0x00,#000000
4.473215660000000,0,0,0x01,0x00,0x00,#010000
4.473243350000000,0,1,0x00,0x00,0x00,#000000
4.473271050000000,0,2,0x00,0x00,0x00,#000000
4.473298730000000,0,3,0x00,0x00,0x00,#000000
4.473326430000000,0,4,0x00,0x00,0x00,#000000
4.473354120000000,0,5,0x00,0x00,0x00,#000000
4.473381820000000,0,6,0x00,0x00,0x00,#000000
4.473409500000000,0,7,0x00,0x00,0x00,#000000
4.473437200000000,0,8,0x00,0x00,0x00,#000000
4.473464890000000,0,9,0x00,0x00,0x00,#000000
4.473492590000000,0,10,0x00,0x00,0x00,#000000
4.473520280000000,0,11,0x00,0x00,0x00,#000000
4.473547970000000,0,12,0x00,0x00,0x00,#000000
4.473575670000000,0,13,0x00,0x00,0x00,#000000
4.473603360000000,0,14,0x00,0x00,0x00,#000000
4.473631050000000,0,15,0x00,0x00,0x00,#000000
4.484322580000000,0,0,0x01,0x00,0x00,#010000
4.484350270000000,0,1,0x00,0x00,0x00,#000000
4.484377960000000,0,2,0x00,0x00,0x00,#000000
4.484405660000000,0,3,0x00,0x00,0x00,#000000
4.484433350000000,0,4,0x00,0x00,0x00,#000000
4.484461040000000,0,5,0x00,0x00,0x00,#000000
4.484488730000000,0,6,0x00,0x00,0x00,#000000
4.484516430000000,0,7,0x00,0x00,0x00,#000000
4.484544120000000,0,8,0x00,0x00,0x00,#000000
4.484571820000000,0,9,0x00,0x00,0x00,#000000
4.484599500000000,0,10,0x00,0x00,0x00,#000000
4.484627200000000,0,11,0x00,0x00,0x00,#000000
4.484654890000000,0,12,0x00,0x00,0x00,#000000
4.484682590000000,0,13,0x00,0x00,0x00,#000000
4.484710280000000,0,14,0x00,0x00,0x00,#000000
4.484737970000000,0,15,0x00,0x00,0x00,#000000
4.495325020000000,0,0,0x01,0x00,0x00,#010000
4.495352720000000,0,1,0x00,0x00,0x00,#000000
4.495380400000000,0,2,0x00,0x00,0x00,#000000
4.495408100000000,0,3,0x00,0x00,0x00,#000000
4.495435790000000,0,4,0x00,0x00,0x00,#000000
4.495463490000000,0,5,0x00,0x00,0x00,#000000
4.495491180000000,0,6,0x00,0x00,0x00,#000000
4.495518870000000,0,7,0x00,0x00,0x00,#000000
4.495546570000000,0,8,0x00,0x00,0x00,#000000
4.495574260000000,0,9,0x00,0x00,0x00,#000000
4.495601950000000,0,10,0x00,0x00,0x00,#000000
4.495629640000000,0,11,0x00,0x00,0x00,#000000
4.495657340000000,0,12,0x00,0x00,0x00,#000000
4.495685030000000,0,13,0x00,0x00,0x00,#000000
4.495712730000000,0,14,0x00,0x00,0x00,#000000
4.495740410000000,0,15,0x00,0x00,0x00,#000000
4.506216500000000,0,0,0x01,0x00,0x00,#010000
4.506244190000000,0,1,0x00,0x00,0x00,#000000
4.506271890000000,0,2,0x00,0x00,0x00,#000000
4.506299580000000,0,3,0x00,0x00,0x00,#000000
4.506327270000000,0,4,0x00,0x00,0x00,#000000
4.506354970000000,0,5,0x00,0x00,0x00,#000000
4.506382660000000,0,6,0x00,0x00,0x00,#000000
4.506410350000000,0,7,0x00,0x00,0x00,#000000
4.506438040000000,0,8,0x00,0x00,0x00,#000000
4.506465740000000,0,9,0x00,0x00,0x00,#000000
4.506493430000000,0,10,0x00,0x00,0x00,#000000
4.506521130000000,0,11,0x00,0x00,0x00,#000000
4.506548820000000,0,12,0x00,0x00,0x00,#000000
4.506576510000000,0,13,0x00,0x00,0x00,#000000
4.506604200000000,0,14,0x00,0x00,0x00,#000000
4.506631900000000,0,15,0x00,0x00,0x00,#000000
4.517316020000000,0,0,0x01,0x00,0x00,#010000
4.517343710000000,0,1,0x00,0x00,0x00,#000000
4.517371400000000,0,2,0x00,0x00,0x00,#000000
4.517399090000000,0,3,0x00,0x00,0x00,#000000
4.517426790000000,0,4,0x00,0x00,0x00,#000000
4.517454480000000,0,5,0x00,0x00,0x00,#000000
4.517482180000000,0,6,0x00,0x00,0x00,#000000
4.517509860000000,0,7,0x00,0x00,0x00,#000000
4.517537560000000,0,8,0x00,0x00,0x00,#000000
4.517565250000000,0,9,0x00,0x00,0x00,#000000
4.517592950000000,0,10,0x00,0x00,0x00,#000000
4.517620640000000,0,11,0x00,0x00,0x00,#000000
4.517648330000000,0,12,0x00,0x00,0x00,#000000
4.517676020000000,0,13,0x00,0x00,0x00,#000000
4.517703720000000,0,14,0x00,0x00,0x00,#000000
4.517731410000000,0,15,0x00,0x00,0x00,#000000
4.528313990000000,0,0,0x01,0x00,0x00,#010000
4.528341680000000,0,1,0x00,0x00,0x00,#000000
4.528369370000000,0,2,0x00,0x00,0x00,#000000
4.528397070000000,0,3,0x00,0x00,0x00,#000000
4.528424760000000,0,4,0x00,0x00,0x00,#000000
4.528452460000000,0,5,0x00,0x00,0x00,#000000
4.528480140000000,0,6,0x00,0x00,0x00,#000000
4.528507840000000,0,7,0x00,0x00,0x00,#000000
4.528535530000000,0,8,0x00,0x00,0x00,#000000
4.528563230000000,0,9,0x00,0x00,0x00,#000000
4.528590920000000,0,10,0x00,0x00,0x00,#000000
4.528618610000000,0,11,0x00,0x00,0x00,#000000
4.528646300000000,0,12,0x00,0x00,0x00,#000000
4.528674000000000,0,13,0x00,0x00,0x00,#000000
4.528701690000000,0,14,0x00,0x00,0x00,#000000
4.528729380000000,0,15,0x00,0x00,0x00,#000000
4.539217970000000,0,0,0x01,0x00,0x00,#010000
4.539245660000000,0,1,0x00,0x00,0x00,#000000
4.539273360000000,0,2,0x00,0x00,0x00,#000000
4.539301050000000,0,3,0x00,0x00,0x00,#000000
4.539328740000000,0,4,0x00,0x00,0x00,#000000
4.539356430000000,0,5,0x00,0x00,0x00,#000000
4.539384130000000,0,6,0x00,0x00,0x00,#000000
4.539411820000000,0,7,0x00,0x00,0x00,#000000
4.539439510000000,0,8,0x00,0x00,0x00,#000000
4.539467210000000,0,9,0x00,0x00,0x00,#000000
4.539494900000000,0,10,0x00,0x00,0x00,#000000
4.539522590000000,0,11,0x00,0x00,0x00,#000000
4.539550280000000,0,12,0x00,0x00,0x00,#000000
4.539577980000000,0,13,0x00,0x00,0x00,#000000
4.539605670000000,0,14,0x00,0x00,0x00,#000000
4.539633370000000,0,15,0x00,0x00,0x00,#000000
4.550376670000000,0,0,0x01,0x00,0x00,#010000
4.550404360000000,0,1,0x00,0x00,0x00,#000000
4.550432050000000,0,2,0x00,0x00,0x00,#000000
4.550459750000000,0,3,0x00,0x00,0x00,#000000
4.550487440000000,0,4,0x00,0x00,0x00,#000000
4.550515130000000,0,5,0x00,0x00,0x00,#000000
4.550542830000000,0,6,0x00,0x00,0x00,#000000
4.550570520000000,0,7,0x00,0x00,0x00,#000000
4.550598210000000,0,8,0x00,0x00,0x00,#000000
4.550625900000000,0,9,0x00,0x00,0x00,#000000
4.550653600000000,0,10,0x00,0x00,0x00,#000000
4.550681290000000,0,11,0x00,0x00,0x00,#000000
4.550708980000000,0,12,0x00,0x00,0x00,#000000
4.550736680000000,0,13,0x00,0x00,0x00,#000000
4.550764370000000,0,14,0x00,0x00,0x00,#000000
4.550792060000000,0,15,0x00,0x00,0x00,#000000
4.561321180000000,0,0,0x01,0x00,0x00,#010000
4.561348870000000,0,1,0x00,0x00,0x00,#000000
4.561376570000000,0,2,0x00,0x00,0x00,#000000
4.561404250000000,0,3,0x00,0x00,0x00,#000000
4.561431950000000,0,4,0x00,0x00,0x00,#000000
4.561459640000000,0,5,0x00,0x00,0x00,#000000
4.561487340000000,0,6,0x00,0x00,0x00,#000000
4.561515030000000,0,7,0x00,0x00,0x00,#000000
4.561542720000000,0,8,0x00,0x00,0x00,#000000
4.561570410000000,0,9,0x00,0x00,0x00,#000000
4.561598110000000,0,10,0x00,0x00,0x00,#000000
4.561625800000000,0,11,0x00,0x00,0x00,#000000
4.561653490000000,0,12,0x00,0x00,0x00,#000000
4.561681190000000,0,13,0x00,0x00,0x00,#000000
4.561708880000000,0,14,0x00,0x00,0x00,#000000
4.561736570000000,0,15,0x00,0x00,0x00,#000000
4.572218570000000,0,0,0x01,0x00,0x00,#010000
4.572246260000000,0,1,0x00,0x00,0x00,#000000
4.572273960000000,0,2,0x00,0x00,0x00,#000000
4.572301650000000,0,3,0x00,0x00,0x00,#000000
4.572329350000000,0,4,0x00,0x00,0x00,#000000
4.572357030000000,0,5,0x00,0x00,0x00,#000000
4.572384730000000,0,6,0x00,0x00,0x00,#000000
4.572412420000000,0,7,0x00,0x00,0x00,#000000
4.572440120000000,0,8,0x00,0x00,0x00,#000000
4.572467810000000,0,9,0x00,0x00,0x00,#000000
4.572495500000000,0,10,0x00,0x00,0x00,#000000
4.572523190000000,0,11,0x00,0x00,0x00,#000000
4.572550890000000,0,12,0x00,0x00,0x00,#000000
4.572578580000000,0,13,0x00,0x00,0x00,#000000
4.572606270000000,0,14,0x00,0x00,0x00,#000000
4.572633970000000,0,15,0x00,0x00,0x00,#000000
4.583284140000000,0,0,0x01,0x00,0x00,#010000
4.583311840000000,0,1,0x00,0x00,0x00,#000000
4.583339530000000,0,2,0x00,0x00,0x00,#000000
4.583367220000000,0,3,0x00,0x00,0x00,#000000
4.583394920000000,0,4,0x00,0x00,0x00,#000000
4.583422610000000,0,5,0x00,0x00,0x00,#000000
4.583450300000000,0,6,0x00,0x00,0x00,#000000
4.583477990000000,0,7,0x00,0x00,0x00,#000000
4.583505690000000,0,8,0x00,0x00,0x00,#000000
4.583533380000000,0,9,0x00,0x00,0x00,#000000
4.583561070000000,0,10,0x00,0x00,0x00,#000000
4.583588760000000,0,11,0x00,0x00,0x00,#000000
4.583616460000000,0,12,0x00,0x00,0x00,#000000
4.583644150000000,0,13,0x00,0x00,0x00,#000000
4.583671850000000,0,14,0x00,0x00,0x00,#000000
4.583699540000000,0,15,0x00,0x00,0x00,#000000
4.594326010000000,0,0,0x01,0x00,0x00,#010000
4.594353700000000,0,1,0x00,0x00,0x00,#000000
4.594381400000000,0,2,0x00,0x00,0x00,#000000
4.594409090000000,0,3,0x00,0x00,0x00,#000000
4.594436790000000,0,4,0x00,0x00,0x00,#000000
4.594464470000000,0,5,0x00,0x00,0x00,#000000
4.594492170000000,0,6,0x00,0x00,0x00,#000000
4.594519860000000,0,7,0x00,0x00,0x00,#000000
4.594547560000000,0,8,0x00,0x00,0x00,#000000
4.594575250000000,0,9,0x00,0x00,0x00,#000000
4.594602940000000,0,10,0x00,0x00,0x00,#000000
4.594630630000000,0,11,0x00,0x00,0x00,#000000
4.594658330000000,0,12,0x00,0x00,0x00,#000000
4.594686020000000,0,13,0x00,0x00,0x00,#000000
4.594713710000000,0,14,0x00,0x00,0x00,#000000
4.594741410000000,0,15,0x00,0x00,0x00,#000000
4.605276680000000,0,0,0x01,0x00,0x00,#010000
4.605304370000000,0,1,0x00,0x00,0x00,#000000
4.605332060000000,0,2,0x00,0x00,0x00,#000000
4.605359750000000,0,3,0x00,0x00,0x00,#000000
4.605387450000000,0,4,0x00,0x00,0x00,#000000
4.605415140000000,0,5,0x00,0x00,0x00,#000000
4.605442840000000,0,6,0x00,0x00,0x00,#000000
4.605470530000000,0,7,0x00,0x00,0x00,#000000
4.605498220000000,0,8,0x00,0x00,0x00,#000000
4.605525910000000,0,9,0x00,0x00,0x00,#000000
4.605553610000000,0,10,0x00,0x00,0x00,#000000
4.605581300000000,0,11,0x00,0x00,0x00,#000000
4.605608990000000,0,12,0x00,0x00,0x00,#000000
4.605636680000000,0,13,0x00,0x00,0x00,#000000
4.605664380000000,0,14,0x00,0x00,0x00,#000000
4.605692070000000,0,15,0x00,0x00,0x00,#000000
4.616331910000000,0,0,0x01,0x00,0x00,#010000
4.616359600000000,0,1,0x00,0x00,0x00,#000000
4.616387300000000,0,2,0x00,0x00,0x00,#000000
4.616414990000000,0,3,0x00,0x00,0x00,#000000
4.616442690000000,0,4,0x00,0x00,0x00,#000000
4.616470370000000,0,5,0x00,0x00,0x00,#000000
4.616498070000000,0,6,0x00,0x00,0x00,#000000
4.616525760000000,0,7,0x00,0x00,0x00,#000000
4.616553460000000,0,8,0x00,0x00,0x00,#000000
4.616581140000000,0,9,0x00,0x00,0x00,#000000
4.616608840000000,0,10,0x00,0x00,0x00,#000000
4.616636530000000,0,11,0x00,0x00,0x00,#000000
4.616664230000000,0,12,0x00,0x00,0x00,#000000
4.616691920000000,0,13,0x00,0x00,0x00,#000000
4.616719610000000,0,14,0x00,0x00,0x00,#000000
4.616747310000000,0,15,0x00,0x00,0x00,#000000
4.627313630000000,0,0,0x01,0x00,0x00,#010000
4.627341330000000,0,1,0x00,0x00,0x00,#000000
4.627369020000000,0,2,0x00,0x00,0x00,#000000
4.627396710000000,0,3,0x00,0x00,0x00,#000000
4.627424400000000,0,4,0x00,0x00,0x00,#000000
4.627452100000000,0,5,0x00,0x00,0x00,#000000
4.627479790000000,0,6,0x00,0x00,0x00,#000000
4.627507490000000,0,7,0x00,0x00,0x00,#000000
4.627535170000000,0,8,0x00,0x00,0x00,#000000
4.627562870000000,0,9,0x00,0x00,0x00,#000000
4.627590560000000,0,10,0x00,0x00,0x00,#000000
4.627618260000000,0,11,0x00,0x00,0x00,#000000
4.627645950000000,0,12,0x00,0x00,0x00,#000000
4.627673640000000,0,13,0x00,0x00,0x00,#000000
4.627701340000000,0,14,0x00,0x00,0x00,#000000
4.627729030000000,0,15,0x00,0x00,0x00,#000000
4.638219870000000,0,0,0x01,0x00,0x00,#010000
4.638247570000000,0,1,0x00,0x00,0x00,#000000
4.638275260000000,0,2,0x00,0x00,0x00,#000000
4.638302950000000,0,3,0x00,0x00,0x00,#000000
4.638330640000000,0,4,0x00,0x00,0x00,#000000
4.638358340000000,0,5,0x00,0x00,0x00,#000000
4.638386030000000,0,6,0x00,0x00,0x00,#000000
4.638413720000000,0,7,0x00,0x00,0x00,#000000
4.638441420000000,0,8,0x00,0x00,0x00,#000000
4.638469110000000,0,9,0x00,0x00,0x00,#000000
4.638496800000000,0,10,0x00,0x00,0x00,#000000
4.638524500000000,0,11,0x00,0x00,0x00,#000000
4.638552190000000,0,12,0x00,0x00,0x00,#000000
4.638579880000000,0,13,0x00,0x00,0x00,#000000
4.638607580000000,0,14,0x00,0x00,0x00,#000000
4.638635270000000,0,15,0x00,0x00,0x00,#000000
4.649322560000000,0,0,0x01,0x00,0x00,#010000
4.649350250000000,0,1,0x00,0x00,0x00,#000000
4.649377950000000,0,2,0x00,0x00,0x00,#000000
4.649405640000000,0,3,0x00,0x00,0x00,#000000
4.649433330000000,0,4,0x00,0x00,0x00,#000000
4.649461030000000,0,5,0x00,0x00,0x00,#000000
4.649488720000000,0,6,0x00,0x00,0x00,#000000
4.649516410000000,0,7,0x00,0x00,0x00,#000000
4.649544110000000,0,8,0x00,0x00,0x00,#000000
4.649571800000000,0,9,0x00,0x00,0x00,#000000
4.649599490000000,0,10,0x00,0x00,0x00,#000000
4.649627180000000,0,11,0x00,0x00,0x00,#000000
4.649654880000000,0,12,0x00,0x00,0x00,#000000
4.649682570000000,0,13,0x00,0x00,0x00,#000000
4.649710260000000,0,14,0x00,0x00,0x00,#000000
4.649737950000000,0,15,0x00,0x00,0x00,#000000
4.660315920000000,0,0,0x01,0x00,0x00,#010000
4.660343610000000,0,1,0x00,0x00,0x00,#000000
4.660371310000000,0,2,0x00,0x00,0x00,#000000
4.660399000000000,0,3,0x00,0x00,0x00,#000000
4.660426690000000,0,4,0x00,0x00,0x00,#000000
4.660454380000000,0,5,0x00,0x00,0x00,#000000
4.660482080000000,0,6,0x00,0x00,0x00,#000000
4.660509770000000,0,7,0x00,0x00,0x00,#000000
4.660537460000000,0,8,0x00,0x00,0x00,#000000
4.660565160000000,0,9,0x00,0x00,0x00,#000000
4.660592850000000,0,10,0x00,0x00,0x00,#000000
4.660620540000000,0,11,0x00,0x00,0x00,#000000
4.660648230000000,0,12,0x00,0x00,0x00,#000000
4.660675930000000,0,13,0x00,0x00,0x00,#000000
4.660703620000000,0,14,0x00,0x00,0x00,#000000
4.660731320000000,0,15,0x00,0x00,0x00,#000000
4.671220720000000,0,0,0x01,0x00,0x00,#010000
4.671248410000000,0,1,0x00,0x00,0x00,#000000
4.671276110000000,0,2,0x00,0x00,0x00,#000000
4.671303790000000,0,3,0x00,0x00,0x00,#000000
4.671331490000000,0,4,0x00,0x00,0x00,#000000
4.671359180000000,0,5,0x00,0x00,0x00,#000000
4.671386880000000,0,6,0x00,0x00,0x00,#000000
4.671414560000000,0,7,0x00,0x00,0x00,#000000
4.671442260000000,0,8,0x00,0x00,0x00,#000000
4.671469950000000,0,9,0x00,0x00,0x00,#000000
4.671497650000000,0,10,0x00,0x00,0x00,#000000
4.671525340000000,0,11,0x00,0x00,0x00,#000000
4.671553030000000,0,12,0x00,0x00,0x00,#000000
4.671580720000000,0,13,0x00,0x00,0x00,#000000
4.671608420000000,0,14,0x00,0x00,0x00,#000000
4.671636110000000,0,15,0x00,0x00,0x00,#000000
4.682334610000000,0,0,0x01,0x00,0x00,#010000
4.682362300000000,0,1,0x00,0x00,0x00,#000000
4.682389990000000,0,2,0x00,0x00,0x00,#000000
4.682417680000000,0,3,0x00,0x00,0x00,#000000
4.682445380000000,0,4,0x00,0x00,0x00,#000000
4.682473070000000,0,5,0x00,0x00,0x00,#000000
4.682500770000000,0,6,0x00,0x00,0x00,#000000
4.682528450000000,0,7,0x00,0x00,0x00,#000000
4.682556150000000,0,8,0x00,0x00,0x00,#000000
4.682583840000000,0,9,0x00,0x00,0x00,#000000
4.682611540000000,0,10,0x00,0x00,0x00,#000000
4.682639230000000,0,11,0x00,0x00,0x00,#000000
4.682666920000000,0,12,0x00,0x00,0x00,#000000
4.682694610000000,0,13,0x00,0x00,0x00,#000000
4.682722310000000,0,14,0x00,0x00,0x00,#000000
4.682750000000000,0,15,0x00,0x00,0x00,#000000
4.693320800000000,0,0,0x01,0x00,0x00,#010000
4.693348490000000,0,1,0x00,0x00,0x00,#000000
4.693376190000000,0,2,0x00,0x00,0x00,#000000
4.693403880000000,0,3,0x00,0x00,0x00,#000000
4.693431570000000,0,4,0x00,0x00,0x00,#000000
4.693459270000000,0,5,0x00,0x00,0x00,#000000
4.693486960000000,0,6,0x00,0x00,0x00,#000000
4.693514650000000,0,7,0x00,0x00,0x00,#000000
4.693542340000000,0,8,0x00,0x00,0x00,#000000
4.693570040000000,0,9,0x00,0x00,0x00,#000000
4.693597730000000,0,10,0x00,0x00,0x00,#000000
4.693625430000000,0,11,0x00,0x00,0x00,#000000
4.693653110000000,0,12,0x00,0x00,0x00,#000000
4.693680810000000,0,13,0x00,0x00,0x00,#000000
4.693708500000000,0,14,0x00,0x00,0x00,#000000
4.693736200000000,0,15,0x00,0x00,0x00,#000000
4.704221560000000,0,0,0x01,0x00,0x00,#010000
4.704249250000000,0,1,0x00,0x00,0x00,#000000
4.704276950000000,0,2,0x00,0x00,0x00,#000000
4.704304640000000,0,3,0x00,0x00,0x00,#000000
4.704332330000000,0,4,0x00,0x00,0x00,#000000
4.704360020000000,0,5,0x00,0x00,0x00,#000000
4.704387720000000,0,6,0x00,0x00,0x00,#000000
4.704415410000000,0,7,0x00,0x00,0x00,#000000
4.704443100000000,0,8,0x00,0x00,0x00,#000000
4.704470800000000,0,9,0x00,0x00,0x00,#000000
4.704498490000000,0,10,0x00,0x00,0x00,#000000
4.704526190000000,0,11,0x00,0x00,0x00,#000000
4.704553870000000,0,12,0x00,0x00,0x00,#000000
4.704581570000000,0,13,0x00,0x00,0x00,#000000
4.704609260000000,0,14,0x00,0x00,0x00,#000000
4.704636960000000,0,15,0x00,0x00,0x00,#000000
4.715334010000000,0,0,0x01,0x00,0x00,#010000
4.715361700000000,0,1,0x00,0x00,0x00,#000000
4.715389390000000,0,2,0x00,0x00,0x00,#000000
4.715417090000000,0,3,0x00,0x00,0x00,#000000
4.715444780000000,0,4,0x00,0x00,0x00,#000000
4.715472470000000,0,5,0x00,0x00,0x00,#000000
4.715500170000000,0,6,0x00,0x00,0x00,#000000
4.715527860000000,0,7,0x00,0x00,0x00,#000000
4.715555550000000,0,8,0x00,0x00,0x00,#000000
4.715583240000000,0,9,0x00,0x00,0x00,#000000
4.715610940000000,0,10,0x00,0x00,0x00,#000000
4.715638630000000,0,11,0x00,0x00,0x00,#000000
4.715666320000000,0,12,0x00,0x00,0x00,#000000
4.715694010000000,0,13,0x00,0x00,0x00,#000000
4.715721710000000,0,14,0x00,0x00,0x00,#000000
4.715749400000000,0,15,0x00,0x00,0x00,#000000
4.726318090000000,0,0,0x01,0x00,0x00,#010000
4.726345780000000,0,1,0x00,0x00,0x00,#000000
4.726373470000000,0,2,0x00,0x00,0x00,#000000
4.726401160000000,0,3,0x00,0x00,0x00,#000000
4.726428860000000,0,4,0x00,0x00,0x00,#000000
4.726456550000000,0,5,0x00,0x00,0x00,#000000
4.726484250000000,0,6,0x00,0x00,0x00,#000000
4.726511930000000,0,7,0x00,0x00,0x00,#000000
4.726539630000000,0,8,0x00,0x00,0x00,#000000
4.726567320000000,0,9,0x00,0x00,0x00,#000000
4.726595020000000,0,10,0x00,0x00,0x00,#000000
4.726622710000000,0,11,0x00,0x00,0x00,#000000
4.726650400000000,0,12,0x00,0x00,0x00,#000000
4.726678090000000,0,13,0x00,0x00,0x00,#000000
4.726705790000000,0,14,0x00,0x00,0x00,#000000
4.726733480000000,0,15,0x00,0x00,0x00,#000000
4.737222400000000,0,0,0x01,0x00,0x00,#010000
4.737250100000000,0,1,0x00,0x00,0x00,#000000
4.737277790000000,0,2,0x00,0x00,0x00,#000000
4.737305480000000,0,3,0x00,0x00,0x00,#000000
4.737333170000000,0,4,0x00,0x00,0x00,#000000
4.737360870000000,0,5,0x00,0x00,0x00,#000000
4.737388560000000,0,6,0x00,0x00,0x00,#000000
4.737416250000000,0,7,0x00,0x00,0x00,#000000
4.737443940000000,0,8,0x00,0x00,0x00,#000000
4.737471640000000,0,9,0x00,0x00,0x00,#000000
4.737499330000000,0,10,0x00,0x00,0x00,#000000
4.737527030000000,0,11,0x00,0x00,0x00,#000000
4.737554720000000,0,12,0x00,0x00,0x00,#000000
4.737582410000000,0,13,0x00,0x00,0x00,#000000
4.737610110000000,0,14,0x00,0x00,0x00,#000000
4.737637800000000,0,15,0x00,0x00,0x00,#000000
4.748327110000000,0,0,0x01,0x00,0x00,#010000
4.748354800000000,0,1,0x00,0x00,0x00,#000000
4.748382490000000,0,2,0x00,0x00,0x00,#000000
4.748410190000000,0,3,0x00,0x00,0x00,#000000
4.748437880000000,0,4,0x00,0x00,0x00,#000000
4.748465580000000,0,5,0x00,0x00,0x00,#000000
4.748493260000000,0,6,0x00,0x00,0x00,#000000
4.748520960000000,0,7,0x00,0x00,0x00,#000000
4.748548650000000,0,8,0x00,0x00,0x00,#000000
4.748576350000000,0,9,0x00,0x00,0x00,#000000
4.748604040000000,0,10,0x00,0x00,0x00,#000000
4.748631730000000,0,11,0x00,0x00,0x00,#000000
4.748659420000000,0,12,0x00,0x00,0x00,#000000
4.748687120000000,0,13,0x00,0x00,0x00,#000000
4.748714810000000,0,14,0x00,0x00,0x00,#000000
4.748742500000000,0,15,0x00,0x00,0x00,#000000
4.759320710000000,0,0,0x01,0x00,0x00,#010000
4.759348400000000,0,1,0x00,0x00,0x00,#000000
4.759376090000000,0,2,0x00,0x00,0x00,#000000
4.759403790000000,0,3,0x00,0x00,0x00,#000000
4.759431480000000,0,4,0x00,0x00,0x00,#000000
4.759459170000000,0,5,0x00,0x00,0x00,#000000
4.759486860000000,0,6,0x00,0x00,0x00,#000000
4.759514560000000,0,7,0x00,0x00,0x00,#000000
4.759542250000000,0,8,0x00,0x00,0x00,#000000
4.759569940000000,0,9,0x00,0x00,0x00,#000000
4.759597630000000,0,10,0x00,0x00,0x00,#000000
4.759625330000000,0,11,0x00,0x00,0x00,#000000
4.759653020000000,0,12,0x00,0x00,0x00,#000000
4.759680720000000,0,13,0x00,0x00,0x00,#000000
4.759708410000000,0,14,0x00,0x00,0x00,#000000
4.759736100000000,0,15,0x00,0x00,0x00,#000000
4.770223920000000,0,0,0x01,0x00,0x00,#010000
4.770251610000000,0,1,0x00,0x00,0x00,#000000
4.770279300000000,0,2,0x00,0x00,0x00,#000000
4.770307000000000,0,3,0x00,0x00,0x00,#000000
4.770334690000000,0,4,0x00,0x00,0x00,#000000
4.770362390000000,0,5,0x00,0x00,0x00,#000000
4.770390070000000,0,6,0x00,0x00,0x00,#000000
4.770417770000000,0,7,0x00,0x00,0x00,#000000
4.770445460000000,0,8,0x00,0x00,0x00,#000000
4.770473160000000,0,9,0x00,0x00,0x00,#000000
4.770500840000000,0,10,0x00,0x00,0x00,#000000
4.770528540000000,0,11,0x00,0x00,0x00,#000000
4.770556230000000,0,12,0x00,0x00,0x00,#000000
4.770583930000000,0,13,0x00,0x00,0x00,#000000
4.770611620000000,0,14,0x00,0x00,0x00,#000000
4.770639310000000,0,15,0x00,0x00,0x00,#000000
4.781337080000000,0,0,0x01,0x00,0x00,#010000
4.781364780000000,0,1,0x00,0x00,0x00,#000000
4.781392470000000,0,2,0x00,0x00,0x00,#000000
4.781420170000000,0,3,0x00,0x00,0x00,#000000
4.781447860000000,0,4,0x00,0x00,0x00,#000000
4.781475550000000,0,5,0x00,0x00,0x00,#000000
4.781503240000000,0,6,0x00,0x00,0x00,#000000
4.781530940000000,0,7,0x00,0x00,0x00,#000000
4.781558630000000,0,8,0x00,0x00,0x00,#000000
4.781586320000000,0,9,0x00,0x00,0x00,#000000
4.781614020000000,0,10,0x00,0x00,0x00,#000000
4.781641710000000,0,11,0x00,0x00,0x00,#000000
4.781669410000000,0,12,0x00,0x00,0x00,#000000
4.781697090000000,0,13,0x00,0x00,0x00,#000000
4.781724790000000,0,14,0x00,0x00,0x00,#000000
4.781752480000000,0,15,0x00,0x00,0x00,#000000
4.792327420000000,0,0,0x01,0x00,0x00,#010000
4.792355110000000,0,1,0x00,0x00,0x00,#000000
4.792382800000000,0,2,0x00,0x00,0x00,#000000
4.792410490000000,0,3,0x00,0x00,0x00,#000000
4.792438190000000,0,4,0x00,0x00,0x00,#000000
4.792465880000000,0,5,0x00,0x00,0x00,#000000
4.792493580000000,0,6,0x00,0x00,0x00,#000000
4.792521260000000,0,7,0x00,0x00,0x00,#000000
4.792548960000000,0,8,0x00,0x00,0x00,#000000
4.792576650000000,0,9,0x00,0x00,0x00,#000000
4.792604350000000,0,10,0x00,0x00,0x00,#000000
4.792632030000000,0,11,0x00,0x00,0x00,#000000
4.792659730000000,0,12,0x00,0x00,0x00,#000000
4.792687420000000,0,13,0x00,0x00,0x00,#000000
4.792715120000000,0,14,0x00,0x00,0x00,#000000
4.792742810000000,0,15,0x00,0x00,0x00,#000000
4.803224090000000,0,0,0x01,0x00,0x00,#010000
4.803251780000000,0,1,0x00,0x00,0x00,#000000
4.803279480000000,0,2,0x00,0x00,0x00,#000000
4.803307160000000,0,3,0x00,0x00,0x00,#000000
4.803334860000000,0,4,0x00,0x00,0x00,#000000
4.803362550000000,0,5,0x00,0x00,0x00,#000000
4.803390250000000,0,6,0x00,0x00,0x00,#000000
4.803417940000000,0,7,0x00,0x00,0x00,#000000
4.803445630000000,0,8,0x00,0x00,0x00,#000000
4.803473320000000,0,9,0x00,0x00,0x00,#000000
4.803501020000000,0,10,0x00,0x00,0x00,#000000
4.803528710000000,0,11,0x00,0x00,0x00,#000000
4.803556400000000,0,12,0x00,0x00,0x00,#000000
4.803584100000000,0,13,0x00,0x00,0x00,#000000
4.803611790000000,0,14,0x00,0x00,0x00,#000000
4.803639480000000,0,15,0x00,0x00,0x00,#000000
4.814331010000000,0,0,0x01,0x00,0x00,#010000
4.814358700000000,0,1,0x00,0x00,0x00,#000000
4.814386390000000,0,2,0x00,0x00,0x00,#000000
4.814414080000000,0,3,0x00,0x00,0x00,#000000
4.814441780000000,0,4,0x00,0x00,0x00,#000000
4.814469470000000,0,5,0x00,0x00,0x00,#000000
4.814497160000000,0,6,0x00,0x00,0x00,#000000
4.814524860000000,0,7,0x00,0x00,0x00,#000000
4.814552550000000,0,8,0x00,0x00,0x00,#000000
4.814580250000000,0,9,0x00,0x00,0x00,#000000
4.814607930000000,0,10,0x00,0x00,0x00,#000000
4.814635630000000,0,11,0x00,0x00,0x00,#000000
4.814663320000000,0,12,0x00,0x00,0x00,#000000
4.814691020000000,0,13,0x00,0x00,0x00,#000000
4.814718700000000,0,14,0x00,0x00,0x00,#000000
4.814746400000000,0,15,0x00,0x00,0x00,#000000
4.825324030000000,0,0,0x01,0x00,0x00,#010000
4.825351720000000,0,1,0x00,0x00,0x00,#000000
4.825379410000000,0,2,0x00,0x00,0x00,#000000
4.825407100000000,0,3,0x00,0x00,0x00,#000000
4.825434800000000,0,4,0x00,0x00,0x00,#000000
4.825462490000000,0,5,0x00,0x00,0x00,#000000
4.825490190000000,0,6,0x00,0x00,0x00,#000000
4.825517870000000,0,7,0x00,0x00,0x00,#000000
4.825545570000000,0,8,0x00,0x00,0x00,#000000
4.825573260000000,0,9,0x00,0x00,0x00,#000000
4.825600960000000,0,10,0x00,0x00,0x00,#000000
4.825628650000000,0,11,0x00,0x00,0x00,#000000
4.825656340000000,0,12,0x00,0x00,0x00,#000000
4.825684040000000,0,13,0x00,0x00,0x00,#000000
4.825711730000000,0,14,0x00,0x00,0x00,#000000
4.825739420000000,0,15,0x00,0x00,0x00,#000000
4.836224930000000,0,0,0x01,0x00,0x00,#010000
4.836252620000000,0,1,0x00,0x00,0x00,#000000
4.836280320000000,0,2,0x00,0x00,0x00,#000000
4.836308010000000,0,3,0x00,0x00,0x00,#000000
4.836335700000000,0,4,0x00,0x00,0x00,#000000
4.836363400000000,0,5,0x00,0x00,0x00,#000000
4.836391090000000,0,6,0x00,0x00,0x00,#000000
4.836418780000000,0,7,0x00,0x00,0x00,#000000
4.836446470000000,0,8,0x00,0x00,0x00,#000000
4.836474170000000,0,9,0x00,0x00,0x00,#000000
4.836501860000000,0,10,0x00,0x00,0x00,#000000
4.836529560000000,0,11,0x00,0x00,0x00,#000000
4.836557240000000,0,12,0x00,0x00,0x00,#000000
4.836584940000000,0,13,0x00,0x00,0x00,#000000
4.836612630000000,0,14,0x00,0x00,0x00,#000000
4.836640330000000,0,15,0x00,0x00,0x00,#000000
4.847324440000000,0,0,0x01,0x00,0x00,#010000
4.847352140000000,0,1,0x00,0x00,0x00,#000000
4.847379830000000,0,2,0x00,0x00,0x00,#000000
4.847407520000000,0,3,0x00,0x00,0x00,#000000
4.847435220000000,0,4,0x00,0x00,0x00,#000000
4.847462910000000,0,5,0x00,0x00,0x00,#000000
4.847490600000000,0,6,0x00,0x00,0x00,#000000
4.847518290000000,0,7,0x00,0x00,0x00,#000000
4.847545990000000,0,8,0x00,0x00,0x00,#000000
4.847573680000000,0,9,0x00,0x00,0x00,#000000
4.847601380000000,0,10,0x00,0x00,0x00,#000000
4.847629060000000,0,11,0x00,0x00,0x00,#000000
4.847656760000000,0,12,0x00,0x00,0x00,#000000
4.847684450000000,0,13,0x00,0x00,0x00,#000000
4.847712150000000,0,14,0x00,0x00,0x00,#000000
4.847739840000000,0,15,0x00,0x00,0x00,#000000
4.858315780000000,0,0,0x01,0x00,0x00,#010000
4.858343480000000,0,1,0x00,0x00,0x00,#000000
4.858371170000000,0,2,0x00,0x00,0x00,#000000
4.858398860000000,0,3,0x00,0x00,0x00,#000000
4.858426550000000,0,4,0x00,0x00,0x00,#000000
4.858454250000000,0,5,0x00,0x00,0x00,#000000
4.858481940000000,0,6,0x00,0x00,0x00,#000000
4.858509640000000,0,7,0x00,0x00,0x00,#000000
4.858537320000000,0,8,0x00,0x00,0x00,#000000
4.858565020000000,0,9,0x00,0x00,0x00,#000000
4.858592710000000,0,10,0x00,0x00,0x00,#000000
4.858620410000000,0,11,0x00,0x00,0x00,#000000
4.858648100000000,0,12,0x00,0x00,0x00,#000000
4.858675790000000,0,13,0x00,0x00,0x00,#000000
4.858703480000000,0,14,0x00,0x00,0x00,#000000
4.858731180000000,0,15,0x00,0x00,0x00,#000000
4.869228370000000,0,0,0x01,0x00,0x00,#010000
4.869256060000000,0,1,0x00,0x00,0x00,#000000
4.869283750000000,0,2,0x00,0x00,0x00,#000000
4.869311450000000,0,3,0x00,0x00,0x00,#000000
4.869339140000000,0,4,0x00,0x00,0x00,#000000
4.869366830000000,0,5,0x00,0x00,0x00,#000000
4.869394530000000,0,6,0x00,0x00,0x00,#000000
4.869422220000000,0,7,0x00,0x00,0x00,#000000
4.869449910000000,0,8,0x00,0x00,0x00,#000000
4.869477600000000,0,9,0x00,0x00,0x00,#000000
4.869505300000000,0,10,0x00,0x00,0x00,#000000
4.869532990000000,0,11,0x00,0x00,0x00,#000000
4.869560690000000,0,12,0x00,0x00,0x00,#000000
4.869588370000000,0,13,0x00,0x00,0x00,#000000
4.869616070000000,0,14,0x00,0x00,0x00,#000000
4.869643760000000,0,15,0x00,0x00,0x00,#000000
4.880333700000000,0,0,0x01,0x00,0x00,#010000
4.880361390000000,0,1,0x00,0x00,0x00,#000000
4.880389090000000,0,2,0x00,0x00,0x00,#000000
4.880416780000000,0,3,0x00,0x00,0x00,#000000
4.880444470000000,0,4,0x00,0x00,0x00,#000000
4.880472170000000,0,5,0x00,0x00,0x00,#000000
4.880499860000000,0,6,0x00,0x00,0x00,#000000
4.880527550000000,0,7,0x00,0x00,0x00,#000000
4.880555240000000,0,8,0x00,0x00,0x00,#000000
4.880582940000000,0,9,0x00,0x00,0x00,#000000
4.880610630000000,0,10,0x00,0x00,0x00,#000000
4.880638330000000,0,11,0x00,0x00,0x00,#000000
4.880666010000000,0,12,0x00,0x00,0x00,#000000
4.880693710000000,0,13,0x00,0x00,0x00,#000000
4.880721400000000,0,14,0x00,0x00,0x00,#000000
4.880749100000000,0,15,0x00,0x00,0x00,#000000
4.891331870000000,0,0,0x01,0x00,0x00,#010000
4.891359560000000,0,1,0x00,0x00,0x00,#000000
4.891387250000000,0,2,0x00,0x00,0x00,#000000
4.891414940000000,0,3,0x00,0x00,0x00,#000000
4.891442640000000,0,4,0x00,0x00,0x00,#000000
4.891470330000000,0,5,0x00,0x00,0x00,#000000
4.891498020000000,0,6,0x00,0x00,0x00,#000000
4.891525720000000,0,7,0x00,0x00,0x00,#000000
4.891553410000000,0,8,0x00,0x00,0x00,#000000
4.891581110000000,0,9,0x00,0x00,0x00,#000000
4.891608790000000,0,10,0x00,0x00,0x00,#000000
4.891636490000000,0,11,0x00,0x00,0x00,#000000
4.891664180000000,0,12,0x00,0x00,0x00,#000000
4.891691880000000,0,13,0x00,0x00,0x00,#000000
4.891719560000000,0,14,0x00,0x00,0x00,#000000
4.891747260000000,0,15,0x00,0x00,0x00,#000000
4.902226620000000,0,0,0x01,0x00,0x00,#010000
4.902254310000000,0,1,0x00,0x00,0x00,#000000
4.902282000000000,0,2,0x00,0x00,0x00,#000000
4.902309690000000,0,3,0x00,0x00,0x00,#000000
4.902337390000000,0,4,0x00,0x00,0x00,#000000
4.902365080000000,0,5,0x00,0x00,0x00,#000000
4.902392770000000,0,6,0x00,0x00,0x00,#000000
4.902420460000000,0,7,0x00,0x00,0x00,#000000
4.902448160000000,0,8,0x00,0x00,0x00,#000000
4.902475850000000,0,9,0x00,0x00,0x00,#000000
4.902503550000000,0,10,0x00,0x00,0x00,#000000
4.902531240000000,0,11,0x00,0x00,0x00,#000000
4.902558930000000,0,12,0x00,0x00,0x00,#000000
4.902586620000000,0,13,0x00,0x00,0x00,#000000
4.902614320000000,0,14,0x00,0x00,0x00,#000000
4.902642010000000,0,15,0x00,0x00,0x00,#000000
4.913322720000000,0,0,0x01,0x00,0x00,#010000
4.913350410000000,0,1,0x00,0x00,0x00,#000000
4.913378100000000,0,2,0x00,0x00,0x00,#000000
4.913405790000000,0,3,0x00,0x00,0x00,#000000
4.913433490000000,0,4,0x00,0x00,0x00,#000000
4.913461180000000,0,5,0x00,0x00,0x00,#000000
4.913488870000000,0,6,0x00,0x00,0x00,#000000
4.913516560000000,0,7,0x00,0x00,0x00,#000000
4.913544260000000,0,8,0x00,0x00,0x00,#000000
4.913571950000000,0,9,0x00,0x00,0x00,#000000
4.913599650000000,0,10,0x00,0x00,0x00,#000000
4.913627340000000,0,11,0x00,0x00,0x00,#000000
4.913655030000000,0,12,0x00,0x00,0x00,#000000
4.913682730000000,0,13,0x00,0x00,0x00,#000000
4.913710420000000,0,14,0x00,0x00,0x00,#000000
4.913738110000000,0,15,0x00,0x00,0x00,#000000
4.924325020000000,0,0,0x01,0x00,0x00,#010000
4.924352710000000,0,1,0x00,0x00,0x00,#000000
4.924380400000000,0,2,0x00,0x00,0x00,#000000
4.924408090000000,0,3,0x00,0x00,0x00,#000000
4.924435790000000,0,4,0x00,0x00,0x00,#000000
4.924463480000000,0,5,0x00,0x00,0x00,#000000
4.924491180000000,0,6,0x00,0x00,0x00,#000000
4.924518860000000,0,7,0x00,0x00,0x00,#000000
4.924546560000000,0,8,0x00,0x00,0x00,#000000
4.924574250000000,0,9,0x00,0x00,0x00,#000000
4.924601950000000,0,10,0x00,0x00,0x00,#000000
4.924629640000000,0,11,0x00,0x00,0x00,#000000
4.924657330000000,0,12,0x00,0x00,0x00,#000000
4.924685030000000,0,13,0x00,0x00,0x00,#000000
4.924712720000000,0,14,0x00,0x00,0x00,#000000
4.924740410000000,0,15,0x00,0x00,0x00,#000000
4.935227460000000,0,0,0x01,0x00,0x00,#010000
4.935255150000000,0,1,0x00,0x00,0x00,#000000
4.935282850000000,0,2,0x00,0x00,0x00,#000000
4.935310530000000,0,3,0x00,0x00,0x00,#000000
4.935338230000000,0,4,0x00,0x00,0x00,#000000
4.935365920000000,0,5,0x00,0x00,0x00,#000000
4.935393620000000,0,6,0x00,0x00,0x00,#000000
4.935421310000000,0,7,0x00,0x00,0x00,#000000
4.935449000000000,0,8,0x00,0x00,0x00,#000000
4.935476690000000,0,9,0x00,0x00,0x00,#000000
4.935504390000000,0,10,0x00,0x00,0x00,#000000
4.935532080000000,0,11,0x00,0x00,0x00,#000000
4.935559770000000,0,12,0x00,0x00,0x00,#000000
4.935587470000000,0,13,0x00,0x00,0x00,#000000
4.935615160000000,0,14,0x00,0x00,0x00,#000000
4.935642860000000,0,15,0x00,0x00,0x00,#000000
4.946336540000000,0,0,0x01,0x00,0x00,#010000
4.946364240000000,0,1,0x00,0x00,0x00,#000000
4.946391920000000,0,2,0x00,0x00,0x00,#000000
4.946419620000000,0,3,0x00,0x00,0x00,#000000
4.946447310000000,0,4,0x00,0x00,0x00,#000000
4.946475010000000,0,5,0x00,0x00,0x00,#000000
4.946502690000000,0,6,0x00,0x00,0x00,#000000
4.946530390000000,0,7,0x00,0x00,0x00,#000000
4.946558080000000,0,8,0x00,0x00,0x00,#000000
4.946585780000000,0,9,0x00,0x00,0x00,#000000
4.946613470000000,0,10,0x00,0x00,0x00,#000000
4.946641160000000,0,11,0x00,0x00,0x00,#000000
4.946668860000000,0,12,0x00,0x00,0x00,#000000
4.946696550000000,0,13,0x00,0x00,0x00,#000000
4.946724240000000,0,14,0x00,0x00,0x00,#000000
4.946751930000000,0,15,0x00,0x00,0x00,#000000
4.957317930000000,0,0,0x01,0x00,0x00,#010000
4.957345620000000,0,1,0x00,0x00,0x00,#000000
4.957373310000000,0,2,0x00,0x00,0x00,#000000
4.957401000000000,0,3,0x00,0x00,0x00,#000000
4.957428700000000,0,4,0x00,0x00,0x00,#000000
4.957456390000000,0,5,0x00,0x00,0x00,#000000
4.957484080000000,0,6,0x00,0x00,0x00,#000000
4.957511780000000,0,7,0x00,0x00,0x00,#000000
4.957539470000000,0,8,0x00,0x00,0x00,#000000
4.957567170000000,0,9,0x00,0x00,0x00,#000000
4.957594850000000,0,10,0x00,0x00,0x00,#000000
4.957622550000000,0,11,0x00,0x00,0x00,#000000
4.957650240000000,0,12,0x00,0x00,0x00,#000000
4.957677940000000,0,13,0x00,0x00,0x00,#000000
4.957705620000000,0,14,0x00,0x00,0x00,#000000
4.957733320000000,0,15,0x00,0x00,0x00,#000000
4.968229640000000,0,0,0x01,0x00,0x00,#010000
4.968257340000000,0,1,0x00,0x00,0x00,#000000
4.968285030000000,0,2,0x00,0x00,0x00,#000000
4.968312730000000,0,3,0x00,0x00,0x00,#000000
4.968340420000000,0,4,0x00,0x00,0x00,#000000
4.968368110000000,0,5,0x00,0x00,0x00,#000000
4.968395800000000,0,6,0x00,0x00,0x00,#000000
4.968423500000000,0,7,0x00,0x00,0x00,#000000
4.968451190000000,0,8,0x00,0x00,0x00,#000000
4.968478880000000,0,9,0x00,0x00,0x00,#000000
4.968506580000000,0,10,0x00,0x00,0x00,#000000
4.968534270000000,0,11,0x00,0x00,0x00,#000000
4.968561960000000,0,12,0x00,0x00,0x00,#000000
4.968589650000000,0,13,0x00,0x00,0x00,#000000
4.968617350000000,0,14,0x00,0x00,0x00,#000000
4.968645040000000,0,15,0x00,0x00,0x00,#000000
4.979335890000000,0,0,0x01,0x00,0x00,#010000
4.979363580000000,0,1,0x00,0x00,0x00,#000000
4.979391280000000,0,2,0x00,0x00,0x00,#000000
4.979418970000000,0,3,0x00,0x00,0x00,#000000
4.979446660000000,0,4,0x00,0x00,0x00,#000000
4.979474360000000,0,5,0x00,0x00,0x00,#000000
4.979502050000000,0,6,0x00,0x00,0x00,#000000
4.979529740000000,0,7,0x00,0x00,0x00,#000000
4.979557430000000,0,8,0x00,0x00,0x00,#000000
4.979585130000000,0,9,0x00,0x00,0x00,#000000
4.979612820000000,0,10,0x00,0x00,0x00,#000000
4.979640520000000,0,11,0x00,0x00,0x00,#000000
4.979668210000000,0,12,0x00,0x00,0x00,#000000
4.979695900000000,0,13,0x00,0x00,0x00,#000000
4.979723590000000,0,14,0x00,0x00,0x00,#000000
4.979751290000000,0,15,0x00,0x00,0x00,#000000
4.990338240000000,0,0,0x01,0x00,0x00,#010000
4.990365930000000,0,1,0x00,0x00,0x00,#000000
4.990393630000000,0,2,0x00,0x00,0x00,#000000
4.990421320000000,0,3,0x00,0x00,0x00,#000000
4.990449010000000,0,4,0x00,0x00,0x00,#000000
4.990476700000000,0,5,0x00,0x00,0x00,#000000
4.990504400000000,0,6,0x00,0x00,0x00,#000000
4.990532090000000,0,7,0x00,0x00,0x00,#000000
4.990559780000000,0,8,0x00,0x00,0x00,#000000
4.990587480000000,0,9,0x00,0x00,0x00,#000000
4.990615170000000,0,10,0x00,0x00,0x00,#000000
4.990642870000000,0,11,0x00,0x00,0x00,#000000
4.990670550000000,0,12,0x00,0x00,0x00,#000000
4.990698250000000,0,13,0x00,0x00,0x00,#000000
4.990725940000000,0,14,0x00,0x00,0x00,#000000
4.990753640000000,0,15,0x00,0x00,0x00,#000000
5.001229140000000,0,0,0x01,0x00,0x00,#010000
5.001256840000000,0,1,0x00,0x00,0x00,#000000
5.001284530000000,0,2,0x00,0x00,0x00,#000000
5.001312220000000,0,3,0x00,0x00,0x00,#000000
5.001339910000000,0,4,0x00,0x00,0x00,#000000
5.001367610000000,0,5,0x00,0x00,0x00,#000000
5.001395300000000,0,6,0x00,0x00,0x00,#000000
5.001422990000000,0,7,0x00,0x00,0x00,#000000
5.001450690000000,0,8,0x00,0x00,0x00,#000000
5.001478380000000,0,9,0x00,0x00,0x00,#000000
5.001506070000000,0,10,0x00,0x00,0x00,#000000
5.001533770000000,0,11,0x00,0x00,0x00,#000000
5.001561460000000,0,12,0x00,0x00,0x00,#000000
5.001589150000000,0,13,0x00,0x00,0x00,#000000
5.001616850000000,0,14,0x00,0x00,0x00,#000000
5.001644540000000,0,15,0x00,0x00,0x00,#000000
5.012339810000000,0,0,0x01,0x00,0x00,#010000
5.012367500000000,0,1,0x00,0x00,0x00,#000000
5.012395200000000,0,2,0x00,0x00,0x00,#000000
5.012422890000000,0,3,0x00,0x00,0x00,#000000
5.012450580000000,0,4,0x00,0x00,0x00,#000000
5.012478270000000,0,5,0x00,0x00,0x00,#000000
5.012505970000000,0,6,0x00,0x00,0x00,#000000
5.012533660000000,0,7,0x00,0x00,0x00,#000000
5.012561360000000,0,8,0x00,0x00,0x00,#000000
5.012589050000000,0,9,0x00,0x00,0x00,#000000
5.012616740000000,0,10,0x00,0x00,0x00,#000000
5.012644430000000,0,11,0x00,0x00,0x00,#000000
5.012672130000000,0,12,0x00,0x00,0x00,#000000
5.012699820000000,0,13,0x00,0x00,0x00,#000000
5.012727510000000,0,14,0x00,0x00,0x00,#000000
5.012755200000000,0,15,0x00,0x00,0x00,#000000
5.023331200000000,0,0,0x01,0x00,0x00,#010000
5.023358890000000,0,1,0x00,0x00,0x00,#000000
5.023386580000000,0,2,0x00,0x00,0x00,#000000
5.023414280000000,0,3,0x00,0x00,0x00,#000000
5.023441970000000,0,4,0x00,0x00,0x00,#000000
5.023469660000000,0,5,0x00,0x00,0x00,#000000
5.023497350000000,0,6,0x00,0x00,0x00,#000000
5.023525050000000,0,7,0x00,0x00,0x00,#000000
5.023552740000000,0,8,0x00,0x00,0x00,#000000
5.023580430000000,0,9,0x00,0x00,0x00,#000000
5.023608130000000,0,10,0x00,0x00,0x00,#000000
5.023635820000000,0,11,0x00,0x00,0x00,#000000
5.023663510000000,0,12,0x00,0x00,0x00,#000000
5.023691210000000,0,13,0x00,0x00,0x00,#000000
5.023718900000000,0,14,0x00,0x00,0x00,#000000
5.023746590000000,0,15,0x00,0x00,0x00,#000000
5.034229980000000,0,0,0x01,0x00,0x00,#010000
5.034257680000000,0,1,0x00,0x00,0x00,#000000
5.034285370000000,0,2,0x00,0x00,0x00,#000000
5.034313060000000,0,3,0x00,0x00,0x00,#000000
5.034340760000000,0,4,0x00,0x00,0x00,#000000
5.034368450000000,0,5,0x00,0x00,0x00,#000000
5.034396140000000,0,6,0x00,0x00,0x00,#000000
5.034423830000000,0,7,0x00,0x00,0x00,#000000
5.034451530000000,0,8,0x00,0x00,0x00,#000000
5.034479220000000,0,9,0x00,0x00,0x00,#000000
5.034506920000000,0,10,0x00,0x00,0x00,#000000
5.034534610000000,0,11,0x00,0x00,0x00,#000000
5.034562300000000,0,12,0x00,0x00,0x00,#000000
5.034589990000000,0,13,0x00,0x00,0x00,#000000
5.034617690000000,0,14,0x00,0x00,0x00,#000000
5.034645380000000,0,15,0x00,0x00,0x00,#000000
5.045333640000000,0,0,0x01,0x00,0x00,#010000
5.045361320000000,0,1,0x00,0x00,0x00,#000000
5.045389020000000,0,2,0x00,0x00,0x00,#000000
5.045416710000000,0,3,0x00,0x00,0x00,#000000
5.045444410000000,0,4,0x00,0x00,0x00,#000000
5.045472100000000,0,5,0x00,0x00,0x00,#000000
5.045499790000000,0,6,0x00,0x00,0x00,#000000
5.045527490000000,0,7,0x00,0x00,0x00,#000000
5.045555180000000,0,8,0x00,0x00,0x00,#000000
5.045582870000000,0,9,0x00,0x00,0x00,#000000
5.045610560000000,0,10,0x00,0x00,0x00,#000000
5.045638260000000,0,11,0x00,0x00,0x00,#000000
5.045665950000000,0,12,0x00,0x00,0x00,#000000
5.045693650000000,0,13,0x00,0x00,0x00,#000000
5.045721330000000,0,14,0x00,0x00,0x00,#000000
5.045749030000000,0,15,0x00,0x00,0x00,#000000
5.056325940000000,0,0,0x01,0x00,0x00,#010000
5.056353620000000,0,1,0x00,0x00,0x00,#000000
5.056381320000000,0,2,0x00,0x00,0x00,#000000
5.056409010000000,0,3,0x00,0x00,0x00,#000000
5.056436710000000,0,4,0x00,0x00,0x00,#000000
5.056464400000000,0,5,0x00,0x00,0x00,#000000
5.056492090000000,0,6,0x00,0x00,0x00,#000000
5.056519780000000,0,7,0x00,0x00,0x00,#000000
5.056547480000000,0,8,0x00,0x00,0x00,#000000
5.056575170000000,0,9,0x00,0x00,0x00,#000000
5.056602860000000,0,10,0x00,0x00,0x00,#000000
5.056630560000000,0,11,0x00,0x00,0x00,#000000
5.056658250000000,0,12,0x00,0x00,0x00,#000000
5.056685940000000,0,13,0x00,0x00,0x00,#000000
5.056713630000000,0,14,0x00,0x00,0x00,#000000
5.056741330000000,0,15,0x00,0x00,0x00,#000000
5.067230830000000,0,0,0x01,0x00,0x00,#010000
5.067258520000000,0,1,0x00,0x00,0x00,#000000
5.067286220000000,0,2,0x00,0x00,0x00,#000000
5.067313900000000,0,3,0x00,0x00,0x00,#000000
5.067341600000000,0,4,0x00,0x00,0x00,#000000
5.067369290000000,0,5,0x00,0x00,0x00,#000000
5.067396990000000,0,6,0x00,0x00,0x00,#000000
5.067424670000000,0,7,0x00,0x00,0x00,#000000
5.067452370000000,0,8,0x00,0x00,0x00,#000000
5.067480060000000,0,9,0x00,0x00,0x00,#000000
5.067507760000000,0,10,0x00,0x00,0x00,#000000
5.067535450000000,0,11,0x00,0x00,0x00,#000000
5.067563140000000,0,12,0x00,0x00,0x00,#000000
5.067590840000000,0,13,0x00,0x00,0x00,#000000
5.067618530000000,0,14,0x00,0x00,0x00,#000000
5.067646220000000,0,15,0x00,0x00,0x00,#000000
5.078340340000000,0,0,0x01,0x00,0x00,#010000
5.078368040000000,0,1,0x00,0x00,0x00,#000000
5.078395730000000,0,2,0x00,0x00,0x00,#000000
5.078423420000000,0,3,0x00,0x00,0x00,#000000
5.078451110000000,0,4,0x00,0x00,0x00,#000000
5.078478810000000,0,5,0x00,0x00,0x00,#000000
5.078506500000000,0,6,0x00,0x00,0x00,#000000
5.078534190000000,0,7,0x00,0x00,0x00,#000000
5.078561880000000,0,8,0x00,0x00,0x00,#000000
5.078589580000000,0,9,0x00,0x00,0x00,#000000
5.078617270000000,0,10,0x00,0x00,0x00,#000000
5.078644960000000,0,11,0x00,0x00,0x00,#000000
5.078672660000000,0,12,0x00,0x00,0x00,#000000
5.078700350000000,0,13,0x00,0x00,0x00,#000000
5.078728050000000,0,14,0x00,0x00,0x00,#000000
5.078755740000000,0,15,0x00,0x00,0x00,#000000
5.089326250000000,0,0,0x01,0x00,0x00,#010000
5.089353940000000,0,1,0x00,0x00,0x00,#000000
5.089381640000000,0,2,0x00,0x00,0x00,#000000
5.089409320000000,0,3,0x00,0x00,0x00,#000000
5.089437020000000,0,4,0x00,0x00,0x00,#000000
5.089464710000000,0,5,0x00,0x00,0x00,#000000
5.089492410000000,0,6,0x00,0x00,0x00,#000000
5.089520100000000,0,7,0x00,0x00,0x00,#000000
5.089547790000000,0,8,0x00,0x00,0x00,#000000
5.089575480000000,0,9,0x00,0x00,0x00,#000000
5.089603180000000,0,10,0x00,0x00,0x00,#000000
5.089630870000000,0,11,0x00,0x00,0x00,#000000
5.089658560000000,0,12,0x00,0x00,0x00,#000000
5.089686260000000,0,13,0x00,0x00,0x00,#000000
5.089713950000000,0,14,0x00,0x00,0x00,#000000
5.089741640000000,0,15,0x00,0x00,0x00,#000000
5.100231670000000,0,0,0x01,0x00,0x00,#010000
5.100259360000000,0,1,0x00,0x00,0x00,#000000
5.100287060000000,0,2,0x00,0x00,0x00,#000000
5.100314750000000,0,3,0x00,0x00,0x00,#000000
5.100342440000000,0,4,0x00,0x00,0x00,#000000
5.100370140000000,0,5,0x00,0x00,0x00,#000000
5.100397830000000,0,6,0x00,0x00,0x00,#000000
5.100425520000000,0,7,0x00,0x00,0x00,#000000
5.100453210000000,0,8,0x00,0x00,0x00,#000000
5.100480910000000,0,9,0x00,0x00,0x00,#000000
5.100508600000000,0,10,0x00,0x00,0x00,#000000
5.100536300000000,0,11,0x00,0x00,0x00,#000000
5.100563980000000,0,12,0x00,0x00,0x00,#000000
5.100591680000000,0,13,0x00,0x00,0x00,#000000
5.100619370000000,0,14,0x00,0x00,0x00,#000000
5.100647070000000,0,15,0x00,0x00,0x00,#000000
5.111330510000000,0,0,0x01,0x00,0x00,#010000
5.111358200000000,0,1,0x00,0x00,0x00,#000000
5.111385900000000,0,2,0x00,0x00,0x00,#000000
5.111413590000000,0,3,0x00,0x00,0x00,#000000
5.111441280000000,0,4,0x00,0x00,0x00,#000000
5.111468970000000,0,5,0x00,0x00,0x00,#000000
5.111496670000000,0,6,0x00,0x00,0x00,#000000
5.111524360000000,0,7,0x00,0x00,0x00,#000000
5.111552050000000,0,8,0x00,0x00,0x00,#000000
5.111579750000000,0,9,0x00,0x00,0x00,#000000
5.111607440000000,0,10,0x00,0x00,0x00,#000000
5.111635130000000,0,11,0x00,0x00,0x00,#000000
5.111662830000000,0,12,0x00,0x00,0x00,#000000
5.111690520000000,0,13,0x00,0x00,0x00,#000000
5.111718210000000,0,14,0x00,0x00,0x00,#000000
5.111745910000000,0,15,0x00,0x00,0x00,#000000
5.122329830000000,0,0,0x01,0x00,0x00,#010000
5.122357520000000,0,1,0x00,0x00,0x00,#000000
5.122385220000000,0,2,0x00,0x00,0x00,#000000
5.122412910000000,0,3,0x00,0x00,0x00,#000000
5.122440600000000,0,4,0x00,0x00,0x00,#000000
5.122468290000000,0,5,0x00,0x00,0x00,#000000
5.122495990000000,0,6,0x00,0x00,0x00,#000000
5.122523680000000,0,7,0x00,0x00,0x00,#000000
5.122551380000000,0,8,0x00,0x00,0x00,#000000
5.122579060000000,0,9,0x00,0x00,0x00,#000000
5.122606760000000,0,10,0x00,0x00,0x00,#000000
5.122634450000000,0,11,0x00,0x00,0x00,#000000
5.122662150000000,0,12,0x00,0x00,0x00,#000000
5.122689840000000,0,13,0x00,0x00,0x00,#000000
5.122717530000000,0,14,0x00,0x00,0x00,#000000
5.122745220000000,0,15,0x00,0x00,0x00,#000000
5.133274190000000,0,0,0x01,0x00,0x00,#010000
5.133301890000000,0,1,0x00,0x00,0x00,#000000
5.133329580000000,0,2,0x00,0x00,0x00,#000000
5.133357280000000,0,3,0x00,0x00,0x00,#000000
5.133384960000000,0,4,0x00,0x00,0x00,#000000
5.133412660000000,0,5,0x00,0x00,0x00,#000000
5.133440350000000,0,6,0x00,0x00,0x00,#000000
5.133468050000000,0,7,0x00,0x00,0x00,#000000
5.133495740000000,0,8,0x00,0x00,0x00,#000000
5.133523430000000,0,9,0x00,0x00,0x00,#000000
5.133551130000000,0,10,0x00,0x00,0x00,#000000
5.133578820000000,0,11,0x00,0x00,0x00,#000000
5.133606510000000,0,12,0x00,0x00,0x00,#000000
5.133634200000000,0,13,0x00,0x00,0x00,#000000
5.133661900000000,0,14,0x00,0x00,0x00,#000000
5.133689590000000,0,15,0x00,0x00,0x00,#000000
5.144342170000000,0,0,0x01,0x00,0x00,#010000
5.144369860000000,0,1,0x00,0x00,0x00,#000000
5.144397560000000,0,2,0x00,0x00,0x00,#000000
5.144425250000000,0,3,0x00,0x00,0x00,#000000
5.144452940000000,0,4,0x00,0x00,0x00,#000000
5.144480640000000,0,5,0x00,0x00,0x00,#000000
5.144508330000000,0,6,0x00,0x00,0x00,#000000
5.144536020000000,0,7,0x00,0x00,0x00,#000000
5.144563710000000,0,8,0x00,0x00,0x00,#000000
5.144591410000000,0,9,0x00,0x00,0x00,#000000
5.144619100000000,0,10,0x00,0x00,0x00,#000000
5.144646800000000,0,11,0x00,0x00,0x00,#000000
5.144674480000000,0,12,0x00,0x00,0x00,#000000
5.144702180000000,0,13,0x00,0x00,0x00,#000000
5.144729870000000,0,14,0x00,0x00,0x00,#000000
5.144757570000000,0,15,0x00,0x00,0x00,#000000
5.155327160000000,0,0,0x01,0x00,0x00,#010000
5.155354860000000,0,1,0x00,0x00,0x00,#000000
5.155382540000000,0,2,0x00,0x00,0x00,#000000
5.155410240000000,0,3,0x00,0x00,0x00,#000000
5.155437930000000,0,4,0x00,0x00,0x00,#000000
5.155465630000000,0,5,0x00,0x00,0x00,#000000
5.155493320000000,0,6,0x00,0x00,0x00,#000000
5.155521010000000,0,7,0x00,0x00,0x00,#000000
5.155548710000000,0,8,0x00,0x00,0x00,#000000
5.155576400000000,0,9,0x00,0x00,0x00,#000000
5.155604090000000,0,10,0x00,0x00,0x00,#000000
5.155631780000000,0,11,0x00,0x00,0x00,#000000
5.155659480000000,0,12,0x00,0x00,0x00,#000000
5.155687170000000,0,13,0x00,0x00,0x00,#000000
5.155714870000000,0,14,0x00,0x00,0x00,#000000
5.155742550000000,0,15,0x00,0x00,0x00,#000000
5.166233350000000,0,0,0x01,0x00,0x00,#010000
5.166261050000000,0,1,0x00,0x00,0x00,#000000
5.166288740000000,0,2,0x00,0x00,0x00,#000000
5.166316430000000,0,3,0x00,0x00,0x00,#000000
5.166344120000000,0,4,0x00,0x00,0x00,#000000
5.166371820000000,0,5,0x00,0x00,0x00,#000000
5.166399510000000,0,6,0x00,0x00,0x00,#000000
5.166427200000000,0,7,0x00,0x00,0x00,#000000
5.166454900000000,0,8,0x00,0x00,0x00,#000000
5.166482590000000,0,9,0x00,0x00,0x00,#000000
5.166510290000000,0,10,0x00,0x00,0x00,#000000
5.166537980000000,0,11,0x00,0x00,0x00,#000000
5.166565670000000,0,12,0x00,0x00,0x00,#000000
5.166593360000000,0,13,0x00,0x00,0x00,#000000
5.166621060000000,0,14,0x00,0x00,0x00,#000000
5.166648750000000,0,15,0x00,0x00,0x00,#000000
5.177343210000000,0,0,0x01,0x00,0x00,#010000
5.177370900000000,0,1,0x00,0x00,0x00,#000000
5.177398590000000,0,2,0x00,0x00,0x00,#000000
5.177426280000000,0,3,0x00,0x00,0x00,#000000
5.177453980000000,0,4,0x00,0x00,0x00,#000000
5.177481670000000,0,5,0x00,0x00,0x00,#000000
5.177509360000000,0,6,0x00,0x00,0x00,#000000
5.177537050000000,0,7,0x00,0x00,0x00,#000000
5.177564750000000,0,8,0x00,0x00,0x00,#000000
5.177592440000000,0,9,0x00,0x00,0x00,#000000
5.177620140000000,0,10,0x00,0x00,0x00,#000000
5.177647830000000,0,11,0x00,0x00,0x00,#000000
5.177675520000000,0,12,0x00,0x00,0x00,#000000
5.177703210000000,0,13,0x00,0x00,0x00,#000000
5.177730910000000,0,14,0x00,0x00,0x00,#000000
5.177758600000000,0,15,0x00,0x00,0x00,#000000
5.188335700000000,0,0,0x01,0x00,0x00,#010000
5.188363390000000,0,1,0x00,0x00,0x00,#000000
5.188391080000000,0,2,0x00,0x00,0x00,#000000
5.188418780000000,0,3,0x00,0x00,0x00,#000000
5.188446470000000,0,4,0x00,0x00,0x00,#000000
5.188474160000000,0,5,0x00,0x00,0x00,#000000
5.188501850000000,0,6,0x00,0x00,0x00,#000000
5.188529550000000,0,7,0x00,0x00,0x00,#000000
5.188557240000000,0,8,0x00,0x00,0x00,#000000
5.188584940000000,0,9,0x00,0x00,0x00,#000000
5.188612620000000,0,10,0x00,0x00,0x00,#000000
5.188640320000000,0,11,0x00,0x00,0x00,#000000
5.188668010000000,0,12,0x00,0x00,0x00,#000000
5.188695710000000,0,13,0x00,0x00,0x00,#000000
5.188723400000000,0,14,0x00,0x00,0x00,#000000
5.188751090000000,0,15,0x00,0x00,0x00,#000000
5.199234340000000,0,0,0x01,0x00,0x00,#010000
5.199262030000000,0,1,0x00,0x00,0x00,#000000
5.199289730000000,0,2,0x00,0x00,0x00,#000000
5.199317420000000,0,3,0x00,0x00,0x00,#000000
5.199345110000000,0,4,0x00,0x00,0x00,#000000
5.199372810000000,0,5,0x00,0x00,0x00,#000000
5.199400500000000,0,6,0x00,0x00,0x00,#000000
5.199428190000000,0,7,0x00,0x00,0x00,#000000
5.199455880000000,0,8,0x00,0x00,0x00,#000000
5.199483580000000,0,9,0x00,0x00,0x00,#000000
5.199511270000000,0,10,0x00,0x00,0x00,#000000
5.199538970000000,0,11,0x00,0x00,0x00,#000000
5.199566650000000,0,12,0x00,0x00,0x00,#000000
5.199594350000000,0,13,0x00,0x00,0x00,#000000
5.199622040000000,0,14,0x00,0x00,0x00,#000000
5.199649740000000,0,15,0x00,0x00,0x00,#000000
5.210339910000000,0,0,0x01,0x00,0x00,#010000
5.210367600000000,0,1,0x00,0x00,0x00,#000000
5.210395300000000,0,2,0x00,0x00,0x00,#000000
5.210422990000000,0,3,0x00,0x00,0x00,#000000
5.210450680000000,0,4,0x00,0x00,0x00,#000000
5.210478380000000,0,5,0x00,0x00,0x00,#000000
5.210506070000000,0,6,0x00,0x00,0x00,#000000
5.210533760000000,0,7,0x00,0x00,0x00,#000000
5.210561450000000,0,8,0x00,0x00,0x00,#000000
5.210589150000000,0,9,0x00,0x00,0x00,#000000
5.210616840000000,0,10,0x00,0x00,0x00,#000000
5.210644540000000,0,11,0x00,0x00,0x00,#000000
5.210672230000000,0,12,0x00,0x00,0x00,#000000
5.210699920000000,0,13,0x00,0x00,0x00,#000000
5.210727610000000,0,14,0x00,0x00,0x00,#000000
5.210755310000000,0,15,0x00,0x00,0x00,#000000
5.221339900000000,0,0,0x01,0x00,0x00,#010000
5.221367600000000,0,1,0x00,0x00,0x00,#000000
5.221395290000000,0,2,0x00,0x00,0x00,#000000
5.221422980000000,0,3,0x00,0x00,0x00,#000000
5.221450680000000,0,4,0x00,0x00,0x00,#000000
5.221478370000000,0,5,0x00,0x00,0x00,#000000
5.221506060000000,0,6,0x00,0x00,0x00,#000000
5.221533760000000,0,7,0x00,0x00,0x00,#000000
5.221561450000000,0,8,0x00,0x00,0x00,#000000
5.221589140000000,0,9,0x00,0x00,0x00,#000000
5.221616840000000,0,10,0x00,0x00,0x00,#000000
5.221644530000000,0,11,0x00,0x00,0x00,#000000
5.221672220000000,0,12,0x00,0x00,0x00,#000000
5.221699910000000,0,13,0x00,0x00,0x00,#000000
5.221727610000000,0,14,0x00,0x00,0x00,#000000
5.221755300000000,0,15,0x00,0x00,0x00,#000000
5.232235040000000,0,0,0x01,0x00,0x00,#010000
5.232262730000000,0,1,0x00,0x00,0x00,#000000
5.232290430000000,0,2,0x00,0x00,0x00,#000000
5.232318110000000,0,3,0x00,0x00,0x00,#000000
5.232345810000000,0,4,0x00,0x00,0x00,#000000
5.232373500000000,0,5,0x00,0x00,0x00,#000000
5.232401200000000,0,6,0x00,0x00,0x00,#000000
5.232428890000000,0,7,0x00,0x00,0x00,#000000
5.232456580000000,0,8,0x00,0x00,0x00,#000000
5.232484270000000,0,9,0x00,0x00,0x00,#000000
5.232511970000000,0,10,0x00,0x00,0x00,#000000
5.232539660000000,0,11,0x00,0x00,0x00,#000000
5.232567350000000,0,12,0x00,0x00,0x00,#000000
5.232595050000000,0,13,0x00,0x00,0x00,#000000
5.232622740000000,0,14,0x00,0x00,0x00,#000000
5.232650440000000,0,15,0x00,0x00,0x00,#000000
5.243344170000000,0,0,0x01,0x00,0x00,#010000
5.243371860000000,0,1,0x00,0x00,0x00,#000000
5.243399550000000,0,2,0x00,0x00,0x00,#000000
5.243427250000000,0,3,0x00,0x00,0x00,#000000
5.243454940000000,0,4,0x00,0x00,0x00,#000000
5.243482630000000,0,5,0x00,0x00,0x00,#000000
5.243510330000000,0,6,0x00,0x00,0x00,#000000
5.243538020000000,0,7,0x00,0x00,0x00,#000000
5.243565710000000,0,8,0x00,0x00,0x00,#000000
5.243593400000000,0,9,0x00,0x00,0x00,#000000
5.243621100000000,0,10,0x00,0x00,0x00,#000000
5.243648790000000,0,11,0x00,0x00,0x00,#000000
5.243676490000000,0,12,0x00,0x00,0x00,#000000
5.243704170000000,0,13,0x00,0x00,0x00,#000000
5.243731870000000,0,14,0x00,0x00,0x00,#000000
5.243759560000000,0,15,0x00,0x00,0x00,#000000
5.254335940000000,0,0,0x01,0x00,0x00,#010000
5.254363630000000,0,1,0x00,0x00,0x00,#000000
5.254391320000000,0,2,0x00,0x00,0x00,#000000
5.254419020000000,0,3,0x00,0x00,0x00,#000000
5.254446710000000,0,4,0x00,0x00,0x00,#000000
5.254474410000000,0,5,0x00,0x00,0x00,#000000
5.254502100000000,0,6,0x00,0x00,0x00,#000000
5.254529790000000,0,7,0x00,0x00,0x00,#000000
5.254557480000000,0,8,0x00,0x00,0x00,#000000
5.254585180000000,0,9,0x00,0x00,0x00,#000000
5.254612870000000,0,10,0x00,0x00,0x00,#000000
5.254640560000000,0,11,0x00,0x00,0x00,#000000
5.254668250000000,0,12,0x00,0x00,0x00,#000000
5.254695950000000,0,13,0x00,0x00,0x00,#000000
5.254723640000000,0,14,0x00,0x00,0x00,#000000
5.254751330000000,0,15,0x00,0x00,0x00,#000000
5.265235880000000,0,0,0x01,0x00,0x00,#010000
5.265263570000000,0,1,0x00,0x00,0x00,#000000
5.265291270000000,0,2,0x00,0x00,0x00,#000000
5.265318960000000,0,3,0x00,0x00,0x00,#000000
5.265346650000000,0,4,0x00,0x00,0x00,#000000
5.265374350000000,0,5,0x00,0x00,0x00,#000000
5.265402040000000,0,6,0x00,0x00,0x00,#000000
5.265429730000000,0,7,0x00,0x00,0x00,#000000
5.265457420000000,0,8,0x00,0x00,0x00,#000000
5.265485120000000,0,9,0x00,0x00,0x00,#000000
5.265512810000000,0,10,0x00,0x00,0x00,#000000
5.265540510000000,0,11,0x00,0x00,0x00,#000000
5.265568190000000,0,12,0x00,0x00,0x00,#000000
5.265595890000000,0,13,0x00,0x00,0x00,#000000
5.265623580000000,0,14,0x00,0x00,0x00,#000000
5.265651280000000,0,15,0x00,0x00,0x00,#000000
5.276345300000000,0,0,0x01,0x00,0x00,#010000
5.276372990000000,0,1,0x00,0x00,0x00,#000000
5.276400680000000,0,2,0x00,0x00,0x00,#000000
5.276428380000000,0,3,0x00,0x00,0x00,#000000
5.276456070000000,0,4,0x00,0x00,0x00,#000000
5.276483760000000,0,5,0x00,0x00,0x00,#000000
5.276511450000000,0,6,0x00,0x00,0x00,#000000
5.276539150000000,0,7,0x00,0x00,0x00,#000000
5.276566840000000,0,8,0x00,0x00,0x00,#000000
5.276594540000000,0,9,0x00,0x00,0x00,#000000
5.276622230000000,0,10,0x00,0x00,0x00,#000000
5.276649920000000,0,11,0x00,0x00,0x00,#000000
5.276677620000000,0,12,0x00,0x00,0x00,#000000
5.276705310000000,0,13,0x00,0x00,0x00,#000000
5.276733000000000,0,14,0x00,0x00,0x00,#000000
5.276760690000000,0,15,0x00,0x00,0x00,#000000
5.287342690000000,0,0,0x01,0x00,0x00,#010000
5.287370390000000,0,1,0x00,0x00,0x00,#000000
5.287398080000000,0,2,0x00,0x00,0x00,#000000
5.287425770000000,0,3,0x00,0x00,0x00,#000000
5.287453460000000,0,4,0x00,0x00,0x00,#000000
5.287481160000000,0,5,0x00,0x00,0x00,#000000
5.287508850000000,0,6,0x00,0x00,0x00,#000000
5.287536540000000,0,7,0x00,0x00,0x00,#000000
5.287564240000000,0,8,0x00,0x00,0x00,#000000
5.287591930000000,0,9,0x00,0x00,0x00,#000000
5.287619630000000,0,10,0x00,0x00,0x00,#000000
5.287647320000000,0,11,0x00,0x00,0x00,#000000
5.287675010000000,0,12,0x00,0x00,0x00,#000000
5.287702700000000,0,13,0x00,0x00,0x00,#000000
5.287730400000000,0,14,0x00,0x00,0x00,#000000
5.287758090000000,0,15,0x00,0x00,0x00,#000000
5.298236720000000,0,0,0x01,0x00,0x00,#010000
5.298264420000000,0,1,0x00,0x00,0x00,#000000
5.298292110000000,0,2,0x00,0x00,0x00,#000000
5.298319800000000,0,3,0x00,0x00,0x00,#000000
5.298347490000000,0,4,0x00,0x00,0x00,#000000
5.298375190000000,0,5,0x00,0x00,0x00,#000000
5.298402880000000,0,6,0x00,0x00,0x00,#000000
5.298430570000000,0,7,0x00,0x00,0x00,#000000
5.298458260000000,0,8,0x00,0x00,0x00,#000000
5.298485960000000,0,9,0x00,0x00,0x00,#000000
5.298513650000000,0,10,0x00,0x00,0x00,#000000
5.298541350000000,0,11,0x00,0x00,0x00,#000000
5.298569040000000,0,12,0x00,0x00,0x00,#000000
5.298596730000000,0,13,0x00,0x00,0x00,#000000
5.298624420000000,0,14,0x00,0x00,0x00,#000000
5.298652120000000,0,15,0x00,0x00,0x00,#000000
5.309348500000000,0,0,0x01,0x00,0x00,#010000
5.309376190000000,0,1,0x00,0x00,0x00,#000000
5.309403880000000,0,2,0x00,0x00,0x00,#000000
5.309431580000000,0,3,0x00,0x00,0x00,#000000
5.309459270000000,0,4,0x00,0x00,0x00,#000000
5.309486960000000,0,5,0x00,0x00,0x00,#000000
5.309514650000000,0,6,0x00,0x00,0x00,#000000
5.309542350000000,0,7,0x00,0x00,0x00,#000000
5.309570040000000,0,8,0x00,0x00,0x00,#000000
5.309597730000000,0,9,0x00,0x00,0x00,#000000
5.309625420000000,0,10,0x00,0x00,0x00,#000000
5.309653120000000,0,11,0x00,0x00,0x00,#000000
5.309680810000000,0,12,0x00,0x00,0x00,#000000
5.309708510000000,0,13,0x00,0x00,0x00,#000000
5.309736200000000,0,14,0x00,0x00,0x00,#000000
5.309763890000000,0,15,0x00,0x00,0x00,#000000
5.320332770000000,0,0,0x01,0x00,0x00,#010000
5.320360460000000,0,1,0x00,0x00,0x00,#000000
5.320388150000000,0,2,0x00,0x00,0x00,#000000
5.320415840000000,0,3,0x00,0x00,0x00,#000000
5.320443540000000,0,4,0x00,0x00,0x00,#000000
5.320471230000000,0,5,0x00,0x00,0x00,#000000
5.320498930000000,0,6,0x00,0x00,0x00,#000000
5.320526610000000,0,7,0x00,0x00,0x00,#000000
5.320554310000000,0,8,0x00,0x00,0x00,#000000
5.320582000000000,0,9,0x00,0x00,0x00,#000000
5.320609700000000,0,10,0x00,0x00,0x00,#000000
5.320637390000000,0,11,0x00,0x00,0x00,#000000
5.320665080000000,0,12,0x00,0x00,0x00,#000000
5.320692780000000,0,13,0x00,0x00,0x00,#000000
5.320720470000000,0,14,0x00,0x00,0x00,#000000
5.320748160000000,0,15,0x00,0x00,0x00,#000000
5.331237560000000,0,0,0x01,0x00,0x00,#010000
5.331265260000000,0,1,0x00,0x00,0x00,#000000
5.331292950000000,0,2,0x00,0x00,0x00,#000000
5.331320640000000,0,3,0x00,0x00,0x00,#000000
5.331348330000000,0,4,0x00,0x00,0x00,#000000
5.331376030000000,0,5,0x00,0x00,0x00,#000000
5.331403720000000,0,6,0x00,0x00,0x00,#000000
5.331431410000000,0,7,0x00,0x00,0x00,#000000
5.331459110000000,0,8,0x00,0x00,0x00,#000000
5.331486800000000,0,9,0x00,0x00,0x00,#000000
5.331514500000000,0,10,0x00,0x00,0x00,#000000
5.331542190000000,0,11,0x00,0x00,0x00,#000000
5.331569880000000,0,12,0x00,0x00,0x00,#000000
5.331597570000000,0,13,0x00,0x00,0x00,#000000
5.331625270000000,0,14,0x00,0x00,0x00,#000000
5.331652960000000,0,15,0x00,0x00,0x00,#000000
5.342341020000000,0,0,0x01,0x00,0x00,#010000
5.342368720000000,0,1,0x00,0x00,0x00,#000000
5.342396400000000,0,2,0x00,0x00,0x00,#000000
5.342424100000000,0,3,0x00,0x00,0x00,#000000
5.342451790000000,0,4,0x00,0x00,0x00,#000000
5.342479490000000,0,5,0x00,0x00,0x00,#000000
5.342507180000000,0,6,0x00,0x00,0x00,#000000
5.342534870000000,0,7,0x00,0x00,0x00,#000000
5.342562560000000,0,8,0x00,0x00,0x00,#000000
5.342590260000000,0,9,0x00,0x00,0x00,#000000
5.342617950000000,0,10,0x00,0x00,0x00,#000000
5.342645640000000,0,11,0x00,0x00,0x00,#000000
5.342673340000000,0,12,0x00,0x00,0x00,#000000
5.342701030000000,0,13,0x00,0x00,0x00,#000000
5.342728720000000,0,14,0x00,0x00,0x00,#000000
5.342756410000000,0,15,0x00,0x00,0x00,#000000
5.353338950000000,0,0,0x01,0x00,0x00,#010000
5.353366640000000,0,1,0x00,0x00,0x00,#000000
5.353394330000000,0,2,0x00,0x00,0x00,#000000
5.353422020000000,0,3,0x00,0x00,0x00,#000000
5.353449720000000,0,4,0x00,0x00,0x00,#000000
5.353477410000000,0,5,0x00,0x00,0x00,#000000
5.353505100000000,0,6,0x00,0x00,0x00,#000000
5.353532790000000,0,7,0x00,0x00,0x00,#000000
5.353560490000000,0,8,0x00,0x00,0x00,#000000
5.353588180000000,0,9,0x00,0x00,0x00,#000000
5.353615880000000,0,10,0x00,0x00,0x00,#000000
5.353643570000000,0,11,0x00,0x00,0x00,#000000
5.353671260000000,0,12,0x00,0x00,0x00,#000000
5.353698960000000,0,13,0x00,0x00,0x00,#000000
5.353726650000000,0,14,0x00,0x00,0x00,#000000
5.353754340000000,0,15,0x00,0x00,0x00,#000000
5.364238410000000,0,0,0x01,0x00,0x00,#010000
5.364266100000000,0,1,0x00,0x00,0x00,#000000
5.364293790000000,0,2,0x00,0x00,0x00,#000000
5.364321480000000,0,3,0x00,0x00,0x00,#000000
5.364349180000000,0,4,0x00,0x00,0x00,#000000
5.364376870000000,0,5,0x00,0x00,0x00,#000000
5.364404570000000,0,6,0x00,0x00,0x00,#000000
5.364432250000000,0,7,0x00,0x00,0x00,#000000
5.364459950000000,0,8,0x00,0x00,0x00,#000000
5.364487640000000,0,9,0x00,0x00,0x00,#000000
5.364515340000000,0,10,0x00,0x00,0x00,#000000
5.364543030000000,0,11,0x00,0x00,0x00,#000000
5.364570720000000,0,12,0x00,0x00,0x00,#000000
5.364598410000000,0,13,0x00,0x00,0x00,#000000
5.364626110000000,0,14,0x00,0x00,0x00,#000000
5.364653800000000,0,15,0x00,0x00,0x00,#000000
5.375337970000000,0,0,0x01,0x00,0x00,#010000
5.375365660000000,0,1,0x00,0x00,0x00,#000000
5.375393350000000,0,2,0x00,0x00,0x00,#000000
5.375421050000000,0,3,0x00,0x00,0x00,#000000
5.375448740000000,0,4,0x00,0x00,0x00,#000000
5.375476440000000,0,5,0x00,0x00,0x00,#000000
5.375504120000000,0,6,0x00,0x00,0x00,#000000
5.375531820000000,0,7,0x00,0x00,0x00,#000000
5.375559510000000,0,8,0x00,0x00,0x00,#000000
5.375587210000000,0,9,0x00,0x00,0x00,#000000
5.375614900000000,0,10,0x00,0x00,0x00,#000000
5.375642590000000,0,11,0x00,0x00,0x00,#000000
5.375670280000000,0,12,0x00,0x00,0x00,#000000
5.375697980000000,0,13,0x00,0x00,0x00,#000000
5.375725670000000,0,14,0x00,0x00,0x00,#000000
5.375753360000000,0,15,0x00,0x00,0x00,#000000
5.386690420000000,0,0,0x01,0x00,0x00,#010000
5.386718120000000,0,1,0x00,0x00,0x00,#000000
5.386745800000000,0,2,0x00,0x00,0x00,#000000
5.386773500000000,0,3,0x00,0x00,0x00,#000000
5.386801190000000,0,4,0x00,0x00,0x00,#000000
5.386828890000000,0,5,0x00,0x00,0x00,#000000
5.386856580000000,0,6,0x00,0x00,0x00,#000000
5.386884270000000,0,7,0x00,0x00,0x00,#000000
5.386911960000000,0,8,0x00,0x00,0x00,#000000
5.386939660000000,0,9,0x00,0x00,0x00,#000000
5.386967350000000,0,10,0x00,0x00,0x00,#000000
5.386995040000000,0,11,0x00,0x00,0x00,#000000
5.387022740000000,0,12,0x00,0x00,0x00,#000000
5.387050430000000,0,13,0x00,0x00,0x00,#000000
5.387078130000000,0,14,0x00,0x00,0x00,#000000
5.387105810000000,0,15,0x00,0x00,0x00,#000000
5.397302660000000,0,0,0x01,0x00,0x00,#010000
5.397330360000000,0,1,0x00,0x00,0x00,#000000
5.397358050000000,0,2,0x00,0x00,0x00,#000000
5.397385740000000,0,3,0x00,0x00,0x00,#000000
5.397413430000000,0,4,0x00,0x00,0x00,#000000
5.397441130000000,0,5,0x00,0x00,0x00,#000000
5.397468820000000,0,6,0x00,0x00,0x00,#000000
5.397496520000000,0,7,0x00,0x00,0x00,#000000
5.397524200000000,0,8,0x00,0x00,0x00,#000000
5.397551900000000,0,9,0x00,0x00,0x00,#000000
5.397579590000000,0,10,0x00,0x00,0x00,#000000
5.397607290000000,0,11,0x00,0x00,0x00,#000000
5.397634980000000,0,12,0x00,0x00,0x00,#000000
5.397662670000000,0,13,0x00,0x00,0x00,#000000
5.397690360000000,0,14,0x00,0x00,0x00,#000000
5.397718060000000,0,15,0x00,0x00,0x00,#000000
5.408353190000000,0,0,0x01,0x00,0x00,#010000
5.408380880000000,0,1,0x00,0x00,0x00,#000000
5.408408570000000,0,2,0x00,0x00,0x00,#000000
5.408436260000000,0,3,0x00,0x00,0x00,#000000
5.408463960000000,0,4,0x00,0x00,0x00,#000000
5.408491650000000,0,5,0x00,0x00,0x00,#000000
5.408519340000000,0,6,0x00,0x00,0x00,#000000
5.408547040000000,0,7,0x00,0x00,0x00,#000000
5.408574730000000,0,8,0x00,0x00,0x00,#000000
5.408602420000000,0,9,0x00,0x00,0x00,#000000
5.408630110000000,0,10,0x00,0x00,0x00,#000000
5.408657810000000,0,11,0x00,0x00,0x00,#000000
5.408685500000000,0,12,0x00,0x00,0x00,#000000
5.408713200000000,0,13,0x00,0x00,0x00,#000000
5.408740880000000,0,14,0x00,0x00,0x00,#000000
5.408768580000000,0,15,0x00,0x00,0x00,#000000
5.419334760000000,0,0,0x01,0x00,0x00,#010000
5.419362450000000,0,1,0x00,0x00,0x00,#000000
5.419390150000000,0,2,0x00,0x00,0x00,#000000
5.419417840000000,0,3,0x00,0x00,0x00,#000000
5.419445530000000,0,4,0x00,0x00,0x00,#000000
5.419473230000000,0,5,0x00,0x00,0x00,#000000
5.419500920000000,0,6,0x00,0x00,0x00,#000000
5.419528620000000,0,7,0x00,0x00,0x00,#000000
5.419556310000000,0,8,0x00,0x00,0x00,#000000
5.419584000000000,0,9,0x00,0x00,0x00,#000000
5.419611690000000,0,10,0x00,0x00,0x00,#000000
5.419639390000000,0,11,0x00,0x00,0x00,#000000
5.419667080000000,0,12,0x00,0x00,0x00,#000000
5.419694770000000,0,13,0x00,0x00,0x00,#000000
5.419722460000000,0,14,0x00,0x00,0x00,#000000
5.419750160000000,0,15,0x00,0x00,0x00,#000000
5.430240090000000,0,0,0x01,0x00,0x00,#010000
5.430267780000000,0,1,0x00,0x00,0x00,#000000
5.430295480000000,0,2,0x00,0x00,0x00,#000000
5.430323170000000,0,3,0x00,0x00,0x00,#000000
5.430350860000000,0,4,0x00,0x00,0x00,#000000
5.430378550000000,0,5,0x00,0x00,0x00,#000000
5.430406250000000,0,6,0x00,0x00,0x00,#000000
5.430433940000000,0,7,0x00,0x00,0x00,#000000
5.430461630000000,0,8,0x00,0x00,0x00,#000000
5.430489330000000,0,9,0x00,0x00,0x00,#000000
5.430517020000000,0,10,0x00,0x00,0x00,#000000
5.430544720000000,0,11,0x00,0x00,0x00,#000000
5.430572400000000,0,12,0x00,0x00,0x00,#000000
5.430600100000000,0,13,0x00,0x00,0x00,#000000
5.430627790000000,0,14,0x00,0x00,0x00,#000000
5.430655490000000,0,15,0x00,0x00,0x00,#000000
5.441379550000000,0,0,0x01,0x00,0x00,#010000
5.441407250000000,0,1,0x00,0x00,0x00,#000000
5.441434940000000,0,2,0x00,0x00,0x00,#000000
5.441462640000000,0,3,0x00,0x00,0x00,#000000
5.441490330000000,0,4,0x00,0x00,0x00,#000000
5.441518020000000,0,5,0x00,0x00,0x00,#000000
5.441545710000000,0,6,0x00,0x00,0x00,#000000
5.441573410000000,0,7,0x00,0x00,0x00,#000000
5.441601100000000,0,8,0x00,0x00,0x00,#000000
5.441628790000000,0,9,0x00,0x00,0x00,#000000
5.441656490000000,0,10,0x00,0x00,0x00,#000000
5.441684180000000,0,11,0x00,0x00,0x00,#000000
5.441711870000000,0,12,0x00,0x00,0x00,#000000
5.441739560000000,0,13,0x00,0x00,0x00,#000000
5.441767260000000,0,14,0x00,0x00,0x00,#000000
5.441794950000000,0,15,0x00,0x00,0x00,#000000
5.452337190000000,0,0,0x01,0x00,0x00,#010000
5.452364880000000,0,1,0x00,0x00,0x00,#000000
5.452392580000000,0,2,0x00,0x00,0x00,#000000
5.452420270000000,0,3,0x00,0x00,0x00,#000000
5.452447960000000,0,4,0x00,0x00,0x00,#000000
5.452475660000000,0,5,0x00,0x00,0x00,#000000
5.452503350000000,0,6,0x00,0x00,0x00,#000000
5.452531040000000,0,7,0x00,0x00,0x00,#000000
5.452558730000000,0,8,0x00,0x00,0x00,#000000
5.452586430000000,0,9,0x00,0x00,0x00,#000000
5.452614120000000,0,10,0x00,0x00,0x00,#000000
5.452641820000000,0,11,0x00,0x00,0x00,#000000
5.452669510000000,0,12,0x00,0x00,0x00,#000000
5.452697200000000,0,13,0x00,0x00,0x00,#000000
5.452724890000000,0,14,0x00,0x00,0x00,#000000
5.452752590000000,0,15,0x00,0x00,0x00,#000000
5.463240930000000,0,0,0x01,0x00,0x00,#010000
5.463268620000000,0,1,0x00,0x00,0x00,#000000
5.463296320000000,0,2,0x00,0x00,0x00,#000000
5.463324010000000,0,3,0x00,0x00,0x00,#000000
5.463351700000000,0,4,0x00,0x00,0x00,#000000
5.463379400000000,0,5,0x00,0x00,0x00,#000000
5.463407090000000,0,6,0x00,0x00,0x00,#000000
5.463434780000000,0,7,0x00,0x00,0x00,#000000
5.463462470000000,0,8,0x00,0x00,0x00,#000000
5.463490170000000,0,9,0x00,0x00,0x00,#000000
5.463517860000000,0,10,0x00,0x00,0x00,#000000
5.463545560000000,0,11,0x00,0x00,0x00,#000000
5.463573250000000,0,12,0x00,0x00,0x00,#000000
5.463600940000000,0,13,0x00,0x00,0x00,#000000
5.463628630000000,0,14,0x00,0x00,0x00,#000000
5.463656330000000,0,15,0x00,0x00,0x00,#000000
5.474339770000000,0,0,0x01,0x00,0x00,#010000
5.474367460000000,0,1,0x00,0x00,0x00,#000000
5.474395160000000,0,2,0x00,0x00,0x00,#000000
5.474422850000000,0,3,0x00,0x00,0x00,#000000
5.474450540000000,0,4,0x00,0x00,0x00,#000000
5.474478240000000,0,5,0x00,0x00,0x00,#000000
5.474505930000000,0,6,0x00,0x00,0x00,#000000
5.474533620000000,0,7,0x00,0x00,0x00,#000000
5.474561310000000,0,8,0x00,0x00,0x00,#000000
5.474589010000000,0,9,0x00,0x00,0x00,#000000
5.474616700000000,0,10,0x00,0x00,0x00,#000000
5.474644400000000,0,11,0x00,0x00,0x00,#000000
5.474672090000000,0,12,0x00,0x00,0x00,#000000
5.474699780000000,0,13,0x00,0x00,0x00,#000000
5.474727470000000,0,14,0x00,0x00,0x00,#000000
5.474755170000000,0,15,0x00,0x00,0x00,#000000
5.485350730000000,0,0,0x01,0x00,0x00,#010000
5.485378420000000,0,1,0x00,0x00,0x00,#000000
5.485406110000000,0,2,0x00,0x00,0x00,#000000
5.485433800000000,0,3,0x00,0x00,0x00,#000000
5.485461500000000,0,4,0x00,0x00,0x00,#000000
5.485489190000000,0,5,0x00,0x00,0x00,#000000
5.485516890000000,0,6,0x00,0x00,0x00,#000000
5.485544570000000,0,7,0x00,0x00,0x00,#000000
5.485572270000000,0,8,0x00,0x00,0x00,#000000
5.485599960000000,0,9,0x00,0x00,0x00,#000000
5.485627660000000,0,10,0x00,0x00,0x00,#000000
5.485655350000000,0,11,0x00,0x00,0x00,#000000
5.485683040000000,0,12,0x00,0x00,0x00,#000000
5.485710730000000,0,13,0x00,0x00,0x00,#000000
5.485738430000000,0,14,0x00,0x00,0x00,#000000
5.485766120000000,0,15,0x00,0x00,0x00,#000000
5.496254040000000,0,0,0x01,0x00,0x00,#010000
5.496281720000000,0,1,0x00,0x00,0x00,#000000
5.496309420000000,0,2,0x00,0x00,0x00,#000000
5.496337110000000,0,3,0x00,0x00,0x00,#000000
5.496364810000000,0,4,0x00,0x00,0x00,#000000
5.496392490000000,0,5,0x00,0x00,0x00,#000000
5.496420190000000,0,6,0x00,0x00,0x00,#000000
5.496447880000000,0,7,0x00,0x00,0x00,#000000
5.496475580000000,0,8,0x00,0x00,0x00,#000000
5.496503270000000,0,9,0x00,0x00,0x00,#000000
5.496530960000000,0,10,0x00,0x00,0x00,#000000
5.496558650000000,0,11,0x00,0x00,0x00,#000000
5.496586350000000,0,12,0x00,0x00,0x00,#000000
5.496614040000000,0,13,0x00,0x00,0x00,#000000
5.496641730000000,0,14,0x00,0x00,0x00,#000000
5.496669430000000,0,15,0x00,0x00,0x00,#000000
5.507340610000000,0,0,0x01,0x00,0x00,#010000
5.507368310000000,0,1,0x00,0x00,0x00,#000000
5.507396000000000,0,2,0x00,0x00,0x00,#000000
5.507423690000000,0,3,0x00,0x00,0x00,#000000
5.507451380000000,0,4,0x00,0x00,0x00,#000000
5.507479080000000,0,5,0x00,0x00,0x00,#000000
5.507506770000000,0,6,0x00,0x00,0x00,#000000
5.507534470000000,0,7,0x00,0x00,0x00,#000000
5.507562150000000,0,8,0x00,0x00,0x00,#000000
5.507589850000000,0,9,0x00,0x00,0x00,#000000
5.507617540000000,0,10,0x00,0x00,0x00,#000000
5.507645240000000,0,11,0x00,0x00,0x00,#000000
5.507672930000000,0,12,0x00,0x00,0x00,#000000
5.507700620000000,0,13,0x00,0x00,0x00,#000000
5.507728310000000,0,14,0x00,0x00,0x00,#000000
5.507756010000000,0,15,0x00,0x00,0x00,#000000
5.518346710000000,0,0,0x01,0x00,0x00,#010000
5.518374410000000,0,1,0x00,0x00,0x00,#000000
5.518402100000000,0,2,0x00,0x00,0x00,#000000
5.518429790000000,0,3,0x00,0x00,0x00,#000000
5.518457480000000,0,4,0x00,0x00,0x00,#000000
5.518485180000000,0,5,0x00,0x00,0x00,#000000
5.518512870000000,0,6,0x00,0x00,0x00,#000000
5.518540560000000,0,7,0x00,0x00,0x00,#000000
5.518568250000000,0,8,0x00,0x00,0x00,#000000
5.518595950000000,0,9,0x00,0x00,0x00,#000000
5.518623640000000,0,10,0x00,0x00,0x00,#000000
5.518651340000000,0,11,0x00,0x00,0x00,#000000
5.518679030000000,0,12,0x00,0x00,0x00,#000000
5.518706720000000,0,13,0x00,0x00,0x00,#000000
5.518734410000000,0,14,0x00,0x00,0x00,#000000
5.518762110000000,0,15,0x00,0x00,0x00,#000000
5.529242760000000,0,0,0x01,0x00,0x00,#010000
5.529270450000000,0,1,0x00,0x00,0x00,#000000
5.529298150000000,0,2,0x00,0x00,0x00,#000000
5.529325830000000,0,3,0x00,0x00,0x00,#000000
5.529353530000000,0,4,0x00,0x00,0x00,#000000
5.529381220000000,0,5,0x00,0x00,0x00,#000000
5.529408920000000,0,6,0x00,0x00,0x00,#000000
5.529436610000000,0,7,0x00,0x00,0x00,#000000
5.529464300000000,0,8,0x00,0x00,0x00,#000000
5.529492000000000,0,9,0x00,0x00,0x00,#000000
5.529519690000000,0,10,0x00,0x00,0x00,#000000
5.529547380000000,0,11,0x00,0x00,0x00,#000000
5.529575070000000,0,12,0x00,0x00,0x00,#000000
5.529602770000000,0,13,0x00,0x00,0x00,#000000
5.529630460000000,0,14,0x00,0x00,0x00,#000000
5.529658160000000,0,15,0x00,0x00,0x00,#000000
5.540346360000000,0,0,0x01,0x00,0x00,#010000
5.540374050000000,0,1,0x00,0x00,0x00,#000000
5.540401740000000,0,2,0x00,0x00,0x00,#000000
5.540429440000000,0,3,0x00,0x00,0x00,#000000
5.540457130000000,0,4,0x00,0x00,0x00,#000000
5.540484830000000,0,5,0x00,0x00,0x00,#000000
5.540512520000000,0,6,0x00,0x00,0x00,#000000
5.540540210000000,0,7,0x00,0x00,0x00,#000000
5.540567900000000,0,8,0x00,0x00,0x00,#000000
5.540595600000000,0,9,0x00,0x00,0x00,#000000
5.540623290000000,0,10,0x00,0x00,0x00,#000000
5.540650980000000,0,11,0x00,0x00,0x00,#000000
5.540678670000000,0,12,0x00,0x00,0x00,#000000
5.540706370000000,0,13,0x00,0x00,0x00,#000000
5.540734060000000,0,14,0x00,0x00,0x00,#000000
5.540761750000000,0,15,0x00,0x00,0x00,#000000
5.551333470000000,0,0,0x01,0x00,0x00,#010000
5.551361160000000,0,1,0x00,0x00,0x00,#000000
5.551388850000000,0,2,0x00,0x00,0x00,#000000
5.551416550000000,0,3,0x00,0x00,0x00,#000000
5.551444240000000,0,4,0x00,0x00,0x00,#000000
5.551471930000000,0,5,0x00,0x00,0x00,#000000
5.551499620000000,0,6,0x00,0x00,0x00,#000000
5.551527320000000,0,7,0x00,0x00,0x00,#000000
5.551555010000000,0,8,0x00,0x00,0x00,#000000
5.551582700000000,0,9,0x00,0x00,0x00,#000000
5.551610400000000,0,10,0x00,0x00,0x00,#000000
5.551638090000000,0,11,0x00,0x00,0x00,#000000
5.551665780000000,0,12,0x00,0x00,0x00,#000000
5.551693470000000,0,13,0x00,0x00,0x00,#000000
5.551721170000000,0,14,0x00,0x00,0x00,#000000
5.551748860000000,0,15,0x00,0x00,0x00,#000000
5.562243460000000,0,0,0x01,0x00,0x00,#010000
5.562271150000000,0,1,0x00,0x00,0x00,#000000
5.562298840000000,0,2,0x00,0x00,0x00,#000000
5.562326530000000,0,3,0x00,0x00,0x00,#000000
5.562354230000000,0,4,0x00,0x00,0x00,#000000
5.562381920000000,0,5,0x00,0x00,0x00,#000000
5.562409620000000,0,6,0x00,0x00,0x00,#000000
5.562437300000000,0,7,0x00,0x00,0x00,#000000
5.562465000000000,0,8,0x00,0x00,0x00,#000000
5.562492690000000,0,9,0x00,0x00,0x00,#000000
5.562520390000000,0,10,0x00,0x00,0x00,#000000
5.562548080000000,0,11,0x00,0x00,0x00,#000000
5.562575770000000,0,12,0x00,0x00,0x00,#000000
5.562603460000000,0,13,0x00,0x00,0x00,#000000
5.562631160000000,0,14,0x00,0x00,0x00,#000000
5.562658850000000,0,15,0x00,0x00,0x00,#000000
5.573347200000000,0,0,0x01,0x00,0x00,#010000
5.573374890000000,0,1,0x00,0x00,0x00,#000000
5.573402580000000,0,2,0x00,0x00,0x00,#000000
5.573430280000000,0,3,0x00,0x00,0x00,#000000
5.573457970000000,0,4,0x00,0x00,0x00,#000000
5.573485670000000,0,5,0x00,0x00,0x00,#000000
5.573513360000000,0,6,0x00,0x00,0x00,#000000
5.573541050000000,0,7,0x00,0x00,0x00,#000000
5.573568740000000,0,8,0x00,0x00,0x00,#000000
5.573596440000000,0,9,0x00,0x00,0x00,#000000
5.573624130000000,0,10,0x00,0x00,0x00,#000000
5.573651820000000,0,11,0x00,0x00,0x00,#000000
5.573679520000000,0,12,0x00,0x00,0x00,#000000
5.573707210000000,0,13,0x00,0x00,0x00,#000000
5.573734900000000,0,14,0x00,0x00,0x00,#000000
5.573762590000000,0,15,0x00,0x00,0x00,#000000
5.584354450000000,0,0,0x01,0x00,0x00,#010000
5.584382140000000,0,1,0x00,0x00,0x00,#000000
5.584409840000000,0,2,0x00,0x00,0x00,#000000
5.584437530000000,0,3,0x00,0x00,0x00,#000000
5.584465220000000,0,4,0x00,0x00,0x00,#000000
5.584492920000000,0,5,0x00,0x00,0x00,#000000
5.584520610000000,0,6,0x00,0x00,0x00,#000000
5.584548300000000,0,7,0x00,0x00,0x00,#000000
5.584575990000000,0,8,0x00,0x00,0x00,#000000
5.584603690000000,0,9,0x00,0x00,0x00,#000000
5.584631380000000,0,10,0x00,0x00,0x00,#000000
5.584659080000000,0,11,0x00,0x00,0x00,#000000
5.584686770000000,0,12,0x00,0x00,0x00,#000000
5.584714460000000,0,13,0x00,0x00,0x00,#000000
5.584742150000000,0,14,0x00,0x00,0x00,#000000
5.584769850000000,0,15,0x00,0x00,0x00,#000000
5.595244300000000,0,0,0x01,0x00,0x00,#010000
5.595271990000000,0,1,0x00,0x00,0x00,#000000
5.595299690000000,0,2,0x00,0x00,0x00,#000000
5.595327370000000,0,3,0x00,0x00,0x00,#000000
5.595355070000000,0,4,0x00,0x00,0x00,#000000
5.595382760000000,0,5,0x00,0x00,0x00,#000000
5.595410460000000,0,6,0x00,0x00,0x00,#000000
5.595438150000000,0,7,0x00,0x00,0x00,#000000
5.595465840000000,0,8,0x00,0x00,0x00,#000000
5.595493530000000,0,9,0x00,0x00,0x00,#000000
5.595521230000000,0,10,0x00,0x00,0x00,#000000
5.595548920000000,0,11,0x00,0x00,0x00,#000000
5.595576610000000,0,12,0x00,0x00,0x00,#000000
5.595604310000000,0,13,0x00,0x00,0x00,#000000
5.595632000000000,0,14,0x00,0x00,0x00,#000000
5.595659690000000,0,15,0x00,0x00,0x00,#000000
5.606362710000000,0,0,0x01,0x00,0x00,#010000
5.606390400000000,0,1,0x00,0x00,0x00,#000000
5.606418090000000,0,2,0x00,0x00,0x00,#000000
5.606445780000000,0,3,0x00,0x00,0x00,#000000
5.606473480000000,0,4,0x00,0x00,0x00,#000000
5.606501170000000,0,5,0x00,0x00,0x00,#000000
5.606528870000000,0,6,0x00,0x00,0x00,#000000
5.606556550000000,0,7,0x00,0x00,0x00,#000000
5.606584250000000,0,8,0x00,0x00,0x00,#000000
5.606611940000000,0,9,0x00,0x00,0x00,#000000
5.606639640000000,0,10,0x00,0x00,0x00,#000000
5.606667330000000,0,11,0x00,0x00,0x00,#000000
5.606695020000000,0,12,0x00,0x00,0x00,#000000
5.606722710000000,0,13,0x00,0x00,0x00,#000000
5.606750410000000,0,14,0x00,0x00,0x00,#000000
5.606778100000000,0,15,0x00,0x00,0x00,#000000
5.617344770000000,0,0,0x01,0x00,0x00,#010000
5.617372450000000,0,1,0x00,0x00,0x00,#000000
5.617400150000000,0,2,0x00,0x00,0x00,#000000
5.617427840000000,0,3,0x00,0x00,0x00,#000000
5.617455540000000,0,4,0x00,0x00,0x00,#000000
5.617483230000000,0,5,0x00,0x00,0x00,#000000
5.617510920000000,0,6,0x00,0x00,0x00,#000000
5.617538620000000,0,7,0x00,0x00,0x00,#000000
5.617566310000000,0,8,0x00,0x00,0x00,#000000
5.617594000000000,0,9,0x00,0x00,0x00,#000000
5.617621690000000,0,10,0x00,0x00,0x00,#000000
5.617649390000000,0,11,0x00,0x00,0x00,#000000
5.617677080000000,0,12,0x00,0x00,0x00,#000000
5.617704780000000,0,13,0x00,0x00,0x00,#000000
5.617732460000000,0,14,0x00,0x00,0x00,#000000
5.617760160000000,0,15,0x00,0x00,0x00,#000000
5.628245140000000,0,0,0x01,0x00,0x00,#010000
5.628272830000000,0,1,0x00,0x00,0x00,#000000
5.628300530000000,0,2,0x00,0x00,0x00,#000000
5.628328220000000,0,3,0x00,0x00,0x00,#000000
5.628355910000000,0,4,0x00,0x00,0x00,#000000
5.628383600000000,0,5,0x00,0x00,0x00,#000000
5.628411300000000,0,6,0x00,0x00,0x00,#000000
5.628438990000000,0,7,0x00,0x00,0x00,#000000
5.628466680000000,0,8,0x00,0x00,0x00,#000000
5.628494380000000,0,9,0x00,0x00,0x00,#000000
5.628522070000000,0,10,0x00,0x00,0x00,#000000
5.628549760000000,0,11,0x00,0x00,0x00,#000000
5.628577450000000,0,12,0x00,0x00,0x00,#000000
5.628605150000000,0,13,0x00,0x00,0x00,#000000
5.628632840000000,0,14,0x00,0x00,0x00,#000000
5.628660540000000,0,15,0x00,0x00,0x00,#000000
5.639941490000000,0,0,0x01,0x00,0x00,#010000
5.639969190000000,0,1,0x00,0x00,0x00,#000000
5.639996880000000,0,2,0x00,0x00,0x00,#000000
5.640024580000000,0,3,0x00,0x00,0x00,#000000
5.640052260000000,0,4,0x00,0x00,0x00,#000000
5.640079960000000,0,5,0x00,0x00,0x00,#000000
5.640107650000000,0,6,0x00,0x00,0x00,#000000
5.640135350000000,0,7,0x00,0x00,0x00,#000000
5.640163040000000,0,8,0x00,0x00,0x00,#000000
5.640190730000000,0,9,0x00,0x00,0x00,#000000
5.640218420000000,0,10,0x00,0x00,0x00,#000000
5.640246120000000,0,11,0x00,0x00,0x00,#000000
5.640273810000000,0,12,0x00,0x00,0x00,#000000
5.640301500000000,0,13,0x00,0x00,0x00,#000000
5.640329200000000,0,14,0x00,0x00,0x00,#000000
5.640356890000000,0,15,0x00,0x00,0x00,#000000
5.650354500000000,0,0,0x01,0x00,0x00,#010000
5.650382200000000,0,1,0x00,0x00,0x00,#000000
5.650409880000000,0,2,0x00,0x00,0x00,#000000
5.650437580000000,0,3,0x00,0x00,0x00,#000000
5.650465270000000,0,4,0x00,0x00,0x00,#000000
5.650492970000000,0,5,0x00,0x00,0x00,#000000
5.650520660000000,0,6,0x00,0x00,0x00,#000000
5.650548350000000,0,7,0x00,0x00,0x00,#000000
5.650576040000000,0,8,0x00,0x00,0x00,#000000
5.650603740000000,0,9,0x00,0x00,0x00,#000000
5.650631430000000,0,10,0x00,0x00,0x00,#000000
5.650659120000000,0,11,0x00,0x00,0x00,#000000
5.650686820000000,0,12,0x00,0x00,0x00,#000000
5.650714510000000,0,13,0x00,0x00,0x00,#000000
5.650742210000000,0,14,0x00,0x00,0x00,#000000
5.650769890000000,0,15,0x00,0x00,0x00,#000000
5.661286890000000,0,0,0x01,0x00,0x00,#010000
5.661314590000000,0,1,0x00,0x00,0x00,#000000
5.661342280000000,0,2,0x00,0x00,0x00,#000000
5.661369980000000,0,3,0x00,0x00,0x00,#000000
5.661397660000000,0,4,0x00,0x00,0x00,#000000
5.661425360000000,0,5,0x00,0x00,0x00,#000000
5.661453050000000,0,6,0x00,0x00,0x00,#000000
5.661480750000000,0,7,0x00,0x00,0x00,#000000
5.661508440000000,0,8,0x00,0x00,0x00,#000000
5.661536130000000,0,9,0x00,0x00,0x00,#000000
5.661563830000000,0,10,0x00,0x00,0x00,#000000
5.661591520000000,0,11,0x00,0x00,0x00,#000000
5.661619210000000,0,12,0x00,0x00,0x00,#000000
5.661646900000000,0,13,0x00,0x00,0x00,#000000
5.661674600000000,0,14,0x00,0x00,0x00,#000000
5.661702290000000,0,15,0x00,0x00,0x00,#000000
5.672356030000000,0,0,0x01,0x00,0x00,#010000
5.672383710000000,0,1,0x00,0x00,0x00,#000000
5.672411410000000,0,2,0x00,0x00,0x00,#000000
5.672439100000000,0,3,0x00,0x00,0x00,#000000
5.672466800000000,0,4,0x00,0x00,0x00,#000000
5.672494490000000,0,5,0x00,0x00,0x00,#000000
5.672522180000000,0,6,0x00,0x00,0x00,#000000
5.672549870000000,0,7,0x00,0x00,0x00,#000000
5.672577570000000,0,8,0x00,0x00,0x00,#000000
5.672605260000000,0,9,0x00,0x00,0x00,#000000
5.672632950000000,0,10,0x00,0x00,0x00,#000000
5.672660650000000,0,11,0x00,0x00,0x00,#000000
5.672688340000000,0,12,0x00,0x00,0x00,#000000
5.672716030000000,0,13,0x00,0x00,0x00,#000000
5.672743720000000,0,14,0x00,0x00,0x00,#000000
5.672771420000000,0,15,0x00,0x00,0x00,#000000
5.683339380000000,0,0,0x01,0x00,0x00,#010000
5.683367070000000,0,1,0x00,0x00,0x00,#000000
5.683394760000000,0,2,0x00,0x00,0x00,#000000
5.683422460000000,0,3,0x00,0x00,0x00,#000000
5.683450150000000,0,4,0x00,0x00,0x00,#000000
5.683477850000000,0,5,0x00,0x00,0x00,#000000
5.683505540000000,0,6,0x00,0x00,0x00,#000000
5.683533230000000,0,7,0x00,0x00,0x00,#000000
5.683560920000000,0,8,0x00,0x00,0x00,#000000
5.683588620000000,0,9,0x00,0x00,0x00,#000000
5.683616310000000,0,10,0x00,0x00,0x00,#000000
5.683644000000000,0,11,0x00,0x00,0x00,#000000
5.683671690000000,0,12,0x00,0x00,0x00,#000000
5.683699390000000,0,13,0x00,0x00,0x00,#000000
5.683727080000000,0,14,0x00,0x00,0x00,#000000
5.683754770000000,0,15,0x00,0x00,0x00,#000000
5.694246820000000,0,0,0x01,0x00,0x00,#010000
5.694274520000000,0,1,0x00,0x00,0x00,#000000
5.694302210000000,0,2,0x00,0x00,0x00,#000000
5.694329900000000,0,3,0x00,0x00,0x00,#000000
5.694357590000000,0,4,0x00,0x00,0x00,#000000
5.694385290000000,0,5,0x00,0x00,0x00,#000000
5.694412980000000,0,6,0x00,0x00,0x00,#000000
5.694440670000000,0,7,0x00,0x00,0x00,#000000
5.694468360000000,0,8,0x00,0x00,0x00,#000000
5.694496060000000,0,9,0x00,0x00,0x00,#000000
5.694523750000000,0,10,0x00,0x00,0x00,#000000
5.694551450000000,0,11,0x00,0x00,0x00,#000000
5.694579140000000,0,12,0x00,0x00,0x00,#000000
5.694606830000000,0,13,0x00,0x00,0x00,#000000
5.694634520000000,0,14,0x00,0x00,0x00,#000000
5.694662220000000,0,15,0x00,0x00,0x00,#000000
5.705357780000000,0,0,0x01,0x00,0x00,#010000
5.705385470000000,0,1,0x00,0x00,0x00,#000000
5.705413160000000,0,2,0x00,0x00,0x00,#000000
5.705440860000000,0,3,0x00,0x00,0x00,#000000
5.705468550000000,0,4,0x00,0x00,0x00,#000000
5.705496250000000,0,5,0x00,0x00,0x00,#000000
5.705523930000000,0,6,0x00,0x00,0x00,#000000
5.705551630000000,0,7,0x00,0x00,0x00,#000000
5.705579320000000,0,8,0x00,0x00,0x00,#000000
5.705607020000000,0,9,0x00,0x00,0x00,#000000
5.705634700000000,0,10,0x00,0x00,0x00,#000000
5.705662400000000,0,11,0x00,0x00,0x00,#000000
5.705690090000000,0,12,0x00,0x00,0x00,#000000
5.705717790000000,0,13,0x00,0x00,0x00,#000000
5.705745480000000,0,14,0x00,0x00,0x00,#000000
5.705773170000000,0,15,0x00,0x00,0x00,#000000
5.716339830000000,0,0,0x01,0x00,0x00,#010000
5.716367530000000,0,1,0x00,0x00,0x00,#000000
5.716395220000000,0,2,0x00,0x00,0x00,#000000
5.716422920000000,0,3,0x00,0x00,0x00,#000000
5.716450610000000,0,4,0x00,0x00,0x00,#000000
5.716478300000000,0,5,0x00,0x00,0x00,#000000
5.716505990000000,0,6,0x00,0x00,0x00,#000000
5.716533690000000,0,7,0x00,0x00,0x00,#000000
5.716561380000000,0,8,0x00,0x00,0x00,#000000
5.716589070000000,0,9,0x00,0x00,0x00,#000000
5.716616770000000,0,10,0x00,0x00,0x00,#000000
5.716644460000000,0,11,0x00,0x00,0x00,#000000
5.716672160000000,0,12,0x00,0x00,0x00,#000000
5.716699840000000,0,13,0x00,0x00,0x00,#000000
5.716727540000000,0,14,0x00,0x00,0x00,#000000
5.716755230000000,0,15,0x00,0x00,0x00,#000000
5.727247660000000,0,0,0x01,0x00,0x00,#010000
5.727275360000000,0,1,0x00,0x00,0x00,#000000
5.727303050000000,0,2,0x00,0x00,0x00,#000000
5.727330740000000,0,3,0x00,0x00,0x00,#000000
5.727358430000000,0,4,0x00,0x00,0x00,#000000
5.727386130000000,0,5,0x00,0x00,0x00,#000000
5.727413820000000,0,6,0x00,0x00,0x00,#000000
5.727441510000000,0,7,0x00,0x00,0x00,#000000
5.727469210000000,0,8,0x00,0x00,0x00,#000000
5.727496900000000,0,9,0x00,0x00,0x00,#000000
5.727524590000000,0,10,0x00,0x00,0x00,#000000
5.727552290000000,0,11,0x00,0x00,0x00,#000000
5.727579980000000,0,12,0x00,0x00,0x00,#000000
5.727607670000000,0,13,0x00,0x00,0x00,#000000
5.727635370000000,0,14,0x00,0x00,0x00,#000000
5.727663060000000,0,15,0x00,0x00,0x00,#000000
5.738356790000000,0,0,0x01,0x00,0x00,#010000
5.738384480000000,0,1,0x00,0x00,0x00,#000000
5.738412180000000,0,2,0x00,0x00,0x00,#000000
5.738439870000000,0,3,0x00,0x00,0x00,#000000
5.738467570000000,0,4,0x00,0x00,0x00,#000000
5.738495260000000,0,5,0x00,0x00,0x00,#000000
5.738522950000000,0,6,0x00,0x00,0x00,#000000
5.738550640000000,0,7,0x00,0x00,0x00,#000000
5.738578340000000,0,8,0x00,0x00,0x00,#000000
5.738606030000000,0,9,0x00,0x00,0x00,#000000
5.738633720000000,0,10,0x00,0x00,0x00,#000000
5.738661420000000,0,11,0x00,0x00,0x00,#000000
5.738689110000000,0,12,0x00,0x00,0x00,#000000
5.738716800000000,0,13,0x00,0x00,0x00,#000000
5.738744490000000,0,14,0x00,0x00,0x00,#000000
5.738772190000000,0,15,0x00,0x00,0x00,#000000
5.749342070000000,0,0,0x01,0x00,0x00,#010000
5.749369760000000,0,1,0x00,0x00,0x00,#000000
5.749397460000000,0,2,0x00,0x00,0x00,#000000
5.749425150000000,0,3,0x00,0x00,0x00,#000000
5.749452850000000,0,4,0x00,0x00,0x00,#000000
5.749480540000000,0,5,0x00,0x00,0x00,#000000
5.749508230000000,0,6,0x00,0x00,0x00,#000000
5.749535920000000,0,7,0x00,0x00,0x00,#000000
5.749563620000000,0,8,0x00,0x00,0x00,#000000
5.749591310000000,0,9,0x00,0x00,0x00,#000000
5.749619000000000,0,10,0x00,0x00,0x00,#000000
5.749646700000000,0,11,0x00,0x00,0x00,#000000
5.749674390000000,0,12,0x00,0x00,0x00,#000000
5.749702080000000,0,13,0x00,0x00,0x00,#000000
5.749729770000000,0,14,0x00,0x00,0x00,#000000
5.749757470000000,0,15,0x00,0x00,0x00,#000000
5.760248500000000,0,0,0x01,0x00,0x00,#010000
5.760276200000000,0,1,0x00,0x00,0x00,#000000
5.760303890000000,0,2,0x00,0x00,0x00,#000000
5.760331580000000,0,3,0x00,0x00,0x00,#000000
5.760359270000000,0,4,0x00,0x00,0x00,#000000
5.760386970000000,0,5,0x00,0x00,0x00,#000000
5.760414660000000,0,6,0x00,0x00,0x00,#000000
5.760442350000000,0,7,0x00,0x00,0x00,#000000
5.760470050000000,0,8,0x00,0x00,0x00,#000000
5.760497740000000,0,9,0x00,0x00,0x00,#000000
5.760525440000000,0,10,0x00,0x00,0x00,#000000
5.760553130000000,0,11,0x00,0x00,0x00,#000000
5.760580820000000,0,12,0x00,0x00,0x00,#000000
5.760608510000000,0,13,0x00,0x00,0x00,#000000
5.760636210000000,0,14,0x00,0x00,0x00,#000000
5.760663900000000,0,15,0x00,0x00,0x00,#000000
5.771355570000000,0,0,0x01,0x00,0x00,#010000
5.771383260000000,0,1,0x00,0x00,0x00,#000000
5.771410950000000,0,2,0x00,0x00,0x00,#000000
5.771438650000000,0,3,0x00,0x00,0x00,#000000
5.771466340000000,0,4,0x00,0x00,0x00,#000000
5.771494030000000,0,5,0x00,0x00,0x00,#000000
5.771521720000000,0,6,0x00,0x00,0x00,#000000
5.771549420000000,0,7,0x00,0x00,0x00,#000000
5.771577110000000,0,8,0x00,0x00,0x00,#000000
5.771604810000000,0,9,0x00,0x00,0x00,#000000
5.771632490000000,0,10,0x00,0x00,0x00,#000000
5.771660190000000,0,11,0x00,0x00,0x00,#000000
5.771687880000000,0,12,0x00,0x00,0x00,#000000
5.771715580000000,0,13,0x00,0x00,0x00,#000000
5.771743260000000,0,14,0x00,0x00,0x00,#000000
5.771770960000000,0,15,0x00,0x00,0x00,#000000
5.782351140000000,0,0,0x01,0x00,0x00,#010000
5.782378830000000,0,1,0x00,0x00,0x00,#000000
5.782406520000000,0,2,0x00,0x00,0x00,#000000
5.782434210000000,0,3,0x00,0x00,0x00,#000000
5.782461910000000,0,4,0x00,0x00,0x00,#000000
5.782489600000000,0,5,0x00,0x00,0x00,#000000
5.782517290000000,0,6,0x00,0x00,0x00,#000000
5.782544980000000,0,7,0x00,0x00,0x00,#000000
5.782572680000000,0,8,0x00,0x00,0x00,#000000
5.782600370000000,0,9,0x00,0x00,0x00,#000000
5.782628070000000,0,10,0x00,0x00,0x00,#000000
5.782655760000000,0,11,0x00,0x00,0x00,#000000
5.782683450000000,0,12,0x00,0x00,0x00,#000000
5.782711140000000,0,13,0x00,0x00,0x00,#000000
5.782738840000000,0,14,0x00,0x00,0x00,#000000
5.782766530000000,0,15,0x00,0x00,0x00,#000000
5.793249350000000,0,0,0x01,0x00,0x00,#010000
5.793277040000000,0,1,0x00,0x00,0x00,#000000
5.793304730000000,0,2,0x00,0x00,0x00,#000000
5.793332420000000,0,3,0x00,0x00,0x00,#000000
5.793360120000000,0,4,0x00,0x00,0x00,#000000
5.793387810000000,0,5,0x00,0x00,0x00,#000000
5.793415510000000,0,6,0x00,0x00,0x00,#000000
5.793443190000000,0,7,0x00,0x00,0x00,#000000
5.793470890000000,0,8,0x00,0x00,0x00,#000000
5.793498580000000,0,9,0x00,0x00,0x00,#000000
5.793526280000000,0,10,0x00,0x00,0x00,#000000
5.793553970000000,0,11,0x00,0x00,0x00,#000000
5.793581660000000,0,12,0x00,0x00,0x00,#000000
5.793609350000000,0,13,0x00,0x00,0x00,#000000
5.793637050000000,0,14,0x00,0x00,0x00,#000000
5.793664740000000,0,15,0x00,0x00,0x00,#000000
5.804362660000000,0,0,0x01,0x00,0x00,#010000
5.804390350000000,0,1,0x00,0x00,0x00,#000000
5.804418040000000,0,2,0x00,0x00,0x00,#000000
5.804445740000000,0,3,0x00,0x00,0x00,#000000
5.804473430000000,0,4,0x00,0x00,0x00,#000000
5.804501130000000,0,5,0x00,0x00,0x00,#000000
5.804528810000000,0,6,0x00,0x00,0x00,#000000
5.804556510000000,0,7,0x00,0x00,0x00,#000000
5.804584200000000,0,8,0x00,0x00,0x00,#000000
5.804611900000000,0,9,0x00,0x00,0x00,#000000
5.804639580000000,0,10,0x00,0x00,0x00,#000000
5.804667280000000,0,11,0x00,0x00,0x00,#000000
5.804694970000000,0,12,0x00,0x00,0x00,#000000
5.804722670000000,0,13,0x00,0x00,0x00,#000000
5.804750360000000,0,14,0x00,0x00,0x00,#000000
5.804778050000000,0,15,0x00,0x00,0x00,#000000
5.815347220000000,0,0,0x01,0x00,0x00,#010000
5.815374910000000,0,1,0x00,0x00,0x00,#000000
5.815402600000000,0,2,0x00,0x00,0x00,#000000
5.815430300000000,0,3,0x00,0x00,0x00,#000000
5.815457990000000,0,4,0x00,0x00,0x00,#000000
5.815485680000000,0,5,0x00,0x00,0x00,#000000
5.815513370000000,0,6,0x00,0x00,0x00,#000000
5.815541070000000,0,7,0x00,0x00,0x00,#000000
5.815568760000000,0,8,0x00,0x00,0x00,#000000
5.815596450000000,0,9,0x00,0x00,0x00,#000000
5.815624150000000,0,10,0x00,0x00,0x00,#000000
5.815651840000000,0,11,0x00,0x00,0x00,#000000
5.815679540000000,0,12,0x00,0x00,0x00,#000000
5.815707220000000,0,13,0x00,0x00,0x00,#000000
5.815734920000000,0,14,0x00,0x00,0x00,#000000
5.815762610000000,0,15,0x00,0x00,0x00,#000000
5.826250190000000,0,0,0x01,0x00,0x00,#010000
5.826277880000000,0,1,0x00,0x00,0x00,#000000
5.826305570000000,0,2,0x00,0x00,0x00,#000000
5.826333260000000,0,3,0x00,0x00,0x00,#000000
5.826360960000000,0,4,0x00,0x00,0x00,#000000
5.826388650000000,0,5,0x00,0x00,0x00,#000000
5.826416350000000,0,6,0x00,0x00,0x00,#000000
5.826444030000000,0,7,0x00,0x00,0x00,#000000
5.826471730000000,0,8,0x00,0x00,0x00,#000000
5.826499420000000,0,9,0x00,0x00,0x00,#000000
5.826527120000000,0,10,0x00,0x00,0x00,#000000
5.826554810000000,0,11,0x00,0x00,0x00,#000000
5.826582500000000,0,12,0x00,0x00,0x00,#000000
5.826610200000000,0,13,0x00,0x00,0x00,#000000
5.826637890000000,0,14,0x00,0x00,0x00,#000000
5.826665580000000,0,15,0x00,0x00,0x00,#000000
5.837359360000000,0,0,0x01,0x00,0x00,#010000
5.837387060000000,0,1,0x00,0x00,0x00,#000000
5.837414750000000,0,2,0x00,0x00,0x00,#000000
5.837442440000000,0,3,0x00,0x00,0x00,#000000
5.837470130000000,0,4,0x00,0x00,0x00,#000000
5.837497830000000,0,5,0x00,0x00,0x00,#000000
5.837525520000000,0,6,0x00,0x00,0x00,#000000
5.837553220000000,0,7,0x00,0x00,0x00,#000000
5.837580910000000,0,8,0x00,0x00,0x00,#000000
5.837608600000000,0,9,0x00,0x00,0x00,#000000
5.837636300000000,0,10,0x00,0x00,0x00,#000000
5.837663990000000,0,11,0x00,0x00,0x00,#000000
5.837691680000000,0,12,0x00,0x00,0x00,#000000
5.837719370000000,0,13,0x00,0x00,0x00,#000000
5.837747070000000,0,14,0x00,0x00,0x00,#000000
5.837774760000000,0,15,0x00,0x00,0x00,#000000
5.848354120000000,0,0,0x01,0x00,0x00,#010000
5.848381810000000,0,1,0x00,0x00,0x00,#000000
5.848409500000000,0,2,0x00,0x00,0x00,#000000
5.848437200000000,0,3,0x00,0x00,0x00,#000000
5.848464890000000,0,4,0x00,0x00,0x00,#000000
5.848492580000000,0,5,0x00,0x00,0x00,#000000
5.848520270000000,0,6,0x00,0x00,0x00,#000000
5.848547970000000,0,7,0x00,0x00,0x00,#000000
5.848575660000000,0,8,0x00,0x00,0x00,#000000
5.848603350000000,0,9,0x00,0x00,0x00,#000000
5.848631040000000,0,10,0x00,0x00,0x00,#000000
5.848658740000000,0,11,0x00,0x00,0x00,#000000
5.848686430000000,0,12,0x00,0x00,0x00,#000000
5.848714130000000,0,13,0x00,0x00,0x00,#000000
5.848741820000000,0,14,0x00,0x00,0x00,#000000
5.848769510000000,0,15,0x00,0x00,0x00,#000000
5.859251120000000,0,0,0x01,0x00,0x00,#010000
5.859278820000000,0,1,0x00,0x00,0x00,#000000
5.859306510000000,0,2,0x00,0x00,0x00,#000000
5.859334200000000,0,3,0x00,0x00,0x00,#000000
5.859361900000000,0,4,0x00,0x00,0x00,#000000
5.859389590000000,0,5,0x00,0x00,0x00,#000000
5.859417280000000,0,6,0x00,0x00,0x00,#000000
5.859444980000000,0,7,0x00,0x00,0x00,#000000
5.859472670000000,0,8,0x00,0x00,0x00,#000000
5.859500360000000,0,9,0x00,0x00,0x00,#000000
5.859528050000000,0,10,0x00,0x00,0x00,#000000
5.859555750000000,0,11,0x00,0x00,0x00,#000000
5.859583440000000,0,12,0x00,0x00,0x00,#000000
5.859611130000000,0,13,0x00,0x00,0x00,#000000
5.859638820000000,0,14,0x00,0x00,0x00,#000000
5.859666520000000,0,15,0x00,0x00,0x00,#000000
5.870359390000000,0,0,0x01,0x00,0x00,#010000
5.870387080000000,0,1,0x00,0x00,0x00,#000000
5.870414770000000,0,2,0x00,0x00,0x00,#000000
5.870442470000000,0,3,0x00,0x00,0x00,#000000
5.870470160000000,0,4,0x00,0x00,0x00,#000000
5.870497850000000,0,5,0x00,0x00,0x00,#000000
5.870525550000000,0,6,0x00,0x00,0x00,#000000
5.870553240000000,0,7,0x00,0x00,0x00,#000000
5.870580930000000,0,8,0x00,0x00,0x00,#000000
5.870608620000000,0,9,0x00,0x00,0x00,#000000
5.870636320000000,0,10,0x00,0x00,0x00,#000000
5.870664010000000,0,11,0x00,0x00,0x00,#000000
5.870691710000000,0,12,0x00,0x00,0x00,#000000
5.870719390000000,0,13,0x00,0x00,0x00,#000000
5.870747090000000,0,14,0x00,0x00,0x00,#000000
5.870774780000000,0,15,0x00,0x00,0x00,#000000
5.881346450000000,0,0,0x01,0x00,0x00,#010000
5.881374140000000,0,1,0x00,0x00,0x00,#000000
5.881401830000000,0,2,0x00,0x00,0x00,#000000
5.881429520000000,0,3,0x00,0x00,0x00,#000000
5.881457220000000,0,4,0x00,0x00,0x00,#000000
5.881484910000000,0,5,0x00,0x00,0x00,#000000
5.881512610000000,0,6,0x00,0x00,0x00,#000000
5.881540290000000,0,7,0x00,0x00,0x00,#000000
5.881567990000000,0,8,0x00,0x00,0x00,#000000
5.881595680000000,0,9,0x00,0x00,0x00,#000000
5.881623380000000,0,10,0x00,0x00,0x00,#000000
5.881651070000000,0,11,0x00,0x00,0x00,#000000
5.881678760000000,0,12,0x00,0x00,0x00,#000000
5.881706460000000,0,13,0x00,0x00,0x00,#000000
5.881734150000000,0,14,0x00,0x00,0x00,#000000
5.881761840000000,0,15,0x00,0x00,0x00,#000000
5.892252540000000,0,0,0x01,0x00,0x00,#010000
5.892280240000000,0,1,0x00,0x00,0x00,#000000
5.892307930000000,0,2,0x00,0x00,0x00,#000000
5.892335620000000,0,3,0x00,0x00,0x00,#000000
5.892363310000000,0,4,0x00,0x00,0x00,#000000
5.892391010000000,0,5,0x00,0x00,0x00,#000000
5.892418700000000,0,6,0x00,0x00,0x00,#000000
5.892446390000000,0,7,0x00,0x00,0x00,#000000
5.892474090000000,0,8,0x00,0x00,0x00,#000000
5.892501780000000,0,9,0x00,0x00,0x00,#000000
5.892529470000000,0,10,0x00,0x00,0x00,#000000
5.892557160000000,0,11,0x00,0x00,0x00,#000000
5.892584860000000,0,12,0x00,0x00,0x00,#000000
5.892612550000000,0,13,0x00,0x00,0x00,#000000
5.892640250000000,0,14,0x00,0x00,0x00,#000000
5.892667930000000,0,15,0x00,0x00,0x00,#000000
5.903364800000000,0,0,0x01,0x00,0x00,#010000
5.903392490000000,0,1,0x00,0x00,0x00,#000000
5.903420180000000,0,2,0x00,0x00,0x00,#000000
5.903447870000000,0,3,0x00,0x00,0x00,#000000
5.903475570000000,0,4,0x00,0x00,0x00,#000000
5.903503260000000,0,5,0x00,0x00,0x00,#000000
5.903530960000000,0,6,0x00,0x00,0x00,#000000
5.903558650000000,0,7,0x00,0x00,0x00,#000000
5.903586340000000,0,8,0x00,0x00,0x00,#000000
5.903614030000000,0,9,0x00,0x00,0x00,#000000
5.903641730000000,0,10,0x00,0x00,0x00,#000000
5.903669420000000,0,11,0x00,0x00,0x00,#000000
5.903697110000000,0,12,0x00,0x00,0x00,#000000
5.903724800000000,0,13,0x00,0x00,0x00,#000000
5.903752500000000,0,14,0x00,0x00,0x00,#000000
5.903780190000000,0,15,0x00,0x00,0x00,#000000
5.914351520000000,0,0,0x01,0x00,0x00,#010000
5.914379210000000,0,1,0x00,0x00,0x00,#000000
5.914406900000000,0,2,0x00,0x00,0x00,#000000
5.914434600000000,0,3,0x00,0x00,0x00,#000000
5.914462290000000,0,4,0x00,0x00,0x00,#000000
5.914489990000000,0,5,0x00,0x00,0x00,#000000
5.914517680000000,0,6,0x00,0x00,0x00,#000000
5.914545370000000,0,7,0x00,0x00,0x00,#000000
5.914573060000000,0,8,0x00,0x00,0x00,#000000
5.914600760000000,0,9,0x00,0x00,0x00,#000000
5.914628450000000,0,10,0x00,0x00,0x00,#000000
5.914656140000000,0,11,0x00,0x00,0x00,#000000
5.914683830000000,0,12,0x00,0x00,0x00,#000000
5.914711530000000,0,13,0x00,0x00,0x00,#000000
5.914739220000000,0,14,0x00,0x00,0x00,#000000
5.914766910000000,0,15,0x00,0x00,0x00,#000000
5.925252710000000,0,0,0x01,0x00,0x00,#010000
5.925280400000000,0,1,0x00,0x00,0x00,#000000
5.925308100000000,0,2,0x00,0x00,0x00,#000000
5.925335790000000,0,3,0x00,0x00,0x00,#000000
5.925363480000000,0,4,0x00,0x00,0x00,#000000
5.925391180000000,0,5,0x00,0x00,0x00,#000000
5.925418870000000,0,6,0x00,0x00,0x00,#000000
5.925446560000000,0,7,0x00,0x00,0x00,#000000
5.925474250000000,0,8,0x00,0x00,0x00,#000000
5.925501950000000,0,9,0x00,0x00,0x00,#000000
5.925529640000000,0,10,0x00,0x00,0x00,#000000
5.925557340000000,0,11,0x00,0x00,0x00,#000000
5.925585020000000,0,12,0x00,0x00,0x00,#000000
5.925612720000000,0,13,0x00,0x00,0x00,#000000
5.925640410000000,0,14,0x00,0x00,0x00,#000000
5.925668110000000,0,15,0x00,0x00,0x00,#000000
5.936405930000000,0,0,0x01,0x00,0x00,#010000
5.936433620000000,0,1,0x00,0x00,0x00,#000000
5.936461310000000,0,2,0x00,0x00,0x00,#000000
5.936489010000000,0,3,0x00,0x00,0x00,#000000
5.936516700000000,0,4,0x00,0x00,0x00,#000000
5.936544390000000,0,5,0x00,0x00,0x00,#000000
5.936572080000000,0,6,0x00,0x00,0x00,#000000
5.936599780000000,0,7,0x00,0x00,0x00,#000000
5.936627470000000,0,8,0x00,0x00,0x00,#000000
5.936655160000000,0,9,0x00,0x00,0x00,#000000
5.936682860000000,0,10,0x00,0x00,0x00,#000000
5.936710550000000,0,11,0x00,0x00,0x00,#000000
5.936738250000000,0,12,0x00,0x00,0x00,#000000
5.936765930000000,0,13,0x00,0x00,0x00,#000000
5.936793630000000,0,14,0x00,0x00,0x00,#000000
5.936821320000000,0,15,0x00,0x00,0x00,#000000
5.947351830000000,0,0,0x01,0x00,0x00,#010000
5.947379520000000,0,1,0x00,0x00,0x00,#000000
5.947407220000000,0,2,0x00,0x00,0x00,#000000
5.947434910000000,0,3,0x00,0x00,0x00,#000000
5.947462600000000,0,4,0x00,0x00,0x00,#000000
5.947490300000000,0,5,0x00,0x00,0x00,#000000
5.947517990000000,0,6,0x00,0x00,0x00,#000000
5.947545680000000,0,7,0x00,0x00,0x00,#000000
5.947573370000000,0,8,0x00,0x00,0x00,#000000
5.947601070000000,0,9,0x00,0x00,0x00,#000000
5.947628760000000,0,10,0x00,0x00,0x00,#000000
5.947656450000000,0,11,0x00,0x00,0x00,#000000
5.947684150000000,0,12,0x00,0x00,0x00,#000000
5.947711840000000,0,13,0x00,0x00,0x00,#000000
5.947739530000000,0,14,0x00,0x00,0x00,#000000
5.947767230000000,0,15,0x00,0x00,0x00,#000000
5.958253550000000,0,0,0x01,0x00,0x00,#010000
5.958281240000000,0,1,0x00,0x00,0x00,#000000
5.958308940000000,0,2,0x00,0x00,0x00,#000000
5.958336630000000,0,3,0x00,0x00,0x00,#000000
5.958364320000000,0,4,0x00,0x00,0x00,#000000
5.958392020000000,0,5,0x00,0x00,0x00,#000000
5.958419710000000,0,6,0x00,0x00,0x00,#000000
5.958447400000000,0,7,0x00,0x00,0x00,#000000
5.958475090000000,0,8,0x00,0x00,0x00,#000000
5.958502790000000,0,9,0x00,0x00,0x00,#000000
5.958530480000000,0,10,0x00,0x00,0x00,#000000
5.958558180000000,0,11,0x00,0x00,0x00,#000000
5.958585860000000,0,12,0x00,0x00,0x00,#000000
5.958613560000000,0,13,0x00,0x00,0x00,#000000
5.958641250000000,0,14,0x00,0x00,0x00,#000000
5.958668950000000,0,15,0x00,0x00,0x00,#000000
5.969358350000000,0,0,0x01,0x00,0x00,#010000
5.969386050000000,0,1,0x00,0x00,0x00,#000000
5.969413740000000,0,2,0x00,0x00,0x00,#000000
5.969441430000000,0,3,0x00,0x00,0x00,#000000
5.969469120000000,0,4,0x00,0x00,0x00,#000000
5.969496820000000,0,5,0x00,0x00,0x00,#000000
5.969524510000000,0,6,0x00,0x00,0x00,#000000
5.969552210000000,0,7,0x00,0x00,0x00,#000000
5.969579890000000,0,8,0x00,0x00,0x00,#000000
5.969607590000000,0,9,0x00,0x00,0x00,#000000
5.969635280000000,0,10,0x00,0x00,0x00,#000000
5.969662980000000,0,11,0x00,0x00,0x00,#000000
5.969690670000000,0,12,0x00,0x00,0x00,#000000
5.969718360000000,0,13,0x00,0x00,0x00,#000000
5.969746060000000,0,14,0x00,0x00,0x00,#000000
5.969773750000000,0,15,0x00,0x00,0x00,#000000
5.980356470000000,0,0,0x01,0x00,0x00,#010000
5.980384160000000,0,1,0x00,0x00,0x00,#000000
5.980411860000000,0,2,0x00,0x00,0x00,#000000
5.980439550000000,0,3,0x00,0x00,0x00,#000000
5.980467240000000,0,4,0x00,0x00,0x00,#000000
5.980494940000000,0,5,0x00,0x00,0x00,#000000
5.980522630000000,0,6,0x00,0x00,0x00,#000000
5.980550320000000,0,7,0x00,0x00,0x00,#000000
5.980578010000000,0,8,0x00,0x00,0x00,#000000
5.980605710000000,0,9,0x00,0x00,0x00,#000000
5.980633400000000,0,10,0x00,0x00,0x00,#000000
5.980661090000000,0,11,0x00,0x00,0x00,#000000
5.980688780000000,0,12,0x00,0x00,0x00,#000000
5.980716480000000,0,13,0x00,0x00,0x00,#000000
5.980744170000000,0,14,0x00,0x00,0x00,#000000
5.980771870000000,0,15,0x00,0x00,0x00,#000000
5.991267800000000,0,0,0x01,0x00,0x00,#010000
5.991295500000000,0,1,0x00,0x00,0x00,#000000
5.991323190000000,0,2,0x00,0x00,0x00,#000000
5.991350890000000,0,3,0x00,0x00,0x00,#000000
5.991378580000000,0,4,0x00,0x00,0x00,#000000
5.991406270000000,0,5,0x00,0x00,0x00,#000000
5.991433960000000,0,6,0x00,0x00,0x00,#000000
5.991461660000000,0,7,0x00,0x00,0x00,#000000
5.991489350000000,0,8,0x00,0x00,0x00,#000000
5.991517040000000,0,9,0x00,0x00,0x00,#000000
5.991544740000000,0,10,0x00,0x00,0x00,#000000
5.991572430000000,0,11,0x00,0x00,0x00,#000000
5.991600120000000,0,12,0x00,0x00,0x00,#000000
5.991627810000000,0,13,0x00,0x00,0x00,#000000
5.991655510000000,0,14,0x00,0x00,0x00,#000000
5.991683200000000,0,15,0x00,0x00,0x00,#000000
6.002367030000000,0,0,0x01,0x00,0x00,#010000
6.002394720000000,0,1,0x00,0x00,0x00,#000000
6.002422420000000,0,2,0x00,0x00,0x00,#000000
6.002450110000000,0,3,0x00,0x00,0x00,#000000
6.002477800000000,0,4,0x00,0x00,0x00,#000000
6.002505500000000,0,5,0x00,0x00,0x00,#000000
6.002533190000000,0,6,0x00,0x00,0x00,#000000
6.002560880000000,0,7,0x00,0x00,0x00,#000000
6.002588570000000,0,8,0x00,0x00,0x00,#000000
6.002616270000000,0,9,0x00,0x00,0x00,#000000
6.002643960000000,0,10,0x00,0x00,0x00,#000000
6.002671650000000,0,11,0x00,0x00,0x00,#000000
6.002699350000000,0,12,0x00,0x00,0x00,#000000
6.002727040000000,0,13,0x00,0x00,0x00,#000000
6.002754730000000,0,14,0x00,0x00,0x00,#000000
6.002782430000000,0,15,0x00,0x00,0x00,#000000
6.013353560000000,0,0,0x01,0x00,0x00,#010000
6.013381250000000,0,1,0x00,0x00,0x00,#000000
6.013408950000000,0,2,0x00,0x00,0x00,#000000
6.013436640000000,0,3,0x00,0x00,0x00,#000000
6.013464330000000,0,4,0x00,0x00,0x00,#000000
6.013492030000000,0,5,0x00,0x00,0x00,#000000
6.013519720000000,0,6,0x00,0x00,0x00,#000000
6.013547410000000,0,7,0x00,0x00,0x00,#000000
6.013575100000000,0,8,0x00,0x00,0x00,#000000
6.013602800000000,0,9,0x00,0x00,0x00,#000000
6.013630490000000,0,10,0x00,0x00,0x00,#000000
6.013658180000000,0,11,0x00,0x00,0x00,#000000
6.013685880000000,0,12,0x00,0x00,0x00,#000000
6.013713570000000,0,13,0x00,0x00,0x00,#000000
6.013741260000000,0,14,0x00,0x00,0x00,#000000
6.013768960000000,0,15,0x00,0x00,0x00,#000000
6.024255230000000,0,0,0x01,0x00,0x00,#010000
6.024282930000000,0,1,0x00,0x00,0x00,#000000
6.024310620000000,0,2,0x00,0x00,0x00,#000000
6.024338310000000,0,3,0x00,0x00,0x00,#000000
6.024366000000000,0,4,0x00,0x00,0x00,#000000
6.024393700000000,0,5,0x00,0x00,0x00,#000000
6.024421390000000,0,6,0x00,0x00,0x00,#000000
6.024449080000000,0,7,0x00,0x00,0x00,#000000
6.024476780000000,0,8,0x00,0x00,0x00,#000000
6.024504470000000,0,9,0x00,0x00,0x00,#000000
6.024532160000000,0,10,0x00,0x00,0x00,#000000
6.024559860000000,0,11,0x00,0x00,0x00,#000000
6.024587550000000,0,12,0x00,0x00,0x00,#000000
6.024615240000000,0,13,0x00,0x00,0x00,#000000
6.024642940000000,0,14,0x00,0x00,0x00,#000000
6.024670630000000,0,15,0x00,0x00,0x00,#000000
6.035403160000000,0,0,0x01,0x00,0x00,#010000
6.035430850000000,0,1,0x00,0x00,0x00,#000000
6.035458550000000,0,2,0x00,0x00,0x00,#000000
6.035486240000000,0,3,0x00,0x00,0x00,#000000
6.035513930000000,0,4,0x00,0x00,0x00,#000000
6.035541630000000,0,5,0x00,0x00,0x00,#000000
6.035569320000000,0,6,0x00,0x00,0x00,#000000
6.035597010000000,0,7,0x00,0x00,0x00,#000000
6.035624700000000,0,8,0x00,0x00,0x00,#000000
6.035652400000000,0,9,0x00,0x00,0x00,#000000
6.035680090000000,0,10,0x00,0x00,0x00,#000000
6.035707790000000,0,11,0x00,0x00,0x00,#000000
6.035735470000000,0,12,0x00,0x00,0x00,#000000
6.035763170000000,0,13,0x00,0x00,0x00,#000000
6.035790860000000,0,14,0x00,0x00,0x00,#000000
6.035818560000000,0,15,0x00,0x00,0x00,#000000
6.046355120000000,0,0,0x01,0x00,0x00,#010000
6.046382810000000,0,1,0x00,0x00,0x00,#000000
6.046410510000000,0,2,0x00,0x00,0x00,#000000
6.046438200000000,0,3,0x00,0x00,0x00,#000000
6.046465890000000,0,4,0x00,0x00,0x00,#000000
6.046493590000000,0,5,0x00,0x00,0x00,#000000
6.046521280000000,0,6,0x00,0x00,0x00,#000000
6.046548970000000,0,7,0x00,0x00,0x00,#000000
6.046576670000000,0,8,0x00,0x00,0x00,#000000
6.046604360000000,0,9,0x00,0x00,0x00,#000000
6.046632050000000,0,10,0x00,0x00,0x00,#000000
6.046659750000000,0,11,0x00,0x00,0x00,#000000
6.046687440000000,0,12,0x00,0x00,0x00,#000000
6.046715130000000,0,13,0x00,0x00,0x00,#000000
6.046742820000000,0,14,0x00,0x00,0x00,#000000
6.046770520000000,0,15,0x00,0x00,0x00,#000000
6.057323630000000,0,0,0x01,0x00,0x00,#010000
6.057351320000000,0,1,0x00,0x00,0x00,#000000
6.057379010000000,0,2,0x00,0x00,0x00,#000000
6.057406700000000,0,3,0x00,0x00,0x00,#000000
6.057434400000000,0,4,0x00,0x00,0x00,#000000
6.057462090000000,0,5,0x00,0x00,0x00,#000000
6.057489780000000,0,6,0x00,0x00,0x00,#000000
6.057517470000000,0,7,0x00,0x00,0x00,#000000
6.057545170000000,0,8,0x00,0x00,0x00,#000000
6.057572860000000,0,9,0x00,0x00,0x00,#000000
6.057600550000000,0,10,0x00,0x00,0x00,#000000
6.057628240000000,0,11,0x00,0x00,0x00,#000000
6.057655940000000,0,12,0x00,0x00,0x00,#000000
6.057683630000000,0,13,0x00,0x00,0x00,#000000
6.057711330000000,0,14,0x00,0x00,0x00,#000000
6.057739020000000,0,15,0x00,0x00,0x00,#000000
6.068363860000000,0,0,0x01,0x00,0x00,#010000
6.068391550000000,0,1,0x00,0x00,0x00,#000000
6.068419240000000,0,2,0x00,0x00,0x00,#000000
6.068446930000000,0,3,0x00,0x00,0x00,#000000
6.068474630000000,0,4,0x00,0x00,0x00,#000000
6.068502320000000,0,5,0x00,0x00,0x00,#000000
6.068530020000000,0,6,0x00,0x00,0x00,#000000
6.068557700000000,0,7,0x00,0x00,0x00,#000000
6.068585400000000,0,8,0x00,0x00,0x00,#000000
6.068613090000000,0,9,0x00,0x00,0x00,#000000
6.068640790000000,0,10,0x00,0x00,0x00,#000000
6.068668480000000,0,11,0x00,0x00,0x00,#000000
6.068696170000000,0,12,0x00,0x00,0x00,#000000
6.068723860000000,0,13,0x00,0x00,0x00,#000000
6.068751560000000,0,14,0x00,0x00,0x00,#000000
6.068779250000000,0,15,0x00,0x00,0x00,#000000
6.079353460000000,0,0,0x01,0x00,0x00,#010000
6.079381150000000,0,1,0x00,0x00,0x00,#000000
6.079408850000000,0,2,0x00,0x00,0x00,#000000
6.079436540000000,0,3,0x00,0x00,0x00,#000000
6.079464230000000,0,4,0x00,0x00,0x00,#000000
6.079491930000000,0,5,0x00,0x00,0x00,#000000
6.079519620000000,0,6,0x00,0x00,0x00,#000000
6.079547320000000,0,7,0x00,0x00,0x00,#000000
6.079575010000000,0,8,0x00,0x00,0x00,#000000
6.079602700000000,0,9,0x00,0x00,0x00,#000000
6.079630390000000,0,10,0x00,0x00,0x00,#000000
6.079658090000000,0,11,0x00,0x00,0x00,#000000
6.079685780000000,0,12,0x00,0x00,0x00,#000000
6.079713470000000,0,13,0x00,0x00,0x00,#000000
6.079741160000000,0,14,0x00,0x00,0x00,#000000
6.079768860000000,0,15,0x00,0x00,0x00,#000000
6.090257060000000,0,0,0x01,0x00,0x00,#010000
6.090284750000000,0,1,0x00,0x00,0x00,#000000
6.090312450000000,0,2,0x00,0x00,0x00,#000000
6.090340130000000,0,3,0x00,0x00,0x00,#000000
6.090367830000000,0,4,0x00,0x00,0x00,#000000
6.090395520000000,0,5,0x00,0x00,0x00,#000000
6.090423220000000,0,6,0x00,0x00,0x00,#000000
6.090450910000000,0,7,0x00,0x00,0x00,#000000
6.090478600000000,0,8,0x00,0x00,0x00,#000000
6.090506290000000,0,9,0x00,0x00,0x00,#000000
6.090533990000000,0,10,0x00,0x00,0x00,#000000
6.090561680000000,0,11,0x00,0x00,0x00,#000000
6.090589370000000,0,12,0x00,0x00,0x00,#000000
6.090617070000000,0,13,0x00,0x00,0x00,#000000
6.090644760000000,0,14,0x00,0x00,0x00,#000000
6.090672460000000,0,15,0x00,0x00,0x00,#000000
6.101360610000000,0,0,0x01,0x00,0x00,#010000
6.101388300000000,0,1,0x00,0x00,0x00,#000000
6.101416000000000,0,2,0x00,0x00,0x00,#000000
6.101443690000000,0,3,0x00,0x00,0x00,#000000
6.101471380000000,0,4,0x00,0x00,0x00,#000000
6.101499070000000,0,5,0x00,0x00,0x00,#000000
6.101526770000000,0,6,0x00,0x00,0x00,#000000
6.101554460000000,0,7,0x00,0x00,0x00,#000000
6.101582150000000,0,8,0x00,0x00,0x00,#000000
6.101609850000000,0,9,0x00,0x00,0x00,#000000
6.101637540000000,0,10,0x00,0x00,0x00,#000000
6.101665240000000,0,11,0x00,0x00,0x00,#000000
6.101692920000000,0,12,0x00,0x00,0x00,#000000
6.101720620000000,0,13,0x00,0x00,0x00,#000000
6.101748310000000,0,14,0x00,0x00,0x00,#000000
6.101776010000000,0,15,0x00,0x00,0x00,#000000
6.112349300000000,0,0,0x01,0x00,0x00,#010000
6.112377000000000,0,1,0x00,0x00,0x00,#000000
6.112404690000000,0,2,0x00,0x00,0x00,#000000
6.112432380000000,0,3,0x00,0x00,0x00,#000000
6.112460070000000,0,4,0x00,0x00,0x00,#000000
6.112487770000000,0,5,0x00,0x00,0x00,#000000
6.112515460000000,0,6,0x00,0x00,0x00,#000000
6.112543160000000,0,7,0x00,0x00,0x00,#000000
6.112570850000000,0,8,0x00,0x00,0x00,#000000
6.112598540000000,0,9,0x00,0x00,0x00,#000000
6.112626230000000,0,10,0x00,0x00,0x00,#000000
6.112653930000000,0,11,0x00,0x00,0x00,#000000
6.112681620000000,0,12,0x00,0x00,0x00,#000000
6.112709310000000,0,13,0x00,0x00,0x00,#000000
6.112737000000000,0,14,0x00,0x00,0x00,#000000
6.112764700000000,0,15,0x00,0x00,0x00,#000000
6.123257750000000,0,0,0x01,0x00,0x00,#010000
6.123285450000000,0,1,0x00,0x00,0x00,#000000
6.123313140000000,0,2,0x00,0x00,0x00,#000000
6.123340830000000,0,3,0x00,0x00,0x00,#000000
6.123368530000000,0,4,0x00,0x00,0x00,#000000
6.123396220000000,0,5,0x00,0x00,0x00,#000000
6.123423910000000,0,6,0x00,0x00,0x00,#000000
6.123451600000000,0,7,0x00,0x00,0x00,#000000
6.123479300000000,0,8,0x00,0x00,0x00,#000000
6.123506990000000,0,9,0x00,0x00,0x00,#000000
6.123534690000000,0,10,0x00,0x00,0x00,#000000
6.123562380000000,0,11,0x00,0x00,0x00,#000000
6.123590070000000,0,12,0x00,0x00,0x00,#000000
6.123617760000000,0,13,0x00,0x00,0x00,#000000
6.123645460000000,0,14,0x00,0x00,0x00,#000000
6.123673150000000,0,15,0x00,0x00,0x00,#000000
6.134359000000000,0,0,0x01,0x00,0x00,#010000
6.134386690000000,0,1,0x00,0x00,0x00,#000000
6.134414380000000,0,2,0x00,0x00,0x00,#000000
6.134442080000000,0,3,0x00,0x00,0x00,#000000
6.134469770000000,0,4,0x00,0x00,0x00,#000000
6.134497470000000,0,5,0x00,0x00,0x00,#000000
6.134525160000000,0,6,0x00,0x00,0x00,#000000
6.134552850000000,0,7,0x00,0x00,0x00,#000000
6.134580540000000,0,8,0x00,0x00,0x00,#000000
6.134608240000000,0,9,0x00,0x00,0x00,#000000
6.134635930000000,0,10,0x00,0x00,0x00,#000000
6.134663620000000,0,11,0x00,0x00,0x00,#000000
6.134691310000000,0,12,0x00,0x00,0x00,#000000
6.134719010000000,0,13,0x00,0x00,0x00,#000000
6.134746700000000,0,14,0x00,0x00,0x00,#000000
6.134774390000000,0,15,0x00,0x00,0x00,#000000
6.145357940000000,0,0,0x01,0x00,0x00,#010000
6.145385620000000,0,1,0x00,0x00,0x00,#000000
6.145413320000000,0,2,0x00,0x00,0x00,#000000
6.145441010000000,0,3,0x00,0x00,0x00,#000000
6.145468710000000,0,4,0x00,0x00,0x00,#000000
6.145496400000000,0,5,0x00,0x00,0x00,#000000
6.145524090000000,0,6,0x00,0x00,0x00,#000000
6.145551780000000,0,7,0x00,0x00,0x00,#000000
6.145579480000000,0,8,0x00,0x00,0x00,#000000
6.145607170000000,0,9,0x00,0x00,0x00,#000000
6.145634860000000,0,10,0x00,0x00,0x00,#000000
6.145662560000000,0,11,0x00,0x00,0x00,#000000
6.145690250000000,0,12,0x00,0x00,0x00,#000000
6.145717940000000,0,13,0x00,0x00,0x00,#000000
6.145745630000000,0,14,0x00,0x00,0x00,#000000
6.145773330000000,0,15,0x00,0x00,0x00,#000000
6.156258600000000,0,0,0x01,0x00,0x00,#010000
6.156286290000000,0,1,0x00,0x00,0x00,#000000
6.156313980000000,0,2,0x00,0x00,0x00,#000000
6.156341670000000,0,3,0x00,0x00,0x00,#000000
6.156369370000000,0,4,0x00,0x00,0x00,#000000
6.156397060000000,0,5,0x00,0x00,0x00,#000000
6.156424760000000,0,6,0x00,0x00,0x00,#000000
6.156452440000000,0,7,0x00,0x00,0x00,#000000
6.156480140000000,0,8,0x00,0x00,0x00,#000000
6.156507830000000,0,9,0x00,0x00,0x00,#000000
6.156535530000000,0,10,0x00,0x00,0x00,#000000
6.156563220000000,0,11,0x00,0x00,0x00,#000000
6.156590910000000,0,12,0x00,0x00,0x00,#000000
6.156618600000000,0,13,0x00,0x00,0x00,#000000
6.156646300000000,0,14,0x00,0x00,0x00,#000000
6.156673990000000,0,15,0x00,0x00,0x00,#000000
6.167357720000000,0,0,0x01,0x00,0x00,#010000
6.167385420000000,0,1,0x00,0x00,0x00,#000000
6.167413110000000,0,2,0x00,0x00,0x00,#000000
6.167440800000000,0,3,0x00,0x00,0x00,#000000
6.167468500000000,0,4,0x00,0x00,0x00,#000000
6.167496190000000,0,5,0x00,0x00,0x00,#000000
6.167523880000000,0,6,0x00,0x00,0x00,#000000
6.167551580000000,0,7,0x00,0x00,0x00,#000000
6.167579270000000,0,8,0x00,0x00,0x00,#000000
6.167606960000000,0,9,0x00,0x00,0x00,#000000
6.167634650000000,0,10,0x00,0x00,0x00,#000000
6.167662350000000,0,11,0x00,0x00,0x00,#000000
6.167690040000000,0,12,0x00,0x00,0x00,#000000
6.167717730000000,0,13,0x00,0x00,0x00,#000000
6.167745430000000,0,14,0x00,0x00,0x00,#000000
6.167773120000000,0,15,0x00,0x00,0x00,#000000
6.178356850000000,0,0,0x01,0x00,0x00,#010000
6.178384550000000,0,1,0x00,0x00,0x00,#000000
6.178412230000000,0,2,0x00,0x00,0x00,#000000
6.178439930000000,0,3,0x00,0x00,0x00,#000000
6.178467620000000,0,4,0x00,0x00,0x00,#000000
6.178495320000000,0,5,0x00,0x00,0x00,#000000
6.178523010000000,0,6,0x00,0x00,0x00,#000000
6.178550700000000,0,7,0x00,0x00,0x00,#000000
6.178578390000000,0,8,0x00,0x00,0x00,#000000
6.178606090000000,0,9,0x00,0x00,0x00,#000000
6.178633780000000,0,10,0x00,0x00,0x00,#000000
6.178661470000000,0,11,0x00,0x00,0x00,#000000
6.178689170000000,0,12,0x00,0x00,0x00,#000000
6.178716860000000,0,13,0x00,0x00,0x00,#000000
6.178744560000000,0,14,0x00,0x00,0x00,#000000
6.178772240000000,0,15,0x00,0x00,0x00,#000000
6.189259580000000,0,0,0x01,0x00,0x00,#010000
6.189287270000000,0,1,0x00,0x00,0x00,#000000
6.189314970000000,0,2,0x00,0x00,0x00,#000000
6.189342660000000,0,3,0x00,0x00,0x00,#000000
6.189370350000000,0,4,0x00,0x00,0x00,#000000
6.189398050000000,0,5,0x00,0x00,0x00,#000000
6.189425740000000,0,6,0x00,0x00,0x00,#000000
6.189453430000000,0,7,0x00,0x00,0x00,#000000
6.189481120000000,0,8,0x00,0x00,0x00,#000000
6.189508820000000,0,9,0x00,0x00,0x00,#000000
6.189536510000000,0,10,0x00,0x00,0x00,#000000
6.189564210000000,0,11,0x00,0x00,0x00,#000000
6.189591890000000,0,12,0x00,0x00,0x00,#000000
6.189619590000000,0,13,0x00,0x00,0x00,#000000
6.189647280000000,0,14,0x00,0x00,0x00,#000000
6.189674980000000,0,15,0x00,0x00,0x00,#000000
6.201280610000000,0,0,0x01,0x00,0x00,#010000
6.201308300000000,0,1,0x00,0x00,0x00,#000000
6.201335990000000,0,2,0x00,0x00,0x00,#000000
6.201363690000000,0,3,0x00,0x00,0x00,#000000
6.201391380000000,0,4,0x00,0x00,0x00,#000000
6.201419070000000,0,5,0x00,0x00,0x00,#000000
6.201446760000000,0,6,0x00,0x00,0x00,#000000
6.201474460000000,0,7,0x00,0x00,0x00,#000000
6.201502150000000,0,8,0x00,0x00,0x00,#000000
6.201529840000000,0,9,0x00,0x00,0x00,#000000
6.201557540000000,0,10,0x00,0x00,0x00,#000000
6.201585230000000,0,11,0x00,0x00,0x00,#000000
6.201612930000000,0,12,0x00,0x00,0x00,#000000
6.201640620000000,0,13,0x00,0x00,0x00,#000000
6.201668310000000,0,14,0x00,0x00,0x00,#000000
6.201696000000000,0,15,0x00,0x00,0x00,#000000
6.211357980000000,0,0,0x01,0x00,0x00,#010000
6.211385670000000,0,1,0x00,0x00,0x00,#000000
6.211413370000000,0,2,0x00,0x00,0x00,#000000
6.211441060000000,0,3,0x00,0x00,0x00,#000000
6.211468750000000,0,4,0x00,0x00,0x00,#000000
6.211496450000000,0,5,0x00,0x00,0x00,#000000
6.211524140000000,0,6,0x00,0x00,0x00,#000000
6.211551830000000,0,7,0x00,0x00,0x00,#000000
6.211579520000000,0,8,0x00,0x00,0x00,#000000
6.211607220000000,0,9,0x00,0x00,0x00,#000000
6.211634910000000,0,10,0x00,0x00,0x00,#000000
6.211662600000000,0,11,0x00,0x00,0x00,#000000
6.211690290000000,0,12,0x00,0x00,0x00,#000000
6.211717990000000,0,13,0x00,0x00,0x00,#000000
6.211745680000000,0,14,0x00,0x00,0x00,#000000
6.211773380000000,0,15,0x00,0x00,0x00,#000000
6.222260280000000,0,0,0x01,0x00,0x00,#010000
6.222287970000000,0,1,0x00,0x00,0x00,#000000
6.222315660000000,0,2,0x00,0x00,0x00,#000000
6.222343350000000,0,3,0x00,0x00,0x00,#000000
6.222371050000000,0,4,0x00,0x00,0x00,#000000
6.222398740000000,0,5,0x00,0x00,0x00,#000000
6.222426440000000,0,6,0x00,0x00,0x00,#000000
6.222454120000000,0,7,0x00,0x00,0x00,#000000
6.222481820000000,0,8,0x00,0x00,0x00,#000000
6.222509510000000,0,9,0x00,0x00,0x00,#000000
6.222537210000000,0,10,0x00,0x00,0x00,#000000
6.222564900000000,0,11,0x00,0x00,0x00,#000000
6.222592590000000,0,12,0x00,0x00,0x00,#000000
6.222620290000000,0,13,0x00,0x00,0x00,#000000
6.222647980000000,0,14,0x00,0x00,0x00,#000000
6.222675670000000,0,15,0x00,0x00,0x00,#000000
6.233484940000000,0,0,0x01,0x00,0x00,#010000
6.233512630000000,0,1,0x00,0x00,0x00,#000000
6.233540330000000,0,2,0x00,0x00,0x00,#000000
6.233568010000000,0,3,0x00,0x00,0x00,#000000
6.233595710000000,0,4,0x00,0x00,0x00,#000000
6.233623400000000,0,5,0x00,0x00,0x00,#000000
6.233651100000000,0,6,0x00,0x00,0x00,#000000
6.233678790000000,0,7,0x00,0x00,0x00,#000000
6.233706480000000,0,8,0x00,0x00,0x00,#000000
6.233734170000000,0,9,0x00,0x00,0x00,#000000
6.233761870000000,0,10,0x00,0x00,0x00,#000000
6.233789560000000,0,11,0x00,0x00,0x00,#000000
6.233817250000000,0,12,0x00,0x00,0x00,#000000
6.233844950000000,0,13,0x00,0x00,0x00,#000000
6.233872640000000,0,14,0x00,0x00,0x00,#000000
6.233900340000000,0,15,0x00,0x00,0x00,#000000
6.244355750000000,0,0,0x01,0x00,0x00,#010000
6.244383430000000,0,1,0x00,0x00,0x00,#000000
6.244411130000000,0,2,0x00,0x00,0x00,#000000
6.244438820000000,0,3,0x00,0x00,0x00,#000000
6.244466520000000,0,4,0x00,0x00,0x00,#000000
6.244494210000000,0,5,0x00,0x00,0x00,#000000
6.244521900000000,0,6,0x00,0x00,0x00,#000000
6.244549590000000,0,7,0x00,0x00,0x00,#000000
6.244577290000000,0,8,0x00,0x00,0x00,#000000
6.244604980000000,0,9,0x00,0x00,0x00,#000000
6.244632670000000,0,10,0x00,0x00,0x00,#000000
6.244660360000000,0,11,0x00,0x00,0x00,#000000
6.244688060000000,0,12,0x00,0x00,0x00,#000000
6.244715750000000,0,13,0x00,0x00,0x00,#000000
6.244743440000000,0,14,0x00,0x00,0x00,#000000
6.244771140000000,0,15,0x00,0x00,0x00,#000000
6.255261120000000,0,0,0x01,0x00,0x00,#010000
6.255288810000000,0,1,0x00,0x00,0x00,#000000
6.255316510000000,0,2,0x00,0x00,0x00,#000000
6.255344190000000,0,3,0x00,0x00,0x00,#000000
6.255371890000000,0,4,0x00,0x00,0x00,#000000
6.255399580000000,0,5,0x00,0x00,0x00,#000000
6.255427280000000,0,6,0x00,0x00,0x00,#000000
6.255454970000000,0,7,0x00,0x00,0x00,#000000
6.255482660000000,0,8,0x00,0x00,0x00,#000000
6.255510350000000,0,9,0x00,0x00,0x00,#000000
6.255538050000000,0,10,0x00,0x00,0x00,#000000
6.255565740000000,0,11,0x00,0x00,0x00,#000000
6.255593430000000,0,12,0x00,0x00,0x00,#000000
6.255621130000000,0,13,0x00,0x00,0x00,#000000
6.255648820000000,0,14,0x00,0x00,0x00,#000000
6.255676510000000,0,15,0x00,0x00,0x00,#000000
6.266362360000000,0,0,0x01,0x00,0x00,#010000
6.266390060000000,0,1,0x00,0x00,0x00,#000000
6.266417740000000,0,2,0x00,0x00,0x00,#000000
6.266445440000000,0,3,0x00,0x00,0x00,#000000
6.266473130000000,0,4,0x00,0x00,0x00,#000000
6.266500830000000,0,5,0x00,0x00,0x00,#000000
6.266528520000000,0,6,0x00,0x00,0x00,#000000
6.266556210000000,0,7,0x00,0x00,0x00,#000000
6.266583900000000,0,8,0x00,0x00,0x00,#000000
6.266611600000000,0,9,0x00,0x00,0x00,#000000
6.266639290000000,0,10,0x00,0x00,0x00,#000000
6.266666980000000,0,11,0x00,0x00,0x00,#000000
6.266694680000000,0,12,0x00,0x00,0x00,#000000
6.266722370000000,0,13,0x00,0x00,0x00,#000000
6.266750070000000,0,14,0x00,0x00,0x00,#000000
6.266777750000000,0,15,0x00,0x00,0x00,#000000
6.277359130000000,0,0,0x01,0x00,0x00,#010000
6.277386820000000,0,1,0x00,0x00,0x00,#000000
6.277414520000000,0,2,0x00,0x00,0x00,#000000
6.277442210000000,0,3,0x00,0x00,0x00,#000000
6.277469900000000,0,4,0x00,0x00,0x00,#000000
6.277497600000000,0,5,0x00,0x00,0x00,#000000
6.277525290000000,0,6,0x00,0x00,0x00,#000000
6.277552980000000,0,7,0x00,0x00,0x00,#000000
6.277580680000000,0,8,0x00,0x00,0x00,#000000
6.277608370000000,0,9,0x00,0x00,0x00,#000000
6.277636060000000,0,10,0x00,0x00,0x00,#000000
6.277663760000000,0,11,0x00,0x00,0x00,#000000
6.277691450000000,0,12,0x00,0x00,0x00,#000000
6.277719140000000,0,13,0x00,0x00,0x00,#000000
6.277746830000000,0,14,0x00,0x00,0x00,#000000
6.277774530000000,0,15,0x00,0x00,0x00,#000000
6.288261960000000,0,0,0x01,0x00,0x00,#010000
6.288289650000000,0,1,0x00,0x00,0x00,#000000
6.288317350000000,0,2,0x00,0x00,0x00,#000000
6.288345030000000,0,3,0x00,0x00,0x00,#000000
6.288372730000000,0,4,0x00,0x00,0x00,#000000
6.288400420000000,0,5,0x00,0x00,0x00,#000000
6.288428120000000,0,6,0x00,0x00,0x00,#000000
6.288455810000000,0,7,0x00,0x00,0x00,#000000
6.288483500000000,0,8,0x00,0x00,0x00,#000000
6.288511190000000,0,9,0x00,0x00,0x00,#000000
6.288538890000000,0,10,0x00,0x00,0x00,#000000
6.288566580000000,0,11,0x00,0x00,0x00,#000000
6.288594270000000,0,12,0x00,0x00,0x00,#000000
6.288621970000000,0,13,0x00,0x00,0x00,#000000
6.288649660000000,0,14,0x00,0x00,0x00,#000000
6.288677360000000,0,15,0x00,0x00,0x00,#000000
6.299375850000000,0,0,0x01,0x00,0x00,#010000
6.299403540000000,0,1,0x00,0x00,0x00,#000000
6.299431240000000,0,2,0x00,0x00,0x00,#000000
6.299458920000000,0,3,0x00,0x00,0x00,#000000
6.299486620000000,0,4,0x00,0x00,0x00,#000000
6.299514310000000,0,5,0x00,0x00,0x00,#000000
6.299542010000000,0,6,0x00,0x00,0x00,#000000
6.299569690000000,0,7,0x00,0x00,0x00,#000000
6.299597390000000,0,8,0x00,0x00,0x00,#000000
6.299625080000000,0,9,0x00,0x00,0x00,#000000
6.299652780000000,0,10,0x00,0x00,0x00,#000000
6.299680470000000,0,11,0x00,0x00,0x00,#000000
6.299708160000000,0,12,0x00,0x00,0x00,#000000
6.299735860000000,0,13,0x00,0x00,0x00,#000000
6.299763550000000,0,14,0x00,0x00,0x00,#000000
6.299791240000000,0,15,0x00,0x00,0x00,#000000
6.310365930000000,0,0,0x01,0x00,0x00,#010000
6.310393630000000,0,1,0x00,0x00,0x00,#000000
6.310421320000000,0,2,0x00,0x00,0x00,#000000
6.310449020000000,0,3,0x00,0x00,0x00,#000000
6.310476700000000,0,4,0x00,0x00,0x00,#000000
6.310504400000000,0,5,0x00,0x00,0x00,#000000
6.310532090000000,0,6,0x00,0x00,0x00,#000000
6.310559790000000,0,7,0x00,0x00,0x00,#000000
6.310587480000000,0,8,0x00,0x00,0x00,#000000
6.310615170000000,0,9,0x00,0x00,0x00,#000000
6.310642860000000,0,10,0x00,0x00,0x00,#000000
6.310670560000000,0,11,0x00,0x00,0x00,#000000
6.310698250000000,0,12,0x00,0x00,0x00,#000000
6.310725940000000,0,13,0x00,0x00,0x00,#000000
6.310753640000000,0,14,0x00,0x00,0x00,#000000
6.310781330000000,0,15,0x00,0x00,0x00,#000000
6.321262800000000,0,0,0x01,0x00,0x00,#010000
6.321290490000000,0,1,0x00,0x00,0x00,#000000
6.321318190000000,0,2,0x00,0x00,0x00,#000000
6.321345870000000,0,3,0x00,0x00,0x00,#000000
6.321373570000000,0,4,0x00,0x00,0x00,#000000
6.321401260000000,0,5,0x00,0x00,0x00,#000000
6.321428960000000,0,6,0x00,0x00,0x00,#000000
6.321456650000000,0,7,0x00,0x00,0x00,#000000
6.321484340000000,0,8,0x00,0x00,0x00,#000000
6.321512040000000,0,9,0x00,0x00,0x00,#000000
6.321539730000000,0,10,0x00,0x00,0x00,#000000
6.321567420000000,0,11,0x00,0x00,0x00,#000000
6.321595110000000,0,12,0x00,0x00,0x00,#000000
6.321622810000000,0,13,0x00,0x00,0x00,#000000
6.321650500000000,0,14,0x00,0x00,0x00,#000000
6.321678200000000,0,15,0x00,0x00,0x00,#000000
6.332366490000000,0,0,0x01,0x00,0x00,#010000
6.332394190000000,0,1,0x00,0x00,0x00,#000000
6.332421880000000,0,2,0x00,0x00,0x00,#000000
6.332449580000000,0,3,0x00,0x00,0x00,#000000
6.332477260000000,0,4,0x00,0x00,0x00,#000000
6.332504960000000,0,5,0x00,0x00,0x00,#000000
6.332532650000000,0,6,0x00,0x00,0x00,#000000
6.332560350000000,0,7,0x00,0x00,0x00,#000000
6.332588040000000,0,8,0x00,0x00,0x00,#000000
6.332615730000000,0,9,0x00,0x00,0x00,#000000
6.332643430000000,0,10,0x00,0x00,0x00,#000000
6.332671120000000,0,11,0x00,0x00,0x00,#000000
6.332698810000000,0,12,0x00,0x00,0x00,#000000
6.332726500000000,0,13,0x00,0x00,0x00,#000000
6.332754200000000,0,14,0x00,0x00,0x00,#000000
6.332781890000000,0,15,0x00,0x00,0x00,#000000
6.343358020000000,0,0,0x01,0x00,0x00,#010000
6.343385720000000,0,1,0x00,0x00,0x00,#000000
6.343413410000000,0,2,0x00,0x00,0x00,#000000
6.343441110000000,0,3,0x00,0x00,0x00,#000000
6.343468790000000,0,4,0x00,0x00,0x00,#000000
6.343496490000000,0,5,0x00,0x00,0x00,#000000
6.343524180000000,0,6,0x00,0x00,0x00,#000000
6.343551880000000,0,7,0x00,0x00,0x00,#000000
6.343579570000000,0,8,0x00,0x00,0x00,#000000
6.343607260000000,0,9,0x00,0x00,0x00,#000000
6.343634950000000,0,10,0x00,0x00,0x00,#000000
6.343662650000000,0,11,0x00,0x00,0x00,#000000
6.343690340000000,0,12,0x00,0x00,0x00,#000000
6.343718030000000,0,13,0x00,0x00,0x00,#000000
6.343745730000000,0,14,0x00,0x00,0x00,#000000
6.343773420000000,0,15,0x00,0x00,0x00,#000000
6.354263640000000,0,0,0x01,0x00,0x00,#010000
6.354291330000000,0,1,0x00,0x00,0x00,#000000
6.354319030000000,0,2,0x00,0x00,0x00,#000000
6.354346720000000,0,3,0x00,0x00,0x00,#000000
6.354374410000000,0,4,0x00,0x00,0x00,#000000
6.354402100000000,0,5,0x00,0x00,0x00,#000000
6.354429800000000,0,6,0x00,0x00,0x00,#000000
6.354457490000000,0,7,0x00,0x00,0x00,#000000
6.354485180000000,0,8,0x00,0x00,0x00,#000000
6.354512880000000,0,9,0x00,0x00,0x00,#000000
6.354540570000000,0,10,0x00,0x00,0x00,#000000
6.354568260000000,0,11,0x00,0x00,0x00,#000000
6.354595950000000,0,12,0x00,0x00,0x00,#000000
6.354623650000000,0,13,0x00,0x00,0x00,#000000
6.354651340000000,0,14,0x00,0x00,0x00,#000000
6.354679040000000,0,15,0x00,0x00,0x00,#000000
6.365414790000000,0,0,0x01,0x00,0x00,#010000
6.365442480000000,0,1,0x00,0x00,0x00,#000000
6.365470170000000,0,2,0x00,0x00,0x00,#000000
6.365497870000000,0,3,0x00,0x00,0x00,#000000
6.365525560000000,0,4,0x00,0x00,0x00,#000000
6.365553250000000,0,5,0x00,0x00,0x00,#000000
6.365580950000000,0,6,0x00,0x00,0x00,#000000
6.365608640000000,0,7,0x00,0x00,0x00,#000000
6.365636330000000,0,8,0x00,0x00,0x00,#000000
6.365664020000000,0,9,0x00,0x00,0x00,#000000
6.365691720000000,0,10,0x00,0x00,0x00,#000000
6.365719410000000,0,11,0x00,0x00,0x00,#000000
6.365747100000000,0,12,0x00,0x00,0x00,#000000
6.365774800000000,0,13,0x00,0x00,0x00,#000000
6.365802490000000,0,14,0x00,0x00,0x00,#000000
6.365830180000000,0,15,0x00,0x00,0x00,#000000
6.376360070000000,0,0,0x01,0x00,0x00,#010000
6.376387760000000,0,1,0x00,0x00,0x00,#000000
6.376415450000000,0,2,0x00,0x00,0x00,#000000
6.376443150000000,0,3,0x00,0x00,0x00,#000000
6.376470840000000,0,4,0x00,0x00,0x00,#000000
6.376498530000000,0,5,0x00,0x00,0x00,#000000
6.376526220000000,0,6,0x00,0x00,0x00,#000000
6.376553920000000,0,7,0x00,0x00,0x00,#000000
6.376581610000000,0,8,0x00,0x00,0x00,#000000
6.376609300000000,0,9,0x00,0x00,0x00,#000000
6.376637000000000,0,10,0x00,0x00,0x00,#000000
6.376664690000000,0,11,0x00,0x00,0x00,#000000
6.376692380000000,0,12,0x00,0x00,0x00,#000000
6.376720080000000,0,13,0x00,0x00,0x00,#000000
6.376747770000000,0,14,0x00,0x00,0x00,#000000
6.376775460000000,0,15,0x00,0x00,0x00,#000000
6.387265150000000,0,0,0x01,0x00,0x00,#010000
6.387292850000000,0,1,0x00,0x00,0x00,#000000
6.387320540000000,0,2,0x00,0x00,0x00,#000000
6.387348230000000,0,3,0x00,0x00,0x00,#000000
6.387375930000000,0,4,0x00,0x00,0x00,#000000
6.387403620000000,0,5,0x00,0x00,0x00,#000000
6.387431310000000,0,6,0x00,0x00,0x00,#000000
6.387459000000000,0,7,0x00,0x00,0x00,#000000
6.387486700000000,0,8,0x00,0x00,0x00,#000000
6.387514390000000,0,9,0x00,0x00,0x00,#000000
6.387542080000000,0,10,0x00,0x00,0x00,#000000
6.387569770000000,0,11,0x00,0x00,0x00,#000000
6.387597470000000,0,12,0x00,0x00,0x00,#000000
6.387625160000000,0,13,0x00,0x00,0x00,#000000
6.387652860000000,0,14,0x00,0x00,0x00,#000000
6.387680540000000,0,15,0x00,0x00,0x00,#000000
6.398371880000000,0,0,0x01,0x00,0x00,#010000
6.398399570000000,0,1,0x00,0x00,0x00,#000000
6.398427260000000,0,2,0x00,0x00,0x00,#000000
6.398454960000000,0,3,0x00,0x00,0x00,#000000
6.398482650000000,0,4,0x00,0x00,0x00,#000000
6.398510340000000,0,5,0x00,0x00,0x00,#000000
6.398538030000000,0,6,0x00,0x00,0x00,#000000
6.398565730000000,0,7,0x00,0x00,0x00,#000000
6.398593420000000,0,8,0x00,0x00,0x00,#000000
6.398621110000000,0,9,0x00,0x00,0x00,#000000
6.398648810000000,0,10,0x00,0x00,0x00,#000000
6.398676500000000,0,11,0x00,0x00,0x00,#000000
6.398704190000000,0,12,0x00,0x00,0x00,#000000
6.398731890000000,0,13,0x00,0x00,0x00,#000000
6.398759580000000,0,14,0x00,0x00,0x00,#000000
6.398787270000000,0,15,0x00,0x00,0x00,#000000
6.409383940000000,0,0,0x01,0x00,0x00,#010000
6.409411630000000,0,1,0x00,0x00,0x00,#000000
6.409439320000000,0,2,0x00,0x00,0x00,#000000
6.409467010000000,0,3,0x00,0x00,0x00,#000000
6.409494710000000,0,4,0x00,0x00,0x00,#000000
6.409522400000000,0,5,0x00,0x00,0x00,#000000
6.409550100000000,0,6,0x00,0x00,0x00,#000000
6.409577790000000,0,7,0x00,0x00,0x00,#000000
6.409605480000000,0,8,0x00,0x00,0x00,#000000
6.409633170000000,0,9,0x00,0x00,0x00,#000000
6.409660870000000,0,10,0x00,0x00,0x00,#000000
6.409688560000000,0,11,0x00,0x00,0x00,#000000
6.409716250000000,0,12,0x00,0x00,0x00,#000000
6.409743940000000,0,13,0x00,0x00,0x00,#000000
6.409771640000000,0,14,0x00,0x00,0x00,#000000
6.409799330000000,0,15,0x00,0x00,0x00,#000000
6.420265320000000,0,0,0x01,0x00,0x00,#010000
6.420293010000000,0,1,0x00,0x00,0x00,#000000
6.420320710000000,0,2,0x00,0x00,0x00,#000000
6.420348400000000,0,3,0x00,0x00,0x00,#000000
6.420376090000000,0,4,0x00,0x00,0x00,#000000
6.420403780000000,0,5,0x00,0x00,0x00,#000000
6.420431480000000,0,6,0x00,0x00,0x00,#000000
6.420459170000000,0,7,0x00,0x00,0x00,#000000
6.420486860000000,0,8,0x00,0x00,0x00,#000000
6.420514560000000,0,9,0x00,0x00,0x00,#000000
6.420542250000000,0,10,0x00,0x00,0x00,#000000
6.420569940000000,0,11,0x00,0x00,0x00,#000000
6.420597630000000,0,12,0x00,0x00,0x00,#000000
6.420625330000000,0,13,0x00,0x00,0x00,#000000
6.420653020000000,0,14,0x00,0x00,0x00,#000000
6.420680720000000,0,15,0x00,0x00,0x00,#000000
6.431362910000000,0,0,0x01,0x00,0x00,#010000
6.431390600000000,0,1,0x00,0x00,0x00,#000000
6.431418300000000,0,2,0x00,0x00,0x00,#000000
6.431445990000000,0,3,0x00,0x00,0x00,#000000
6.431473680000000,0,4,0x00,0x00,0x00,#000000
6.431501370000000,0,5,0x00,0x00,0x00,#000000
6.431529070000000,0,6,0x00,0x00,0x00,#000000
6.431556760000000,0,7,0x00,0x00,0x00,#000000
6.431584450000000,0,8,0x00,0x00,0x00,#000000
6.431612150000000,0,9,0x00,0x00,0x00,#000000
6.431639840000000,0,10,0x00,0x00,0x00,#000000
6.431667530000000,0,11,0x00,0x00,0x00,#000000
6.431695230000000,0,12,0x00,0x00,0x00,#000000
6.431722920000000,0,13,0x00,0x00,0x00,#000000
6.431750610000000,0,14,0x00,0x00,0x00,#000000
6.431778310000000,0,15,0x00,0x00,0x00,#000000
6.442359820000000,0,0,0x01,0x00,0x00,#010000
6.442387520000000,0,1,0x00,0x00,0x00,#000000
6.442415210000000,0,2,0x00,0x00,0x00,#000000
6.442442900000000,0,3,0x00,0x00,0x00,#000000
6.442470600000000,0,4,0x00,0x00,0x00,#000000
6.442498290000000,0,5,0x00,0x00,0x00,#000000
6.442525980000000,0,6,0x00,0x00,0x00,#000000
6.442553670000000,0,7,0x00,0x00,0x00,#000000
6.442581370000000,0,8,0x00,0x00,0x00,#000000
6.442609060000000,0,9,0x00,0x00,0x00,#000000
6.442636760000000,0,10,0x00,0x00,0x00,#000000
6.442664440000000,0,11,0x00,0x00,0x00,#000000
6.442692140000000,0,12,0x00,0x00,0x00,#000000
6.442719830000000,0,13,0x00,0x00,0x00,#000000
6.442747530000000,0,14,0x00,0x00,0x00,#000000
6.442775220000000,0,15,0x00,0x00,0x00,#000000
6.453266160000000,0,0,0x01,0x00,0x00,#010000
6.453293850000000,0,1,0x00,0x00,0x00,#000000
6.453321550000000,0,2,0x00,0x00,0x00,#000000
6.453349240000000,0,3,0x00,0x00,0x00,#000000
6.453376930000000,0,4,0x00,0x00,0x00,#000000
6.453404630000000,0,5,0x00,0x00,0x00,#000000
6.453432320000000,0,6,0x00,0x00,0x00,#000000
6.453460010000000,0,7,0x00,0x00,0x00,#000000
6.453487700000000,0,8,0x00,0x00,0x00,#000000
6.453515400000000,0,9,0x00,0x00,0x00,#000000
6.453543090000000,0,10,0x00,0x00,0x00,#000000
6.453570790000000,0,11,0x00,0x00,0x00,#000000
6.453598470000000,0,12,0x00,0x00,0x00,#000000
6.453626170000000,0,13,0x00,0x00,0x00,#000000
6.453653860000000,0,14,0x00,0x00,0x00,#000000
6.453681560000000,0,15,0x00,0x00,0x00,#000000
6.464367400000000,0,0,0x01,0x00,0x00,#010000
6.464395100000000,0,1,0x00,0x00,0x00,#000000
6.464422790000000,0,2,0x00,0x00,0x00,#000000
6.464450480000000,0,3,0x00,0x00,0x00,#000000
6.464478180000000,0,4,0x00,0x00,0x00,#000000
6.464505870000000,0,5,0x00,0x00,0x00,#000000
6.464533560000000,0,6,0x00,0x00,0x00,#000000
6.464561250000000,0,7,0x00,0x00,0x00,#000000
6.464588950000000,0,8,0x00,0x00,0x00,#000000
6.464616640000000,0,9,0x00,0x00,0x00,#000000
6.464644340000000,0,10,0x00,0x00,0x00,#000000
6.464672020000000,0,11,0x00,0x00,0x00,#000000
6.464699720000000,0,12,0x00,0x00,0x00,#000000
6.464727410000000,0,13,0x00,0x00,0x00,#000000
6.464755110000000,0,14,0x00,0x00,0x00,#000000
6.464782800000000,0,15,0x00,0x00,0x00,#000000
6.475370670000000,0,0,0x01,0x00,0x00,#010000
6.475398360000000,0,1,0x00,0x00,0x00,#000000
6.475426050000000,0,2,0x00,0x00,0x00,#000000
6.475453740000000,0,3,0x00,0x00,0x00,#000000
6.475481440000000,0,4,0x00,0x00,0x00,#000000
6.475509130000000,0,5,0x00,0x00,0x00,#000000
6.475536820000000,0,6,0x00,0x00,0x00,#000000
6.475564510000000,0,7,0x00,0x00,0x00,#000000
6.475592210000000,0,8,0x00,0x00,0x00,#000000
6.475619900000000,0,9,0x00,0x00,0x00,#000000
6.475647600000000,0,10,0x00,0x00,0x00,#000000
6.475675290000000,0,11,0x00,0x00,0x00,#000000
6.475702980000000,0,12,0x00,0x00,0x00,#000000
6.475730670000000,0,13,0x00,0x00,0x00,#000000
6.475758370000000,0,14,0x00,0x00,0x00,#000000
6.475786060000000,0,15,0x00,0x00,0x00,#000000
6.486267000000000,0,0,0x01,0x00,0x00,#010000
6.486294690000000,0,1,0x00,0x00,0x00,#000000
6.486322390000000,0,2,0x00,0x00,0x00,#000000
6.486350080000000,0,3,0x00,0x00,0x00,#000000
6.486377770000000,0,4,0x00,0x00,0x00,#000000
6.486405470000000,0,5,0x00,0x00,0x00,#000000
6.486433160000000,0,6,0x00,0x00,0x00,#000000
6.486460850000000,0,7,0x00,0x00,0x00,#000000
6.486488540000000,0,8,0x00,0x00,0x00,#000000
6.486516240000000,0,9,0x00,0x00,0x00,#000000
6.486543930000000,0,10,0x00,0x00,0x00,#000000
6.486571630000000,0,11,0x00,0x00,0x00,#000000
6.486599310000000,0,12,0x00,0x00,0x00,#000000
6.486627010000000,0,13,0x00,0x00,0x00,#000000
6.486654700000000,0,14,0x00,0x00,0x00,#000000
6.486682400000000,0,15,0x00,0x00,0x00,#000000
6.497376850000000,0,0,0x01,0x00,0x00,#010000
6.497404550000000,0,1,0x00,0x00,0x00,#000000
6.497432230000000,0,2,0x00,0x00,0x00,#000000
6.497459930000000,0,3,0x00,0x00,0x00,#000000
6.497487620000000,0,4,0x00,0x00,0x00,#000000
6.497515320000000,0,5,0x00,0x00,0x00,#000000
6.497543010000000,0,6,0x00,0x00,0x00,#000000
6.497570700000000,0,7,0x00,0x00,0x00,#000000
6.497598390000000,0,8,0x00,0x00,0x00,#000000
6.497626090000000,0,9,0x00,0x00,0x00,#000000
6.497653780000000,0,10,0x00,0x00,0x00,#000000
6.497681470000000,0,11,0x00,0x00,0x00,#000000
6.497709170000000,0,12,0x00,0x00,0x00,#000000
6.497736860000000,0,13,0x00,0x00,0x00,#000000
6.497764550000000,0,14,0x00,0x00,0x00,#000000
6.497792240000000,0,15,0x00,0x00,0x00,#000000
6.508375740000000,0,0,0x01,0x00,0x00,#010000
6.508403430000000,0,1,0x00,0x00,0x00,#000000
6.508431120000000,0,2,0x00,0x00,0x00,#000000
6.508458810000000,0,3,0x00,0x00,0x00,#000000
6.508486510000000,0,4,0x00,0x00,0x00,#000000
6.508514200000000,0,5,0x00,0x00,0x00,#000000
6.508541890000000,0,6,0x00,0x00,0x00,#000000
6.508569590000000,0,7,0x00,0x00,0x00,#000000
6.508597280000000,0,8,0x00,0x00,0x00,#000000
6.508624970000000,0,9,0x00,0x00,0x00,#000000
6.508652660000000,0,10,0x00,0x00,0x00,#000000
6.508680360000000,0,11,0x00,0x00,0x00,#000000
6.508708050000000,0,12,0x00,0x00,0x00,#000000
6.508735750000000,0,13,0x00,0x00,0x00,#000000
6.508763440000000,0,14,0x00,0x00,0x00,#000000
6.508791130000000,0,15,0x00,0x00,0x00,#000000
6.519311250000000,0,0,0x01,0x00,0x00,#010000
6.519338950000000,0,1,0x00,0x00,0x00,#000000
6.519366640000000,0,2,0x00,0x00,0x00,#000000
6.519394340000000,0,3,0x00,0x00,0x00,#000000
6.519422020000000,0,4,0x00,0x00,0x00,#000000
6.519449720000000,0,5,0x00,0x00,0x00,#000000
6.519477410000000,0,6,0x00,0x00,0x00,#000000
6.519505110000000,0,7,0x00,0x00,0x00,#000000
6.519532800000000,0,8,0x00,0x00,0x00,#000000
6.519560490000000,0,9,0x00,0x00,0x00,#000000
6.519588180000000,0,10,0x00,0x00,0x00,#000000
6.519615880000000,0,11,0x00,0x00,0x00,#000000
6.519643570000000,0,12,0x00,0x00,0x00,#000000
6.519671260000000,0,13,0x00,0x00,0x00,#000000
6.519698960000000,0,14,0x00,0x00,0x00,#000000
6.519726650000000,0,15,0x00,0x00,0x00,#000000
6.530374900000000,0,0,0x01,0x00,0x00,#010000
6.530402590000000,0,1,0x00,0x00,0x00,#000000
6.530430290000000,0,2,0x00,0x00,0x00,#000000
6.530457980000000,0,3,0x00,0x00,0x00,#000000
6.530485670000000,0,4,0x00,0x00,0x00,#000000
6.530513370000000,0,5,0x00,0x00,0x00,#000000
6.530541060000000,0,6,0x00,0x00,0x00,#000000
6.530568750000000,0,7,0x00,0x00,0x00,#000000
6.530596450000000,0,8,0x00,0x00,0x00,#000000
6.530624140000000,0,9,0x00,0x00,0x00,#000000
6.530651830000000,0,10,0x00,0x00,0x00,#000000
6.530679520000000,0,11,0x00,0x00,0x00,#000000
6.530707220000000,0,12,0x00,0x00,0x00,#000000
6.530734910000000,0,13,0x00,0x00,0x00,#000000
6.530762600000000,0,14,0x00,0x00,0x00,#000000
6.530790290000000,0,15,0x00,0x00,0x00,#000000
6.541371150000000,0,0,0x01,0x00,0x00,#010000
6.541398830000000,0,1,0x00,0x00,0x00,#000000
6.541426530000000,0,2,0x00,0x00,0x00,#000000
6.541454220000000,0,3,0x00,0x00,0x00,#000000
6.541481920000000,0,4,0x00,0x00,0x00,#000000
6.541509610000000,0,5,0x00,0x00,0x00,#000000
6.541537300000000,0,6,0x00,0x00,0x00,#000000
6.541564990000000,0,7,0x00,0x00,0x00,#000000
6.541592690000000,0,8,0x00,0x00,0x00,#000000
6.541620380000000,0,9,0x00,0x00,0x00,#000000
6.541648070000000,0,10,0x00,0x00,0x00,#000000
6.541675770000000,0,11,0x00,0x00,0x00,#000000
6.541703460000000,0,12,0x00,0x00,0x00,#000000
6.541731150000000,0,13,0x00,0x00,0x00,#000000
6.541758840000000,0,14,0x00,0x00,0x00,#000000
6.541786540000000,0,15,0x00,0x00,0x00,#000000
6.552268680000000,0,0,0x01,0x00,0x00,#010000
6.552296370000000,0,1,0x00,0x00,0x00,#000000
6.552324070000000,0,2,0x00,0x00,0x00,#000000
6.552351760000000,0,3,0x00,0x00,0x00,#000000
6.552379450000000,0,4,0x00,0x00,0x00,#000000
6.552407150000000,0,5,0x00,0x00,0x00,#000000
6.552434840000000,0,6,0x00,0x00,0x00,#000000
6.552462530000000,0,7,0x00,0x00,0x00,#000000
6.552490220000000,0,8,0x00,0x00,0x00,#000000
6.552517920000000,0,9,0x00,0x00,0x00,#000000
6.552545610000000,0,10,0x00,0x00,0x00,#000000
6.552573310000000,0,11,0x00,0x00,0x00,#000000
6.552600990000000,0,12,0x00,0x00,0x00,#000000
6.552628690000000,0,13,0x00,0x00,0x00,#000000
6.552656380000000,0,14,0x00,0x00,0x00,#000000
6.552684080000000,0,15,0x00,0x00,0x00,#000000
6.563419830000000,0,0,0x01,0x00,0x00,#010000
6.563447520000000,0,1,0x00,0x00,0x00,#000000
6.563475210000000,0,2,0x00,0x00,0x00,#000000
6.563502910000000,0,3,0x00,0x00,0x00,#000000
6.563530600000000,0,4,0x00,0x00,0x00,#000000
6.563558290000000,0,5,0x00,0x00,0x00,#000000
6.563585990000000,0,6,0x00,0x00,0x00,#000000
6.563613680000000,0,7,0x00,0x00,0x00,#000000
6.563641380000000,0,8,0x00,0x00,0x00,#000000
6.563669060000000,0,9,0x00,0x00,0x00,#000000
6.563696760000000,0,10,0x00,0x00,0x00,#000000
6.563724450000000,0,11,0x00,0x00,0x00,#000000
6.563752150000000,0,12,0x00,0x00,0x00,#000000
6.563779840000000,0,13,0x00,0x00,0x00,#000000
6.563807530000000,0,14,0x00,0x00,0x00,#000000
6.563835220000000,0,15,0x00,0x00,0x00,#000000
6.574374720000000,0,0,0x01,0x00,0x00,#010000
6.574402420000000,0,1,0x00,0x00,0x00,#000000
6.574430110000000,0,2,0x00,0x00,0x00,#000000
6.574457800000000,0,3,0x00,0x00,0x00,#000000
6.574485490000000,0,4,0x00,0x00,0x00,#000000
6.574513190000000,0,5,0x00,0x00,0x00,#000000
6.574540880000000,0,6,0x00,0x00,0x00,#000000
6.574568570000000,0,7,0x00,0x00,0x00,#000000
6.574596270000000,0,8,0x00,0x00,0x00,#000000
6.574623960000000,0,9,0x00,0x00,0x00,#000000
6.574651660000000,0,10,0x00,0x00,0x00,#000000
6.574679340000000,0,11,0x00,0x00,0x00,#000000
6.574707040000000,0,12,0x00,0x00,0x00,#000000
6.574734730000000,0,13,0x00,0x00,0x00,#000000
6.574762430000000,0,14,0x00,0x00,0x00,#000000
6.574790120000000,0,15,0x00,0x00,0x00,#000000
6.585270200000000,0,0,0x01,0x00,0x00,#010000
6.585297890000000,0,1,0x00,0x00,0x00,#000000
6.585325580000000,0,2,0x00,0x00,0x00,#000000
6.585353270000000,0,3,0x00,0x00,0x00,#000000
6.585380970000000,0,4,0x00,0x00,0x00,#000000
6.585408660000000,0,5,0x00,0x00,0x00,#000000
6.585436350000000,0,6,0x00,0x00,0x00,#000000
6.585464040000000,0,7,0x00,0x00,0x00,#000000
6.585491740000000,0,8,0x00,0x00,0x00,#000000
6.585519430000000,0,9,0x00,0x00,0x00,#000000
6.585547120000000,0,10,0x00,0x00,0x00,#000000
6.585574810000000,0,11,0x00,0x00,0x00,#000000
6.585602510000000,0,12,0x00,0x00,0x00,#000000
6.585630200000000,0,13,0x00,0x00,0x00,#000000
6.585657900000000,0,14,0x00,0x00,0x00,#000000
6.585685590000000,0,15,0x00,0x00,0x00,#000000
6.596379230000000,0,0,0x01,0x00,0x00,#010000
6.596406920000000,0,1,0x00,0x00,0x00,#000000
6.596434610000000,0,2,0x00,0x00,0x00,#000000
6.596462300000000,0,3,0x00,0x00,0x00,#000000
6.596490000000000,0,4,0x00,0x00,0x00,#000000
6.596517690000000,0,5,0x00,0x00,0x00,#000000
6.596545380000000,0,6,0x00,0x00,0x00,#000000
6.596573080000000,0,7,0x00,0x00,0x00,#000000
6.596600770000000,0,8,0x00,0x00,0x00,#000000
6.596628460000000,0,9,0x00,0x00,0x00,#000000
6.596656150000000,0,10,0x00,0x00,0x00,#000000
6.596683850000000,0,11,0x00,0x00,0x00,#000000
6.596711540000000,0,12,0x00,0x00,0x00,#000000
6.596739240000000,0,13,0x00,0x00,0x00,#000000
6.596766930000000,0,14,0x00,0x00,0x00,#000000
6.596794620000000,0,15,0x00,0x00,0x00,#000000
6.607373540000000,0,0,0x01,0x00,0x00,#010000
6.607401240000000,0,1,0x00,0x00,0x00,#000000
6.607428930000000,0,2,0x00,0x00,0x00,#000000
6.607456620000000,0,3,0x00,0x00,0x00,#000000
6.607484320000000,0,4,0x00,0x00,0x00,#000000
6.607512010000000,0,5,0x00,0x00,0x00,#000000
6.607539710000000,0,6,0x00,0x00,0x00,#000000
6.607567390000000,0,7,0x00,0x00,0x00,#000000
6.607595090000000,0,8,0x00,0x00,0x00,#000000
6.607622780000000,0,9,0x00,0x00,0x00,#000000
6.607650480000000,0,10,0x00,0x00,0x00,#000000
6.607678160000000,0,11,0x00,0x00,0x00,#000000
6.607705860000000,0,12,0x00,0x00,0x00,#000000
6.607733550000000,0,13,0x00,0x00,0x00,#000000
6.607761250000000,0,14,0x00,0x00,0x00,#000000
6.607788940000000,0,15,0x00,0x00,0x00,#000000
6.618339210000000,0,0,0x01,0x00,0x00,#010000
6.618366900000000,0,1,0x00,0x00,0x00,#000000
6.618394590000000,0,2,0x00,0x00,0x00,#000000
6.618422290000000,0,3,0x00,0x00,0x00,#000000
6.618449980000000,0,4,0x00,0x00,0x00,#000000
6.618477670000000,0,5,0x00,0x00,0x00,#000000
6.618505370000000,0,6,0x00,0x00,0x00,#000000
6.618533060000000,0,7,0x00,0x00,0x00,#000000
6.618560750000000,0,8,0x00,0x00,0x00,#000000
6.618588440000000,0,9,0x00,0x00,0x00,#000000
6.618616140000000,0,10,0x00,0x00,0x00,#000000
6.618643830000000,0,11,0x00,0x00,0x00,#000000
6.618671530000000,0,12,0x00,0x00,0x00,#000000
6.618699210000000,0,13,0x00,0x00,0x00,#000000
6.618726910000000,0,14,0x00,0x00,0x00,#000000
6.618754600000000,0,15,0x00,0x00,0x00,#000000
6.629383290000000,0,0,0x01,0x00,0x00,#010000
6.629410980000000,0,1,0x00,0x00,0x00,#000000
6.629438670000000,0,2,0x00,0x00,0x00,#000000
6.629466360000000,0,3,0x00,0x00,0x00,#000000
6.629494060000000,0,4,0x00,0x00,0x00,#000000
6.629521750000000,0,5,0x00,0x00,0x00,#000000
6.629549450000000,0,6,0x00,0x00,0x00,#000000
6.629577140000000,0,7,0x00,0x00,0x00,#000000
6.629604830000000,0,8,0x00,0x00,0x00,#000000
6.629632520000000,0,9,0x00,0x00,0x00,#000000
6.629660220000000,0,10,0x00,0x00,0x00,#000000
6.629687910000000,0,11,0x00,0x00,0x00,#000000
6.629715600000000,0,12,0x00,0x00,0x00,#000000
6.629743300000000,0,13,0x00,0x00,0x00,#000000
6.629770990000000,0,14,0x00,0x00,0x00,#000000
6.629798680000000,0,15,0x00,0x00,0x00,#000000
6.640368570000000,0,0,0x01,0x00,0x00,#010000
6.640396260000000,0,1,0x00,0x00,0x00,#000000
6.640423950000000,0,2,0x00,0x00,0x00,#000000
6.640451640000000,0,3,0x00,0x00,0x00,#000000
6.640479340000000,0,4,0x00,0x00,0x00,#000000
6.640507030000000,0,5,0x00,0x00,0x00,#000000
6.640534730000000,0,6,0x00,0x00,0x00,#000000
6.640562420000000,0,7,0x00,0x00,0x00,#000000
6.640590110000000,0,8,0x00,0x00,0x00,#000000
6.640617800000000,0,9,0x00,0x00,0x00,#000000
6.640645500000000,0,10,0x00,0x00,0x00,#000000
6.640673190000000,0,11,0x00,0x00,0x00,#000000
6.640700880000000,0,12,0x00,0x00,0x00,#000000
6.640728570000000,0,13,0x00,0x00,0x00,#000000
6.640756270000000,0,14,0x00,0x00,0x00,#000000
6.640783960000000,0,15,0x00,0x00,0x00,#000000
6.651271200000000,0,0,0x01,0x00,0x00,#010000
6.651298890000000,0,1,0x00,0x00,0x00,#000000
6.651326590000000,0,2,0x00,0x00,0x00,#000000
6.651354280000000,0,3,0x00,0x00,0x00,#000000
6.651381970000000,0,4,0x00,0x00,0x00,#000000
6.651409670000000,0,5,0x00,0x00,0x00,#000000
6.651437360000000,0,6,0x00,0x00,0x00,#000000
6.651465050000000,0,7,0x00,0x00,0x00,#000000
6.651492740000000,0,8,0x00,0x00,0x00,#000000
6.651520440000000,0,9,0x00,0x00,0x00,#000000
6.651548130000000,0,10,0x00,0x00,0x00,#000000
6.651575830000000,0,11,0x00,0x00,0x00,#000000
6.651603510000000,0,12,0x00,0x00,0x00,#000000
6.651631210000000,0,13,0x00,0x00,0x00,#000000
6.651658900000000,0,14,0x00,0x00,0x00,#000000
6.651686600000000,0,15,0x00,0x00,0x00,#000000
6.662378260000000,0,0,0x01,0x00,0x00,#010000
6.662405950000000,0,1,0x00,0x00,0x00,#000000
6.662433650000000,0,2,0x00,0x00,0x00,#000000
6.662461340000000,0,3,0x00,0x00,0x00,#000000
6.662489030000000,0,4,0x00,0x00,0x00,#000000
6.662516730000000,0,5,0x00,0x00,0x00,#000000
6.662544420000000,0,6,0x00,0x00,0x00,#000000
6.662572110000000,0,7,0x00,0x00,0x00,#000000
6.662599810000000,0,8,0x00,0x00,0x00,#000000
6.662627500000000,0,9,0x00,0x00,0x00,#000000
6.662655190000000,0,10,0x00,0x00,0x00,#000000
6.662682880000000,0,11,0x00,0x00,0x00,#000000
6.662710580000000,0,12,0x00,0x00,0x00,#000000
6.662738270000000,0,13,0x00,0x00,0x00,#000000
6.662765960000000,0,14,0x00,0x00,0x00,#000000
6.662793650000000,0,15,0x00,0x00,0x00,#000000
6.673367780000000,0,0,0x01,0x00,0x00,#010000
6.673395460000000,0,1,0x00,0x00,0x00,#000000
6.673423160000000,0,2,0x00,0x00,0x00,#000000
6.673450850000000,0,3,0x00,0x00,0x00,#000000
6.673478550000000,0,4,0x00,0x00,0x00,#000000
6.673506230000000,0,5,0x00,0x00,0x00,#000000
6.673533930000000,0,6,0x00,0x00,0x00,#000000
6.673561620000000,0,7,0x00,0x00,0x00,#000000
6.673589320000000,0,8,0x00,0x00,0x00,#000000
6.673617010000000,0,9,0x00,0x00,0x00,#000000
6.673644700000000,0,10,0x00,0x00,0x00,#000000
6.673672390000000,0,11,0x00,0x00,0x00,#000000
6.673700090000000,0,12,0x00,0x00,0x00,#000000
6.673727780000000,0,13,0x00,0x00,0x00,#000000
6.673755470000000,0,14,0x00,0x00,0x00,#000000
6.673783170000000,0,15,0x00,0x00,0x00,#000000
6.684272720000000,0,0,0x01,0x00,0x00,#010000
6.684300410000000,0,1,0x00,0x00,0x00,#000000
6.684328100000000,0,2,0x00,0x00,0x00,#000000
6.684355790000000,0,3,0x00,0x00,0x00,#000000
6.684383490000000,0,4,0x00,0x00,0x00,#000000
6.684411180000000,0,5,0x00,0x00,0x00,#000000
6.684438870000000,0,6,0x00,0x00,0x00,#000000
6.684466560000000,0,7,0x00,0x00,0x00,#000000
6.684494260000000,0,8,0x00,0x00,0x00,#000000
6.684521950000000,0,9,0x00,0x00,0x00,#000000
6.684549640000000,0,10,0x00,0x00,0x00,#000000
6.684577330000000,0,11,0x00,0x00,0x00,#000000
6.684605030000000,0,12,0x00,0x00,0x00,#000000
6.684632720000000,0,13,0x00,0x00,0x00,#000000
6.684660420000000,0,14,0x00,0x00,0x00,#000000
6.684688110000000,0,15,0x00,0x00,0x00,#000000
6.695384970000000,0,0,0x01,0x00,0x00,#010000
6.695412660000000,0,1,0x00,0x00,0x00,#000000
6.695440350000000,0,2,0x00,0x00,0x00,#000000
6.695468040000000,0,3,0x00,0x00,0x00,#000000
6.695495740000000,0,4,0x00,0x00,0x00,#000000
6.695523430000000,0,5,0x00,0x00,0x00,#000000
6.695551130000000,0,6,0x00,0x00,0x00,#000000
6.695578820000000,0,7,0x00,0x00,0x00,#000000
6.695606510000000,0,8,0x00,0x00,0x00,#000000
6.695634200000000,0,9,0x00,0x00,0x00,#000000
6.695661900000000,0,10,0x00,0x00,0x00,#000000
6.695689590000000,0,11,0x00,0x00,0x00,#000000
6.695717280000000,0,12,0x00,0x00,0x00,#000000
6.695744980000000,0,13,0x00,0x00,0x00,#000000
6.695772670000000,0,14,0x00,0x00,0x00,#000000
6.695800360000000,0,15,0x00,0x00,0x00,#000000
6.706373950000000,0,0,0x01,0x00,0x00,#010000
6.706401640000000,0,1,0x00,0x00,0x00,#000000
6.706429330000000,0,2,0x00,0x00,0x00,#000000
6.706457030000000,0,3,0x00,0x00,0x00,#000000
6.706484720000000,0,4,0x00,0x00,0x00,#000000
6.706512410000000,0,5,0x00,0x00,0x00,#000000
6.706540110000000,0,6,0x00,0x00,0x00,#000000
6.706567800000000,0,7,0x00,0x00,0x00,#000000
6.706595490000000,0,8,0x00,0x00,0x00,#000000
6.706623180000000,0,9,0x00,0x00,0x00,#000000
6.706650880000000,0,10,0x00,0x00,0x00,#000000
6.706678570000000,0,11,0x00,0x00,0x00,#000000
6.706706270000000,0,12,0x00,0x00,0x00,#000000
6.706733950000000,0,13,0x00,0x00,0x00,#000000
6.706761650000000,0,14,0x00,0x00,0x00,#000000
6.706789340000000,0,15,0x00,0x00,0x00,#000000
6.717272880000000,0,0,0x01,0x00,0x00,#010000
6.717300570000000,0,1,0x00,0x00,0x00,#000000
6.717328270000000,0,2,0x00,0x00,0x00,#000000
6.717355960000000,0,3,0x00,0x00,0x00,#000000
6.717383650000000,0,4,0x00,0x00,0x00,#000000
6.717411350000000,0,5,0x00,0x00,0x00,#000000
6.717439040000000,0,6,0x00,0x00,0x00,#000000
6.717466730000000,0,7,0x00,0x00,0x00,#000000
6.717494420000000,0,8,0x00,0x00,0x00,#000000
6.717522120000000,0,9,0x00,0x00,0x00,#000000
6.717549810000000,0,10,0x00,0x00,0x00,#000000
6.717577510000000,0,11,0x00,0x00,0x00,#000000
6.717605190000000,0,12,0x00,0x00,0x00,#000000
6.717632890000000,0,13,0x00,0x00,0x00,#000000
6.717660580000000,0,14,0x00,0x00,0x00,#000000
6.717688280000000,0,15,0x00,0x00,0x00,#000000
6.728376290000000,0,0,0x01,0x00,0x00,#010000
6.728403980000000,0,1,0x00,0x00,0x00,#000000
6.728431680000000,0,2,0x00,0x00,0x00,#000000
6.728459360000000,0,3,0x00,0x00,0x00,#000000
6.728487060000000,0,4,0x00,0x00,0x00,#000000
6.728514750000000,0,5,0x00,0x00,0x00,#000000
6.728542450000000,0,6,0x00,0x00,0x00,#000000
6.728570140000000,0,7,0x00,0x00,0x00,#000000
6.728597830000000,0,8,0x00,0x00,0x00,#000000
6.728625520000000,0,9,0x00,0x00,0x00,#000000
6.728653220000000,0,10,0x00,0x00,0x00,#000000
6.728680910000000,0,11,0x00,0x00,0x00,#000000
6.728708600000000,0,12,0x00,0x00,0x00,#000000
6.728736300000000,0,13,0x00,0x00,0x00,#000000
6.728763990000000,0,14,0x00,0x00,0x00,#000000
6.728791680000000,0,15,0x00,0x00,0x00,#000000
6.739373870000000,0,0,0x01,0x00,0x00,#010000
6.739401570000000,0,1,0x00,0x00,0x00,#000000
6.739429260000000,0,2,0x00,0x00,0x00,#000000
6.739456960000000,0,3,0x00,0x00,0x00,#000000
6.739484640000000,0,4,0x00,0x00,0x00,#000000
6.739512340000000,0,5,0x00,0x00,0x00,#000000
6.739540030000000,0,6,0x00,0x00,0x00,#000000
6.739567730000000,0,7,0x00,0x00,0x00,#000000
6.739595420000000,0,8,0x00,0x00,0x00,#000000
6.739623110000000,0,9,0x00,0x00,0x00,#000000
6.739650810000000,0,10,0x00,0x00,0x00,#000000
6.739678500000000,0,11,0x00,0x00,0x00,#000000
6.739706190000000,0,12,0x00,0x00,0x00,#000000
6.739733880000000,0,13,0x00,0x00,0x00,#000000
6.739761580000000,0,14,0x00,0x00,0x00,#000000
6.739789270000000,0,15,0x00,0x00,0x00,#000000
6.750273720000000,0,0,0x01,0x00,0x00,#010000
6.750301410000000,0,1,0x00,0x00,0x00,#000000
6.750329110000000,0,2,0x00,0x00,0x00,#000000
6.750356800000000,0,3,0x00,0x00,0x00,#000000
6.750384490000000,0,4,0x00,0x00,0x00,#000000
6.750412190000000,0,5,0x00,0x00,0x00,#000000
6.750439880000000,0,6,0x00,0x00,0x00,#000000
6.750467570000000,0,7,0x00,0x00,0x00,#000000
6.750495260000000,0,8,0x00,0x00,0x00,#000000
6.750522960000000,0,9,0x00,0x00,0x00,#000000
6.750550650000000,0,10,0x00,0x00,0x00,#000000
6.750578350000000,0,11,0x00,0x00,0x00,#000000
6.750606030000000,0,12,0x00,0x00,0x00,#000000
6.750633730000000,0,13,0x00,0x00,0x00,#000000
6.750661420000000,0,14,0x00,0x00,0x00,#000000
6.750689120000000,0,15,0x00,0x00,0x00,#000000
6.761382220000000,0,0,0x01,0x00,0x00,#010000
6.761409920000000,0,1,0x00,0x00,0x00,#000000
6.761437610000000,0,2,0x00,0x00,0x00,#000000
6.761465300000000,0,3,0x00,0x00,0x00,#000000
6.761493000000000,0,4,0x00,0x00,0x00,#000000
6.761520690000000,0,5,0x00,0x00,0x00,#000000
6.761548380000000,0,6,0x00,0x00,0x00,#000000
6.761576080000000,0,7,0x00,0x00,0x00,#000000
6.761603770000000,0,8,0x00,0x00,0x00,#000000
6.761631460000000,0,9,0x00,0x00,0x00,#000000
6.761659150000000,0,10,0x00,0x00,0x00,#000000
6.761686850000000,0,11,0x00,0x00,0x00,#000000
6.761714540000000,0,12,0x00,0x00,0x00,#000000
6.761742230000000,0,13,0x00,0x00,0x00,#000000
6.761769920000000,0,14,0x00,0x00,0x00,#000000
6.761797620000000,0,15,0x00,0x00,0x00,#000000
6.772370050000000,0,0,0x01,0x00,0x00,#010000
6.772397740000000,0,1,0x00,0x00,0x00,#000000
6.772425440000000,0,2,0x00,0x00,0x00,#000000
6.772453130000000,0,3,0x00,0x00,0x00,#000000
6.772480820000000,0,4,0x00,0x00,0x00,#000000
6.772508520000000,0,5,0x00,0x00,0x00,#000000
6.772536210000000,0,6,0x00,0x00,0x00,#000000
6.772563900000000,0,7,0x00,0x00,0x00,#000000
6.772591590000000,0,8,0x00,0x00,0x00,#000000
6.772619290000000,0,9,0x00,0x00,0x00,#000000
6.772646980000000,0,10,0x00,0x00,0x00,#000000
6.772674680000000,0,11,0x00,0x00,0x00,#000000
6.772702360000000,0,12,0x00,0x00,0x00,#000000
6.772730060000000,0,13,0x00,0x00,0x00,#000000
6.772757750000000,0,14,0x00,0x00,0x00,#000000
6.772785450000000,0,15,0x00,0x00,0x00,#000000
6.783274560000000,0,0,0x01,0x00,0x00,#010000
6.783302250000000,0,1,0x00,0x00,0x00,#000000
6.783329950000000,0,2,0x00,0x00,0x00,#000000
6.783357640000000,0,3,0x00,0x00,0x00,#000000
6.783385330000000,0,4,0x00,0x00,0x00,#000000
6.783413030000000,0,5,0x00,0x00,0x00,#000000
6.783440720000000,0,6,0x00,0x00,0x00,#000000
6.783468410000000,0,7,0x00,0x00,0x00,#000000
6.783496100000000,0,8,0x00,0x00,0x00,#000000
6.783523800000000,0,9,0x00,0x00,0x00,#000000
6.783551490000000,0,10,0x00,0x00,0x00,#000000
6.783579180000000,0,11,0x00,0x00,0x00,#000000
6.783606870000000,0,12,0x00,0x00,0x00,#000000
6.783634570000000,0,13,0x00,0x00,0x00,#000000
6.783662260000000,0,14,0x00,0x00,0x00,#000000
6.783689960000000,0,15,0x00,0x00,0x00,#000000
6.794374070000000,0,0,0x01,0x00,0x00,#010000
6.794401770000000,0,1,0x00,0x00,0x00,#000000
6.794429460000000,0,2,0x00,0x00,0x00,#000000
6.794457150000000,0,3,0x00,0x00,0x00,#000000
6.794484840000000,0,4,0x00,0x00,0x00,#000000
6.794512540000000,0,5,0x00,0x00,0x00,#000000
6.794540230000000,0,6,0x00,0x00,0x00,#000000
6.794567920000000,0,7,0x00,0x00,0x00,#000000
6.794595620000000,0,8,0x00,0x00,0x00,#000000
6.794623310000000,0,9,0x00,0x00,0x00,#000000
6.794651000000000,0,10,0x00,0x00,0x00,#000000
6.794678690000000,0,11,0x00,0x00,0x00,#000000
6.794706390000000,0,12,0x00,0x00,0x00,#000000
6.794734080000000,0,13,0x00,0x00,0x00,#000000
6.794761780000000,0,14,0x00,0x00,0x00,#000000
6.794789470000000,0,15,0x00,0x00,0x00,#000000
6.805370370000000,0,0,0x01,0x00,0x00,#010000
6.805398050000000,0,1,0x00,0x00,0x00,#000000
6.805425750000000,0,2,0x00,0x00,0x00,#000000
6.805453440000000,0,3,0x00,0x00,0x00,#000000
6.805481140000000,0,4,0x00,0x00,0x00,#000000
6.805508820000000,0,5,0x00,0x00,0x00,#000000
6.805536520000000,0,6,0x00,0x00,0x00,#000000
6.805564210000000,0,7,0x00,0x00,0x00,#000000
6.805591910000000,0,8,0x00,0x00,0x00,#000000
6.805619600000000,0,9,0x00,0x00,0x00,#000000
6.805647290000000,0,10,0x00,0x00,0x00,#000000
6.805674980000000,0,11,0x00,0x00,0x00,#000000
6.805702680000000,0,12,0x00,0x00,0x00,#000000
6.805730370000000,0,13,0x00,0x00,0x00,#000000
6.805758060000000,0,14,0x00,0x00,0x00,#000000
6.805785760000000,0,15,0x00,0x00,0x00,#000000
6.816275400000000,0,0,0x01,0x00,0x00,#010000
6.816303090000000,0,1,0x00,0x00,0x00,#000000
6.816330790000000,0,2,0x00,0x00,0x00,#000000
6.816358480000000,0,3,0x00,0x00,0x00,#000000
6.816386170000000,0,4,0x00,0x00,0x00,#000000
6.816413860000000,0,5,0x00,0x00,0x00,#000000
6.816441560000000,0,6,0x00,0x00,0x00,#000000
6.816469250000000,0,7,0x00,0x00,0x00,#000000
6.816496940000000,0,8,0x00,0x00,0x00,#000000
6.816524640000000,0,9,0x00,0x00,0x00,#000000
6.816552330000000,0,10,0x00,0x00,0x00,#000000
6.816580020000000,0,11,0x00,0x00,0x00,#000000
6.816607710000000,0,12,0x00,0x00,0x00,#000000
6.816635410000000,0,13,0x00,0x00,0x00,#000000
6.816663100000000,0,14,0x00,0x00,0x00,#000000
6.816690800000000,0,15,0x00,0x00,0x00,#000000
6.827384770000000,0,0,0x01,0x00,0x00,#010000
6.827412460000000,0,1,0x00,0x00,0x00,#000000
6.827440150000000,0,2,0x00,0x00,0x00,#000000
6.827467850000000,0,3,0x00,0x00,0x00,#000000
6.827495540000000,0,4,0x00,0x00,0x00,#000000
6.827523230000000,0,5,0x00,0x00,0x00,#000000
6.827550930000000,0,6,0x00,0x00,0x00,#000000
6.827578620000000,0,7,0x00,0x00,0x00,#000000
6.827606310000000,0,8,0x00,0x00,0x00,#000000
6.827634010000000,0,9,0x00,0x00,0x00,#000000
6.827661700000000,0,10,0x00,0x00,0x00,#000000
6.827689390000000,0,11,0x00,0x00,0x00,#000000
6.827717080000000,0,12,0x00,0x00,0x00,#000000
6.827744780000000,0,13,0x00,0x00,0x00,#000000
6.827772470000000,0,14,0x00,0x00,0x00,#000000
6.827800160000000,0,15,0x00,0x00,0x00,#000000
6.838370530000000,0,0,0x01,0x00,0x00,#010000
6.838398220000000,0,1,0x00,0x00,0x00,#000000
6.838425910000000,0,2,0x00,0x00,0x00,#000000
6.838453610000000,0,3,0x00,0x00,0x00,#000000
6.838481300000000,0,4,0x00,0x00,0x00,#000000
6.838509000000000,0,5,0x00,0x00,0x00,#000000
6.838536680000000,0,6,0x00,0x00,0x00,#000000
6.838564380000000,0,7,0x00,0x00,0x00,#000000
6.838592070000000,0,8,0x00,0x00,0x00,#000000
6.838619770000000,0,9,0x00,0x00,0x00,#000000
6.838647460000000,0,10,0x00,0x00,0x00,#000000
6.838675150000000,0,11,0x00,0x00,0x00,#000000
6.838702840000000,0,12,0x00,0x00,0x00,#000000
6.838730540000000,0,13,0x00,0x00,0x00,#000000
6.838758230000000,0,14,0x00,0x00,0x00,#000000
6.838785920000000,0,15,0x00,0x00,0x00,#000000
6.849307970000000,0,0,0x01,0x00,0x00,#010000
6.849335660000000,0,1,0x00,0x00,0x00,#000000
6.849363360000000,0,2,0x00,0x00,0x00,#000000
6.849391050000000,0,3,0x00,0x00,0x00,#000000
6.849418740000000,0,4,0x00,0x00,0x00,#000000
6.849446440000000,0,5,0x00,0x00,0x00,#000000
6.849474130000000,0,6,0x00,0x00,0x00,#000000
6.849501820000000,0,7,0x00,0x00,0x00,#000000
6.849529510000000,0,8,0x00,0x00,0x00,#000000
6.849557210000000,0,9,0x00,0x00,0x00,#000000
6.849584900000000,0,10,0x00,0x00,0x00,#000000
6.849612590000000,0,11,0x00,0x00,0x00,#000000
6.849640290000000,0,12,0x00,0x00,0x00,#000000
6.849667980000000,0,13,0x00,0x00,0x00,#000000
6.849695670000000,0,14,0x00,0x00,0x00,#000000
6.849723370000000,0,15,0x00,0x00,0x00,#000000
6.860397770000000,0,0,0x01,0x00,0x00,#010000
6.860425470000000,0,1,0x00,0x00,0x00,#000000
6.860453160000000,0,2,0x00,0x00,0x00,#000000
6.860480850000000,0,3,0x00,0x00,0x00,#000000
6.860508540000000,0,4,0x00,0x00,0x00,#000000
6.860536240000000,0,5,0x00,0x00,0x00,#000000
6.860563930000000,0,6,0x00,0x00,0x00,#000000
6.860591620000000,0,7,0x00,0x00,0x00,#000000
6.860619310000000,0,8,0x00,0x00,0x00,#000000
6.860647010000000,0,9,0x00,0x00,0x00,#000000
6.860674700000000,0,10,0x00,0x00,0x00,#000000
6.860702400000000,0,11,0x00,0x00,0x00,#000000
6.860730090000000,0,12,0x00,0x00,0x00,#000000
6.860757780000000,0,13,0x00,0x00,0x00,#000000
6.860785470000000,0,14,0x00,0x00,0x00,#000000
6.860813170000000,0,15,0x00,0x00,0x00,#000000
6.871373200000000,0,0,0x01,0x00,0x00,#010000
6.871400890000000,0,1,0x00,0x00,0x00,#000000
6.871428580000000,0,2,0x00,0x00,0x00,#000000
6.871456270000000,0,3,0x00,0x00,0x00,#000000
6.871483970000000,0,4,0x00,0x00,0x00,#000000
6.871511660000000,0,5,0x00,0x00,0x00,#000000
6.871539350000000,0,6,0x00,0x00,0x00,#000000
6.871567050000000,0,7,0x00,0x00,0x00,#000000
6.871594740000000,0,8,0x00,0x00,0x00,#000000
6.871622430000000,0,9,0x00,0x00,0x00,#000000
6.871650130000000,0,10,0x00,0x00,0x00,#000000
6.871677820000000,0,11,0x00,0x00,0x00,#000000
6.871705510000000,0,12,0x00,0x00,0x00,#000000
6.871733200000000,0,13,0x00,0x00,0x00,#000000
6.871760900000000,0,14,0x00,0x00,0x00,#000000
6.871788590000000,0,15,0x00,0x00,0x00,#000000
6.882277750000000,0,0,0x01,0x00,0x00,#010000
6.882305450000000,0,1,0x00,0x00,0x00,#000000
6.882333140000000,0,2,0x00,0x00,0x00,#000000
6.882360830000000,0,3,0x00,0x00,0x00,#000000
6.882388520000000,0,4,0x00,0x00,0x00,#000000
6.882416220000000,0,5,0x00,0x00,0x00,#000000
6.882443910000000,0,6,0x00,0x00,0x00,#000000
6.882471600000000,0,7,0x00,0x00,0x00,#000000
6.882499300000000,0,8,0x00,0x00,0x00,#000000
6.882526990000000,0,9,0x00,0x00,0x00,#000000
6.882554680000000,0,10,0x00,0x00,0x00,#000000
6.882582370000000,0,11,0x00,0x00,0x00,#000000
6.882610070000000,0,12,0x00,0x00,0x00,#000000
6.882637760000000,0,13,0x00,0x00,0x00,#000000
6.882665460000000,0,14,0x00,0x00,0x00,#000000
6.882693140000000,0,15,0x00,0x00,0x00,#000000
6.893379950000000,0,0,0x01,0x00,0x00,#010000
6.893407650000000,0,1,0x00,0x00,0x00,#000000
6.893435340000000,0,2,0x00,0x00,0x00,#000000
6.893463040000000,0,3,0x00,0x00,0x00,#000000
6.893490730000000,0,4,0x00,0x00,0x00,#000000
6.893518420000000,0,5,0x00,0x00,0x00,#000000
6.893546110000000,0,6,0x00,0x00,0x00,#000000
6.893573810000000,0,7,0x00,0x00,0x00,#000000
6.893601500000000,0,8,0x00,0x00,0x00,#000000
6.893629190000000,0,9,0x00,0x00,0x00,#000000
6.893656890000000,0,10,0x00,0x00,0x00,#000000
6.893684580000000,0,11,0x00,0x00,0x00,#000000
6.893712280000000,0,12,0x00,0x00,0x00,#000000
6.893739960000000,0,13,0x00,0x00,0x00,#000000
6.893767660000000,0,14,0x00,0x00,0x00,#000000
6.893795350000000,0,15,0x00,0x00,0x00,#000000
6.904370090000000,0,0,0x01,0x00,0x00,#010000
6.904397780000000,0,1,0x00,0x00,0x00,#000000
6.904425480000000,0,2,0x00,0x00,0x00,#000000
6.904453170000000,0,3,0x00,0x00,0x00,#000000
6.904480860000000,0,4,0x00,0x00,0x00,#000000
6.904508560000000,0,5,0x00,0x00,0x00,#000000
6.904536250000000,0,6,0x00,0x00,0x00,#000000
6.904563940000000,0,7,0x00,0x00,0x00,#000000
6.904591640000000,0,8,0x00,0x00,0x00,#000000
6.904619330000000,0,9,0x00,0x00,0x00,#000000
6.904647020000000,0,10,0x00,0x00,0x00,#000000
6.904674720000000,0,11,0x00,0x00,0x00,#000000
6.904702410000000,0,12,0x00,0x00,0x00,#000000
6.904730100000000,0,13,0x00,0x00,0x00,#000000
6.904757790000000,0,14,0x00,0x00,0x00,#000000
6.904785490000000,0,15,0x00,0x00,0x00,#000000
6.915279360000000,0,0,0x01,0x00,0x00,#010000
6.915307060000000,0,1,0x00,0x00,0x00,#000000
6.915334740000000,0,2,0x00,0x00,0x00,#000000
6.915362440000000,0,3,0x00,0x00,0x00,#000000
6.915390130000000,0,4,0x00,0x00,0x00,#000000
6.915417830000000,0,5,0x00,0x00,0x00,#000000
6.915445520000000,0,6,0x00,0x00,0x00,#000000
6.915473210000000,0,7,0x00,0x00,0x00,#000000
6.915500900000000,0,8,0x00,0x00,0x00,#000000
6.915528600000000,0,9,0x00,0x00,0x00,#000000
6.915556290000000,0,10,0x00,0x00,0x00,#000000
6.915583980000000,0,11,0x00,0x00,0x00,#000000
6.915611680000000,0,12,0x00,0x00,0x00,#000000
6.915639370000000,0,13,0x00,0x00,0x00,#000000
6.915667060000000,0,14,0x00,0x00,0x00,#000000
6.915694750000000,0,15,0x00,0x00,0x00,#000000
6.926384740000000,0,0,0x01,0x00,0x00,#010000
6.926412430000000,0,1,0x00,0x00,0x00,#000000
6.926440130000000,0,2,0x00,0x00,0x00,#000000
6.926467820000000,0,3,0x00,0x00,0x00,#000000
6.926495510000000,0,4,0x00,0x00,0x00,#000000
6.926523200000000,0,5,0x00,0x00,0x00,#000000
6.926550900000000,0,6,0x00,0x00,0x00,#000000
6.926578590000000,0,7,0x00,0x00,0x00,#000000
6.926606280000000,0,8,0x00,0x00,0x00,#000000
6.926633970000000,0,9,0x00,0x00,0x00,#000000
6.926661670000000,0,10,0x00,0x00,0x00,#000000
6.926689360000000,0,11,0x00,0x00,0x00,#000000
6.926717050000000,0,12,0x00,0x00,0x00,#000000
6.926744750000000,0,13,0x00,0x00,0x00,#000000
6.926772440000000,0,14,0x00,0x00,0x00,#000000
6.926800140000000,0,15,0x00,0x00,0x00,#000000
6.937376320000000,0,0,0x01,0x00,0x00,#010000
6.937404010000000,0,1,0x00,0x00,0x00,#000000
6.937431700000000,0,2,0x00,0x00,0x00,#000000
6.937459390000000,0,3,0x00,0x00,0x00,#000000
6.937487090000000,0,4,0x00,0x00,0x00,#000000
6.937514780000000,0,5,0x00,0x00,0x00,#000000
6.937542480000000,0,6,0x00,0x00,0x00,#000000
6.937570170000000,0,7,0x00,0x00,0x00,#000000
6.937597860000000,0,8,0x00,0x00,0x00,#000000
6.937625550000000,0,9,0x00,0x00,0x00,#000000
6.937653250000000,0,10,0x00,0x00,0x00,#000000
6.937680940000000,0,11,0x00,0x00,0x00,#000000
6.937708630000000,0,12,0x00,0x00,0x00,#000000
6.937736330000000,0,13,0x00,0x00,0x00,#000000
6.937764020000000,0,14,0x00,0x00,0x00,#000000
6.937791710000000,0,15,0x00,0x00,0x00,#000000
6.948278760000000,0,0,0x01,0x00,0x00,#010000
6.948306450000000,0,1,0x00,0x00,0x00,#000000
6.948334150000000,0,2,0x00,0x00,0x00,#000000
6.948361830000000,0,3,0x00,0x00,0x00,#000000
6.948389530000000,0,4,0x00,0x00,0x00,#000000
6.948417220000000,0,5,0x00,0x00,0x00,#000000
6.948444920000000,0,6,0x00,0x00,0x00,#000000
6.948472610000000,0,7,0x00,0x00,0x00,#000000
6.948500300000000,0,8,0x00,0x00,0x00,#000000
6.948527990000000,0,9,0x00,0x00,0x00,#000000
6.948555690000000,0,10,0x00,0x00,0x00,#000000
6.948583380000000,0,11,0x00,0x00,0x00,#000000
6.948611070000000,0,12,0x00,0x00,0x00,#000000
6.948638770000000,0,13,0x00,0x00,0x00,#000000
6.948666460000000,0,14,0x00,0x00,0x00,#000000
6.948694150000000,0,15,0x00,0x00,0x00,#000000
6.959420970000000,0,0,0x01,0x00,0x00,#010000
6.959448660000000,0,1,0x00,0x00,0x00,#000000
6.959476350000000,0,2,0x00,0x00,0x00,#000000
6.959504040000000,0,3,0x00,0x00,0x00,#000000
6.959531740000000,0,4,0x00,0x00,0x00,#000000
6.959559430000000,0,5,0x00,0x00,0x00,#000000
6.959587120000000,0,6,0x00,0x00,0x00,#000000
6.959614810000000,0,7,0x00,0x00,0x00,#000000
6.959642510000000,0,8,0x00,0x00,0x00,#000000
6.959670200000000,0,9,0x00,0x00,0x00,#000000
6.959697890000000,0,10,0x00,0x00,0x00,#000000
6.959725590000000,0,11,0x00,0x00,0x00,#000000
6.959753280000000,0,12,0x00,0x00,0x00,#000000
6.959780970000000,0,13,0x00,0x00,0x00,#000000
6.959808670000000,0,14,0x00,0x00,0x00,#000000
6.959836360000000,0,15,0x00,0x00,0x00,#000000
6.970388120000000,0,0,0x01,0x00,0x00,#010000
6.970415810000000,0,1,0x00,0x00,0x00,#000000
6.970443500000000,0,2,0x00,0x00,0x00,#000000
6.970471200000000,0,3,0x00,0x00,0x00,#000000
6.970498890000000,0,4,0x00,0x00,0x00,#000000
6.970526590000000,0,5,0x00,0x00,0x00,#000000
6.970554270000000,0,6,0x00,0x00,0x00,#000000
6.970581970000000,0,7,0x00,0x00,0x00,#000000
6.970609660000000,0,8,0x00,0x00,0x00,#000000
6.970637360000000,0,9,0x00,0x00,0x00,#000000
6.970665040000000,0,10,0x00,0x00,0x00,#000000
6.970692740000000,0,11,0x00,0x00,0x00,#000000
6.970720430000000,0,12,0x00,0x00,0x00,#000000
6.970748130000000,0,13,0x00,0x00,0x00,#000000
6.970775820000000,0,14,0x00,0x00,0x00,#000000
6.970803510000000,0,15,0x00,0x00,0x00,#000000
6.981321570000000,0,0,0x01,0x00,0x00,#010000
6.981349260000000,0,1,0x00,0x00,0x00,#000000
6.981376960000000,0,2,0x00,0x00,0x00,#000000
6.981404650000000,0,3,0x00,0x00,0x00,#000000
6.981432340000000,0,4,0x00,0x00,0x00,#000000
6.981460030000000,0,5,0x00,0x00,0x00,#000000
6.981487730000000,0,6,0x00,0x00,0x00,#000000
6.981515420000000,0,7,0x00,0x00,0x00,#000000
6.981543120000000,0,8,0x00,0x00,0x00,#000000
6.981570800000000,0,9,0x00,0x00,0x00,#000000
6.981598500000000,0,10,0x00,0x00,0x00,#000000
6.981626190000000,0,11,0x00,0x00,0x00,#000000
6.981653890000000,0,12,0x00,0x00,0x00,#000000
6.981681580000000,0,13,0x00,0x00,0x00,#000000
6.981709270000000,0,14,0x00,0x00,0x00,#000000
6.981736960000000,0,15,0x00,0x00,0x00,#000000
6.992393680000000,0,0,0x01,0x00,0x00,#010000
6.992421370000000,0,1,0x00,0x00,0x00,#000000
6.992449060000000,0,2,0x00,0x00,0x00,#000000
6.992476760000000,0,3,0x00,0x00,0x00,#000000
6.992504450000000,0,4,0x00,0x00,0x00,#000000
6.992532140000000,0,5,0x00,0x00,0x00,#000000
6.992559830000000,0,6,0x00,0x00,0x00,#000000
6.992587530000000,0,7,0x00,0x00,0x00,#000000
6.992615220000000,0,8,0x00,0x00,0x00,#000000
6.992642920000000,0,9,0x00,0x00,0x00,#000000
6.992670600000000,0,10,0x00,0x00,0x00,#000000
6.992698300000000,0,11,0x00,0x00,0x00,#000000
6.992725990000000,0,12,0x00,0x00,0x00,#000000
6.992753690000000,0,13,0x00,0x00,0x00,#000000
6.992781380000000,0,14,0x00,0x00,0x00,#000000
6.992809070000000,0,15,0x00,0x00,0x00,#000000
7.003377850000000,0,0,0x01,0x00,0x00,#010000
7.003405550000000,0,1,0x00,0x00,0x00,#000000
7.003433240000000,0,2,0x00,0x00,0x00,#000000
7.003460930000000,0,3,0x00,0x00,0x00,#000000
7.003488620000000,0,4,0x00,0x00,0x00,#000000
7.003516320000000,0,5,0x00,0x00,0x00,#000000
7.003544010000000,0,6,0x00,0x00,0x00,#000000
7.003571700000000,0,7,0x00,0x00,0x00,#000000
7.003599400000000,0,8,0x00,0x00,0x00,#000000
7.003627090000000,0,9,0x00,0x00,0x00,#000000
7.003654780000000,0,10,0x00,0x00,0x00,#000000
7.003682470000000,0,11,0x00,0x00,0x00,#000000
7.003710170000000,0,12,0x00,0x00,0x00,#000000
7.003737860000000,0,13,0x00,0x00,0x00,#000000
7.003765560000000,0,14,0x00,0x00,0x00,#000000
7.003793240000000,0,15,0x00,0x00,0x00,#000000
7.014280440000000,0,0,0x01,0x00,0x00,#010000
7.014308130000000,0,1,0x00,0x00,0x00,#000000
7.014335820000000,0,2,0x00,0x00,0x00,#000000
7.014363510000000,0,3,0x00,0x00,0x00,#000000
7.014391210000000,0,4,0x00,0x00,0x00,#000000
7.014418900000000,0,5,0x00,0x00,0x00,#000000
7.014446600000000,0,6,0x00,0x00,0x00,#000000
7.014474280000000,0,7,0x00,0x00,0x00,#000000
7.014501980000000,0,8,0x00,0x00,0x00,#000000
7.014529670000000,0,9,0x00,0x00,0x00,#000000
7.014557370000000,0,10,0x00,0x00,0x00,#000000
7.014585060000000,0,11,0x00,0x00,0x00,#000000
7.014612750000000,0,12,0x00,0x00,0x00,#000000
7.014640450000000,0,13,0x00,0x00,0x00,#000000
7.014668140000000,0,14,0x00,0x00,0x00,#000000
7.014695830000000,0,15,0x00,0x00,0x00,#000000
7.025394470000000,0,0,0x01,0x00,0x00,#010000
7.025422160000000,0,1,0x00,0x00,0x00,#000000
7.025449860000000,0,2,0x00,0x00,0x00,#000000
7.025477550000000,0,3,0x00,0x00,0x00,#000000
7.025505240000000,0,4,0x00,0x00,0x00,#000000
7.025532940000000,0,5,0x00,0x00,0x00,#000000
7.025560630000000,0,6,0x00,0x00,0x00,#000000
7.025588320000000,0,7,0x00,0x00,0x00,#000000
7.025616010000000,0,8,0x00,0x00,0x00,#000000
7.025643710000000,0,9,0x00,0x00,0x00,#000000
7.025671400000000,0,10,0x00,0x00,0x00,#000000
7.025699100000000,0,11,0x00,0x00,0x00,#000000
7.025726780000000,0,12,0x00,0x00,0x00,#000000
7.025754480000000,0,13,0x00,0x00,0x00,#000000
7.025782170000000,0,14,0x00,0x00,0x00,#000000
7.025809870000000,0,15,0x00,0x00,0x00,#000000
7.036377780000000,0,0,0x01,0x00,0x00,#010000
7.036405470000000,0,1,0x00,0x00,0x00,#000000
7.036433160000000,0,2,0x00,0x00,0x00,#000000
7.036460860000000,0,3,0x00,0x00,0x00,#000000
7.036488550000000,0,4,0x00,0x00,0x00,#000000
7.036516250000000,0,5,0x00,0x00,0x00,#000000
7.036543930000000,0,6,0x00,0x00,0x00,#000000
7.036571630000000,0,7,0x00,0x00,0x00,#000000
7.036599320000000,0,8,0x00,0x00,0x00,#000000
7.036627020000000,0,9,0x00,0x00,0x00,#000000
7.036654710000000,0,10,0x00,0x00,0x00,#000000
7.036682400000000,0,11,0x00,0x00,0x00,#000000
7.036710090000000,0,12,0x00,0x00,0x00,#000000
7.036737790000000,0,13,0x00,0x00,0x00,#000000
7.036765480000000,0,14,0x00,0x00,0x00,#000000
7.036793170000000,0,15,0x00,0x00,0x00,#000000
7.047281280000000,0,0,0x01,0x00,0x00,#010000
7.047308970000000,0,1,0x00,0x00,0x00,#000000
7.047336660000000,0,2,0x00,0x00,0x00,#000000
7.047364350000000,0,3,0x00,0x00,0x00,#000000
7.047392050000000,0,4,0x00,0x00,0x00,#000000
7.047419740000000,0,5,0x00,0x00,0x00,#000000
7.047447440000000,0,6,0x00,0x00,0x00,#000000
7.047475120000000,0,7,0x00,0x00,0x00,#000000
7.047502820000000,0,8,0x00,0x00,0x00,#000000
7.047530510000000,0,9,0x00,0x00,0x00,#000000
7.047558210000000,0,10,0x00,0x00,0x00,#000000
7.047585900000000,0,11,0x00,0x00,0x00,#000000
7.047613590000000,0,12,0x00,0x00,0x00,#000000
7.047641280000000,0,13,0x00,0x00,0x00,#000000
7.047668980000000,0,14,0x00,0x00,0x00,#000000
7.047696670000000,0,15,0x00,0x00,0x00,#000000
7.058382950000000,0,0,0x01,0x00,0x00,#010000
7.058410650000000,0,1,0x00,0x00,0x00,#000000
7.058438340000000,0,2,0x00,0x00,0x00,#000000
7.058466030000000,0,3,0x00,0x00,0x00,#000000
7.058493720000000,0,4,0x00,0x00,0x00,#000000
7.058521420000000,0,5,0x00,0x00,0x00,#000000
7.058549110000000,0,6,0x00,0x00,0x00,#000000
7.058576810000000,0,7,0x00,0x00,0x00,#000000
7.058604490000000,0,8,0x00,0x00,0x00,#000000
7.058632190000000,0,9,0x00,0x00,0x00,#000000
7.058659880000000,0,10,0x00,0x00,0x00,#000000
7.058687580000000,0,11,0x00,0x00,0x00,#000000
7.058715270000000,0,12,0x00,0x00,0x00,#000000
7.058742960000000,0,13,0x00,0x00,0x00,#000000
7.058770660000000,0,14,0x00,0x00,0x00,#000000
7.058798350000000,0,15,0x00,0x00,0x00,#000000
7.070439270000000,0,0,0x01,0x00,0x00,#010000
7.070466960000000,0,1,0x00,0x00,0x00,#000000
7.070494650000000,0,2,0x00,0x00,0x00,#000000
7.070522350000000,0,3,0x00,0x00,0x00,#000000
7.070550040000000,0,4,0x00,0x00,0x00,#000000
7.070577740000000,0,5,0x00,0x00,0x00,#000000
7.070605420000000,0,6,0x00,0x00,0x00,#000000
7.070633120000000,0,7,0x00,0x00,0x00,#000000
7.070660810000000,0,8,0x00,0x00,0x00,#000000
7.070688510000000,0,9,0x00,0x00,0x00,#000000
7.070716200000000,0,10,0x00,0x00,0x00,#000000
7.070743890000000,0,11,0x00,0x00,0x00,#000000
7.070771590000000,0,12,0x00,0x00,0x00,#000000
7.070799280000000,0,13,0x00,0x00,0x00,#000000
7.070826970000000,0,14,0x00,0x00,0x00,#000000
7.070854660000000,0,15,0x00,0x00,0x00,#000000
7.080356490000000,0,0,0x01,0x00,0x00,#010000
7.080384190000000,0,1,0x00,0x00,0x00,#000000
7.080411880000000,0,2,0x00,0x00,0x00,#000000
7.080439570000000,0,3,0x00,0x00,0x00,#000000
7.080467260000000,0,4,0x00,0x00,0x00,#000000
7.080494960000000,0,5,0x00,0x00,0x00,#000000
7.080522650000000,0,6,0x00,0x00,0x00,#000000
7.080550340000000,0,7,0x00,0x00,0x00,#000000
7.080578030000000,0,8,0x00,0x00,0x00,#000000
7.080605730000000,0,9,0x00,0x00,0x00,#000000
7.080633420000000,0,10,0x00,0x00,0x00,#000000
7.080661120000000,0,11,0x00,0x00,0x00,#000000
7.080688810000000,0,12,0x00,0x00,0x00,#000000
7.080716500000000,0,13,0x00,0x00,0x00,#000000
7.080744200000000,0,14,0x00,0x00,0x00,#000000
7.080771890000000,0,15,0x00,0x00,0x00,#000000
7.091509900000000,0,0,0x01,0x00,0x00,#010000
7.091537590000000,0,1,0x00,0x00,0x00,#000000
7.091565290000000,0,2,0x00,0x00,0x00,#000000
7.091592980000000,0,3,0x00,0x00,0x00,#000000
7.091620670000000,0,4,0x00,0x00,0x00,#000000
7.091648370000000,0,5,0x00,0x00,0x00,#000000
7.091676060000000,0,6,0x00,0x00,0x00,#000000
7.091703750000000,0,7,0x00,0x00,0x00,#000000
7.091731440000000,0,8,0x00,0x00,0x00,#000000
7.091759140000000,0,9,0x00,0x00,0x00,#000000
7.091786830000000,0,10,0x00,0x00,0x00,#000000
7.091814530000000,0,11,0x00,0x00,0x00,#000000
7.091842210000000,0,12,0x00,0x00,0x00,#000000
7.091869910000000,0,13,0x00,0x00,0x00,#000000
7.091897600000000,0,14,0x00,0x00,0x00,#000000
7.091925300000000,0,15,0x00,0x00,0x00,#000000
7.102384410000000,0,0,0x01,0x00,0x00,#010000
7.102412100000000,0,1,0x00,0x00,0x00,#000000
7.102439800000000,0,2,0x00,0x00,0x00,#000000
7.102467490000000,0,3,0x00,0x00,0x00,#000000
7.102495180000000,0,4,0x00,0x00,0x00,#000000
7.102522870000000,0,5,0x00,0x00,0x00,#000000
7.102550570000000,0,6,0x00,0x00,0x00,#000000
7.102578260000000,0,7,0x00,0x00,0x00,#000000
7.102605950000000,0,8,0x00,0x00,0x00,#000000
7.102633650000000,0,9,0x00,0x00,0x00,#000000
7.102661340000000,0,10,0x00,0x00,0x00,#000000
7.102689030000000,0,11,0x00,0x00,0x00,#000000
7.102716720000000,0,12,0x00,0x00,0x00,#000000
7.102744420000000,0,13,0x00,0x00,0x00,#000000
7.102772110000000,0,14,0x00,0x00,0x00,#000000
7.102799810000000,0,15,0x00,0x00,0x00,#000000
7.113282950000000,0,0,0x01,0x00,0x00,#010000
7.113310650000000,0,1,0x00,0x00,0x00,#000000
7.113338340000000,0,2,0x00,0x00,0x00,#000000
7.113366030000000,0,3,0x00,0x00,0x00,#000000
7.113393730000000,0,4,0x00,0x00,0x00,#000000
7.113421420000000,0,5,0x00,0x00,0x00,#000000
7.113449110000000,0,6,0x00,0x00,0x00,#000000
7.113476800000000,0,7,0x00,0x00,0x00,#000000
7.113504500000000,0,8,0x00,0x00,0x00,#000000
7.113532190000000,0,9,0x00,0x00,0x00,#000000
7.113559890000000,0,10,0x00,0x00,0x00,#000000
7.113587580000000,0,11,0x00,0x00,0x00,#000000
7.113615270000000,0,12,0x00,0x00,0x00,#000000
7.113642960000000,0,13,0x00,0x00,0x00,#000000
7.113670660000000,0,14,0x00,0x00,0x00,#000000
7.113698350000000,0,15,0x00,0x00,0x00,#000000
7.124382470000000,0,0,0x01,0x00,0x00,#010000
7.124410160000000,0,1,0x00,0x00,0x00,#000000
7.124437860000000,0,2,0x00,0x00,0x00,#000000
7.124465540000000,0,3,0x00,0x00,0x00,#000000
7.124493240000000,0,4,0x00,0x00,0x00,#000000
7.124520930000000,0,5,0x00,0x00,0x00,#000000
7.124548630000000,0,6,0x00,0x00,0x00,#000000
7.124576320000000,0,7,0x00,0x00,0x00,#000000
7.124604010000000,0,8,0x00,0x00,0x00,#000000
7.124631710000000,0,9,0x00,0x00,0x00,#000000
7.124659400000000,0,10,0x00,0x00,0x00,#000000
7.124687090000000,0,11,0x00,0x00,0x00,#000000
7.124714780000000,0,12,0x00,0x00,0x00,#000000
7.124742480000000,0,13,0x00,0x00,0x00,#000000
7.124770170000000,0,14,0x00,0x00,0x00,#000000
7.124797870000000,0,15,0x00,0x00,0x00,#000000
7.135381110000000,0,0,0x01,0x00,0x00,#010000
7.135408800000000,0,1,0x00,0x00,0x00,#000000
7.135436500000000,0,2,0x00,0x00,0x00,#000000
7.135464190000000,0,3,0x00,0x00,0x00,#000000
7.135491890000000,0,4,0x00,0x00,0x00,#000000
7.135519580000000,0,5,0x00,0x00,0x00,#000000
7.135547270000000,0,6,0x00,0x00,0x00,#000000
7.135574960000000,0,7,0x00,0x00,0x00,#000000
7.135602660000000,0,8,0x00,0x00,0x00,#000000
7.135630350000000,0,9,0x00,0x00,0x00,#000000
7.135658040000000,0,10,0x00,0x00,0x00,#000000
7.135685740000000,0,11,0x00,0x00,0x00,#000000
7.135713430000000,0,12,0x00,0x00,0x00,#000000
7.135741120000000,0,13,0x00,0x00,0x00,#000000
7.135768810000000,0,14,0x00,0x00,0x00,#000000
7.135796510000000,0,15,0x00,0x00,0x00,#000000
7.146283800000000,0,0,0x01,0x00,0x00,#010000
7.146311490000000,0,1,0x00,0x00,0x00,#000000
7.146339180000000,0,2,0x00,0x00,0x00,#000000
7.146366870000000,0,3,0x00,0x00,0x00,#000000
7.146394560000000,0,4,0x00,0x00,0x00,#000000
7.146422260000000,0,5,0x00,0x00,0x00,#000000
7.146449950000000,0,6,0x00,0x00,0x00,#000000
7.146477640000000,0,7,0x00,0x00,0x00,#000000
7.146505340000000,0,8,0x00,0x00,0x00,#000000
7.146533030000000,0,9,0x00,0x00,0x00,#000000
7.146560730000000,0,10,0x00,0x00,0x00,#000000
7.146588420000000,0,11,0x00,0x00,0x00,#000000
7.146616110000000,0,12,0x00,0x00,0x00,#000000
7.146643800000000,0,13,0x00,0x00,0x00,#000000
7.146671500000000,0,14,0x00,0x00,0x00,#000000
7.146699190000000,0,15,0x00,0x00,0x00,#000000
7.157385420000000,0,0,0x01,0x00,0x00,#010000
7.157413110000000,0,1,0x00,0x00,0x00,#000000
7.157440810000000,0,2,0x00,0x00,0x00,#000000
7.157468500000000,0,3,0x00,0x00,0x00,#000000
7.157496200000000,0,4,0x00,0x00,0x00,#000000
7.157523890000000,0,5,0x00,0x00,0x00,#000000
7.157551580000000,0,6,0x00,0x00,0x00,#000000
7.157579270000000,0,7,0x00,0x00,0x00,#000000
7.157606970000000,0,8,0x00,0x00,0x00,#000000
7.157634660000000,0,9,0x00,0x00,0x00,#000000
7.157662350000000,0,10,0x00,0x00,0x00,#000000
7.157690050000000,0,11,0x00,0x00,0x00,#000000
7.157717740000000,0,12,0x00,0x00,0x00,#000000
7.157745430000000,0,13,0x00,0x00,0x00,#000000
7.157773120000000,0,14,0x00,0x00,0x00,#000000
7.157800820000000,0,15,0x00,0x00,0x00,#000000
7.168376660000000,0,0,0x01,0x00,0x00,#010000
7.168404360000000,0,1,0x00,0x00,0x00,#000000
7.168432050000000,0,2,0x00,0x00,0x00,#000000
7.168459740000000,0,3,0x00,0x00,0x00,#000000
7.168487430000000,0,4,0x00,0x00,0x00,#000000
7.168515130000000,0,5,0x00,0x00,0x00,#000000
7.168542820000000,0,6,0x00,0x00,0x00,#000000
7.168570520000000,0,7,0x00,0x00,0x00,#000000
7.168598200000000,0,8,0x00,0x00,0x00,#000000
7.168625900000000,0,9,0x00,0x00,0x00,#000000
7.168653590000000,0,10,0x00,0x00,0x00,#000000
7.168681290000000,0,11,0x00,0x00,0x00,#000000
7.168708980000000,0,12,0x00,0x00,0x00,#000000
7.168736670000000,0,13,0x00,0x00,0x00,#000000
7.168764360000000,0,14,0x00,0x00,0x00,#000000
7.168792060000000,0,15,0x00,0x00,0x00,#000000
7.179284780000000,0,0,0x01,0x00,0x00,#010000
7.179312470000000,0,1,0x00,0x00,0x00,#000000
7.179340170000000,0,2,0x00,0x00,0x00,#000000
7.179367850000000,0,3,0x00,0x00,0x00,#000000
7.179395550000000,0,4,0x00,0x00,0x00,#000000
7.179423240000000,0,5,0x00,0x00,0x00,#000000
7.179450940000000,0,6,0x00,0x00,0x00,#000000
7.179478630000000,0,7,0x00,0x00,0x00,#000000
7.179506320000000,0,8,0x00,0x00,0x00,#000000
7.179534010000000,0,9,0x00,0x00,0x00,#000000
7.179561710000000,0,10,0x00,0x00,0x00,#000000
7.179589400000000,0,11,0x00,0x00,0x00,#000000
7.179617090000000,0,12,0x00,0x00,0x00,#000000
7.179644790000000,0,13,0x00,0x00,0x00,#000000
7.179672480000000,0,14,0x00,0x00,0x00,#000000
7.179700170000000,0,15,0x00,0x00,0x00,#000000
7.190482510000000,0,0,0x01,0x00,0x00,#010000
7.190510210000000,0,1,0x00,0x00,0x00,#000000
7.190537900000000,0,2,0x00,0x00,0x00,#000000
7.190565590000000,0,3,0x00,0x00,0x00,#000000
7.190593290000000,0,4,0x00,0x00,0x00,#000000
7.190620980000000,0,5,0x00,0x00,0x00,#000000
7.190648670000000,0,6,0x00,0x00,0x00,#000000
7.190676370000000,0,7,0x00,0x00,0x00,#000000
7.190704060000000,0,8,0x00,0x00,0x00,#000000
7.190731750000000,0,9,0x00,0x00,0x00,#000000
7.190759440000000,0,10,0x00,0x00,0x00,#000000
7.190787140000000,0,11,0x00,0x00,0x00,#000000
7.190814830000000,0,12,0x00,0x00,0x00,#000000
7.190842520000000,0,13,0x00,0x00,0x00,#000000
7.190870210000000,0,14,0x00,0x00,0x00,#000000
7.190897910000000,0,15,0x00,0x00,0x00,#000000
7.201380770000000,0,0,0x01,0x00,0x00,#010000
7.201408460000000,0,1,0x00,0x00,0x00,#000000
7.201436160000000,0,2,0x00,0x00,0x00,#000000
7.201463850000000,0,3,0x00,0x00,0x00,#000000
7.201491540000000,0,4,0x00,0x00,0x00,#000000
7.201519240000000,0,5,0x00,0x00,0x00,#000000
7.201546930000000,0,6,0x00,0x00,0x00,#000000
7.201574620000000,0,7,0x00,0x00,0x00,#000000
7.201602320000000,0,8,0x00,0x00,0x00,#000000
7.201630010000000,0,9,0x00,0x00,0x00,#000000
7.201657700000000,0,10,0x00,0x00,0x00,#000000
7.201685400000000,0,11,0x00,0x00,0x00,#000000
7.201713090000000,0,12,0x00,0x00,0x00,#000000
7.201740780000000,0,13,0x00,0x00,0x00,#000000
7.201768470000000,0,14,0x00,0x00,0x00,#000000
7.201796170000000,0,15,0x00,0x00,0x00,#000000
7.212285470000000,0,0,0x01,0x00,0x00,#010000
7.212313170000000,0,1,0x00,0x00,0x00,#000000
7.212340860000000,0,2,0x00,0x00,0x00,#000000
7.212368550000000,0,3,0x00,0x00,0x00,#000000
7.212396240000000,0,4,0x00,0x00,0x00,#000000
7.212423940000000,0,5,0x00,0x00,0x00,#000000
7.212451630000000,0,6,0x00,0x00,0x00,#000000
7.212479320000000,0,7,0x00,0x00,0x00,#000000
7.212507010000000,0,8,0x00,0x00,0x00,#000000
7.212534710000000,0,9,0x00,0x00,0x00,#000000
7.212562400000000,0,10,0x00,0x00,0x00,#000000
7.212590100000000,0,11,0x00,0x00,0x00,#000000
7.212617790000000,0,12,0x00,0x00,0x00,#000000
7.212645480000000,0,13,0x00,0x00,0x00,#000000
7.212673180000000,0,14,0x00,0x00,0x00,#000000
7.212700870000000,0,15,0x00,0x00,0x00,#000000
7.223382150000000,0,0,0x01,0x00,0x00,#010000
7.223409840000000,0,1,0x00,0x00,0x00,#000000
7.223437540000000,0,2,0x00,0x00,0x00,#000000
7.223465220000000,0,3,0x00,0x00,0x00,#000000
7.223492920000000,0,4,0x00,0x00,0x00,#000000
7.223520620000000,0,5,0x00,0x00,0x00,#000000
7.223548310000000,0,6,0x00,0x00,0x00,#000000
7.223576000000000,0,7,0x00,0x00,0x00,#000000
7.223603690000000,0,8,0x00,0x00,0x00,#000000
7.223631390000000,0,9,0x00,0x00,0x00,#000000
7.223659080000000,0,10,0x00,0x00,0x00,#000000
7.223686770000000,0,11,0x00,0x00,0x00,#000000
7.223714460000000,0,12,0x00,0x00,0x00,#000000
7.223742160000000,0,13,0x00,0x00,0x00,#000000
7.223769850000000,0,14,0x00,0x00,0x00,#000000
7.223797550000000,0,15,0x00,0x00,0x00,#000000
7.234394590000000,0,0,0x01,0x00,0x00,#010000
7.234422280000000,0,1,0x00,0x00,0x00,#000000
7.234449980000000,0,2,0x00,0x00,0x00,#000000
7.234477670000000,0,3,0x00,0x00,0x00,#000000
7.234505360000000,0,4,0x00,0x00,0x00,#000000
7.234533060000000,0,5,0x00,0x00,0x00,#000000
7.234560750000000,0,6,0x00,0x00,0x00,#000000
7.234588450000000,0,7,0x00,0x00,0x00,#000000
7.234616130000000,0,8,0x00,0x00,0x00,#000000
7.234643830000000,0,9,0x00,0x00,0x00,#000000
7.234671520000000,0,10,0x00,0x00,0x00,#000000
7.234699220000000,0,11,0x00,0x00,0x00,#000000
7.234726910000000,0,12,0x00,0x00,0x00,#000000
7.234754600000000,0,13,0x00,0x00,0x00,#000000
7.234782290000000,0,14,0x00,0x00,0x00,#000000
7.234809990000000,0,15,0x00,0x00,0x00,#000000
7.245286310000000,0,0,0x01,0x00,0x00,#010000
7.245314000000000,0,1,0x00,0x00,0x00,#000000
7.245341700000000,0,2,0x00,0x00,0x00,#000000
7.245369390000000,0,3,0x00,0x00,0x00,#000000
7.245397080000000,0,4,0x00,0x00,0x00,#000000
7.245424780000000,0,5,0x00,0x00,0x00,#000000
7.245452470000000,0,6,0x00,0x00,0x00,#000000
7.245480160000000,0,7,0x00,0x00,0x00,#000000
7.245507850000000,0,8,0x00,0x00,0x00,#000000
7.245535550000000,0,9,0x00,0x00,0x00,#000000
7.245563240000000,0,10,0x00,0x00,0x00,#000000
7.245590940000000,0,11,0x00,0x00,0x00,#000000
7.245618630000000,0,12,0x00,0x00,0x00,#000000
7.245646320000000,0,13,0x00,0x00,0x00,#000000
7.245674010000000,0,14,0x00,0x00,0x00,#000000
7.245701710000000,0,15,0x00,0x00,0x00,#000000
7.256387890000000,0,0,0x01,0x00,0x00,#010000
7.256415590000000,0,1,0x00,0x00,0x00,#000000
7.256443280000000,0,2,0x00,0x00,0x00,#000000
7.256470970000000,0,3,0x00,0x00,0x00,#000000
7.256498660000000,0,4,0x00,0x00,0x00,#000000
7.256526360000000,0,5,0x00,0x00,0x00,#000000
7.256554050000000,0,6,0x00,0x00,0x00,#000000
7.256581740000000,0,7,0x00,0x00,0x00,#000000
7.256609440000000,0,8,0x00,0x00,0x00,#000000
7.256637130000000,0,9,0x00,0x00,0x00,#000000
7.256664820000000,0,10,0x00,0x00,0x00,#000000
7.256692510000000,0,11,0x00,0x00,0x00,#000000
7.256720210000000,0,12,0x00,0x00,0x00,#000000
7.256747900000000,0,13,0x00,0x00,0x00,#000000
7.256775600000000,0,14,0x00,0x00,0x00,#000000
7.256803280000000,0,15,0x00,0x00,0x00,#000000
7.267388600000000,0,0,0x01,0x00,0x00,#010000
7.267416300000000,0,1,0x00,0x00,0x00,#000000
7.267443990000000,0,2,0x00,0x00,0x00,#000000
7.267471680000000,0,3,0x00,0x00,0x00,#000000
7.267499380000000,0,4,0x00,0x00,0x00,#000000
7.267527070000000,0,5,0x00,0x00,0x00,#000000
7.267554760000000,0,6,0x00,0x00,0x00,#000000
7.267582450000000,0,7,0x00,0x00,0x00,#000000
7.267610150000000,0,8,0x00,0x00,0x00,#000000
7.267637840000000,0,9,0x00,0x00,0x00,#000000
7.267665540000000,0,10,0x00,0x00,0x00,#000000
7.267693220000000,0,11,0x00,0x00,0x00,#000000
7.267720920000000,0,12,0x00,0x00,0x00,#000000
7.267748610000000,0,13,0x00,0x00,0x00,#000000
7.267776310000000,0,14,0x00,0x00,0x00,#000000
7.267804000000000,0,15,0x00,0x00,0x00,#000000
7.278287150000000,0,0,0x01,0x00,0x00,#010000
7.278314840000000,0,1,0x00,0x00,0x00,#000000
7.278342540000000,0,2,0x00,0x00,0x00,#000000
7.278370230000000,0,3,0x00,0x00,0x00,#000000
7.278397920000000,0,4,0x00,0x00,0x00,#000000
7.278425620000000,0,5,0x00,0x00,0x00,#000000
7.278453310000000,0,6,0x00,0x00,0x00,#000000
7.278481000000000,0,7,0x00,0x00,0x00,#000000
7.278508690000000,0,8,0x00,0x00,0x00,#000000
7.278536390000000,0,9,0x00,0x00,0x00,#000000
7.278564080000000,0,10,0x00,0x00,0x00,#000000
7.278591780000000,0,11,0x00,0x00,0x00,#000000
7.278619460000000,0,12,0x00,0x00,0x00,#000000
7.278647160000000,0,13,0x00,0x00,0x00,#000000
7.278674850000000,0,14,0x00,0x00,0x00,#000000
7.278702550000000,0,15,0x00,0x00,0x00,#000000
7.289394550000000,0,0,0x01,0x00,0x00,#010000
7.289422240000000,0,1,0x00,0x00,0x00,#000000
7.289449930000000,0,2,0x00,0x00,0x00,#000000
7.289477630000000,0,3,0x00,0x00,0x00,#000000
7.289505320000000,0,4,0x00,0x00,0x00,#000000
7.289533010000000,0,5,0x00,0x00,0x00,#000000
7.289560710000000,0,6,0x00,0x00,0x00,#000000
7.289588400000000,0,7,0x00,0x00,0x00,#000000
7.289616090000000,0,8,0x00,0x00,0x00,#000000
7.289643780000000,0,9,0x00,0x00,0x00,#000000
7.289671480000000,0,10,0x00,0x00,0x00,#000000
7.289699170000000,0,11,0x00,0x00,0x00,#000000
7.289726870000000,0,12,0x00,0x00,0x00,#000000
7.289754560000000,0,13,0x00,0x00,0x00,#000000
7.289782250000000,0,14,0x00,0x00,0x00,#000000
7.289809940000000,0,15,0x00,0x00,0x00,#000000
7.300388190000000,0,0,0x01,0x00,0x00,#010000
7.300415890000000,0,1,0x00,0x00,0x00,#000000
7.300443580000000,0,2,0x00,0x00,0x00,#000000
7.300471270000000,0,3,0x00,0x00,0x00,#000000
7.300498960000000,0,4,0x00,0x00,0x00,#000000
7.300526660000000,0,5,0x00,0x00,0x00,#000000
7.300554350000000,0,6,0x00,0x00,0x00,#000000
7.300582040000000,0,7,0x00,0x00,0x00,#000000
7.300609740000000,0,8,0x00,0x00,0x00,#000000
7.300637430000000,0,9,0x00,0x00,0x00,#000000
7.300665130000000,0,10,0x00,0x00,0x00,#000000
7.300692810000000,0,11,0x00,0x00,0x00,#000000
7.300720510000000,0,12,0x00,0x00,0x00,#000000
7.300748200000000,0,13,0x00,0x00,0x00,#000000
7.300775900000000,0,14,0x00,0x00,0x00,#000000
7.300803590000000,0,15,0x00,0x00,0x00,#000000
7.311287990000000,0,0,0x01,0x00,0x00,#010000
7.311315680000000,0,1,0x00,0x00,0x00,#000000
7.311343380000000,0,2,0x00,0x00,0x00,#000000
7.311371070000000,0,3,0x00,0x00,0x00,#000000
7.311398760000000,0,4,0x00,0x00,0x00,#000000
7.311426460000000,0,5,0x00,0x00,0x00,#000000
7.311454150000000,0,6,0x00,0x00,0x00,#000000
7.311481840000000,0,7,0x00,0x00,0x00,#000000
7.311509530000000,0,8,0x00,0x00,0x00,#000000
7.311537230000000,0,9,0x00,0x00,0x00,#000000
7.311564920000000,0,10,0x00,0x00,0x00,#000000
7.311592620000000,0,11,0x00,0x00,0x00,#000000
7.311620300000000,0,12,0x00,0x00,0x00,#000000
7.311648000000000,0,13,0x00,0x00,0x00,#000000
7.311675690000000,0,14,0x00,0x00,0x00,#000000
7.311703390000000,0,15,0x00,0x00,0x00,#000000
7.322402550000000,0,0,0x01,0x00,0x00,#010000
7.322430240000000,0,1,0x00,0x00,0x00,#000000
7.322457940000000,0,2,0x00,0x00,0x00,#000000
7.322485630000000,0,3,0x00,0x00,0x00,#000000
7.322513320000000,0,4,0x00,0x00,0x00,#000000
7.322541020000000,0,5,0x00,0x00,0x00,#000000
7.322568710000000,0,6,0x00,0x00,0x00,#000000
7.322596400000000,0,7,0x00,0x00,0x00,#000000
7.322624100000000,0,8,0x00,0x00,0x00,#000000
7.322651790000000,0,9,0x00,0x00,0x00,#000000
7.322679480000000,0,10,0x00,0x00,0x00,#000000
7.322707170000000,0,11,0x00,0x00,0x00,#000000
7.322734870000000,0,12,0x00,0x00,0x00,#000000
7.322762560000000,0,13,0x00,0x00,0x00,#000000
7.322790250000000,0,14,0x00,0x00,0x00,#000000
7.322817940000000,0,15,0x00,0x00,0x00,#000000
7.333403500000000,0,0,0x01,0x00,0x00,#010000
7.333431200000000,0,1,0x00,0x00,0x00,#000000
7.333458890000000,0,2,0x00,0x00,0x00,#000000
7.333486580000000,0,3,0x00,0x00,0x00,#000000
7.333514270000000,0,4,0x00,0x00,0x00,#000000
7.333541970000000,0,5,0x00,0x00,0x00,#000000
7.333569660000000,0,6,0x00,0x00,0x00,#000000
7.333597360000000,0,7,0x00,0x00,0x00,#000000
7.333625050000000,0,8,0x00,0x00,0x00,#000000
7.333652740000000,0,9,0x00,0x00,0x00,#000000
7.333680430000000,0,10,0x00,0x00,0x00,#000000
7.333708130000000,0,11,0x00,0x00,0x00,#000000
7.333735820000000,0,12,0x00,0x00,0x00,#000000
7.333763510000000,0,13,0x00,0x00,0x00,#000000
7.333791200000000,0,14,0x00,0x00,0x00,#000000
7.333818900000000,0,15,0x00,0x00,0x00,#000000
7.344288830000000,0,0,0x01,0x00,0x00,#010000
7.344316520000000,0,1,0x00,0x00,0x00,#000000
7.344344220000000,0,2,0x00,0x00,0x00,#000000
7.344371910000000,0,3,0x00,0x00,0x00,#000000
7.344399600000000,0,4,0x00,0x00,0x00,#000000
7.344427290000000,0,5,0x00,0x00,0x00,#000000
7.344454990000000,0,6,0x00,0x00,0x00,#000000
7.344482680000000,0,7,0x00,0x00,0x00,#000000
7.344510370000000,0,8,0x00,0x00,0x00,#000000
7.344538070000000,0,9,0x00,0x00,0x00,#000000
7.344565760000000,0,10,0x00,0x00,0x00,#000000
7.344593450000000,0,11,0x00,0x00,0x00,#000000
7.344621140000000,0,12,0x00,0x00,0x00,#000000
7.344648840000000,0,13,0x00,0x00,0x00,#000000
7.344676530000000,0,14,0x00,0x00,0x00,#000000
7.344704230000000,0,15,0x00,0x00,0x00,#000000
7.355392670000000,0,0,0x01,0x00,0x00,#010000
7.355420360000000,0,1,0x00,0x00,0x00,#000000
7.355448060000000,0,2,0x00,0x00,0x00,#000000
7.355475750000000,0,3,0x00,0x00,0x00,#000000
7.355503440000000,0,4,0x00,0x00,0x00,#000000
7.355531130000000,0,5,0x00,0x00,0x00,#000000
7.355558830000000,0,6,0x00,0x00,0x00,#000000
7.355586520000000,0,7,0x00,0x00,0x00,#000000
7.355614210000000,0,8,0x00,0x00,0x00,#000000
7.355641900000000,0,9,0x00,0x00,0x00,#000000
7.355669600000000,0,10,0x00,0x00,0x00,#000000
7.355697290000000,0,11,0x00,0x00,0x00,#000000
7.355724990000000,0,12,0x00,0x00,0x00,#000000
7.355752680000000,0,13,0x00,0x00,0x00,#000000
7.355780370000000,0,14,0x00,0x00,0x00,#000000
7.355808060000000,0,15,0x00,0x00,0x00,#000000
7.366392950000000,0,0,0x01,0x00,0x00,#010000
7.366420640000000,0,1,0x00,0x00,0x00,#000000
7.366448340000000,0,2,0x00,0x00,0x00,#000000
7.366476030000000,0,3,0x00,0x00,0x00,#000000
7.366503720000000,0,4,0x00,0x00,0x00,#000000
7.366531410000000,0,5,0x00,0x00,0x00,#000000
7.366559110000000,0,6,0x00,0x00,0x00,#000000
7.366586800000000,0,7,0x00,0x00,0x00,#000000
7.366614490000000,0,8,0x00,0x00,0x00,#000000
7.366642180000000,0,9,0x00,0x00,0x00,#000000
7.366669880000000,0,10,0x00,0x00,0x00,#000000
7.366697570000000,0,11,0x00,0x00,0x00,#000000
7.366725270000000,0,12,0x00,0x00,0x00,#000000
7.366752960000000,0,13,0x00,0x00,0x00,#000000
7.366780650000000,0,14,0x00,0x00,0x00,#000000
7.366808340000000,0,15,0x00,0x00,0x00,#000000
7.377300200000000,0,0,0x01,0x00,0x00,#010000
7.377327890000000,0,1,0x00,0x00,0x00,#000000
7.377355580000000,0,2,0x00,0x00,0x00,#000000
7.377383280000000,0,3,0x00,0x00,0x00,#000000
7.377410970000000,0,4,0x00,0x00,0x00,#000000
7.377438660000000,0,5,0x00,0x00,0x00,#000000
7.377466350000000,0,6,0x00,0x00,0x00,#000000
7.377494050000000,0,7,0x00,0x00,0x00,#000000
7.377521740000000,0,8,0x00,0x00,0x00,#000000
7.377549440000000,0,9,0x00,0x00,0x00,#000000
7.377577120000000,0,10,0x00,0x00,0x00,#000000
7.377604820000000,0,11,0x00,0x00,0x00,#000000
7.377632510000000,0,12,0x00,0x00,0x00,#000000
7.377660210000000,0,13,0x00,0x00,0x00,#000000
7.377687900000000,0,14,0x00,0x00,0x00,#000000
7.377715590000000,0,15,0x00,0x00,0x00,#000000
7.388398700000000,0,0,0x01,0x00,0x00,#010000
7.388426390000000,0,1,0x00,0x00,0x00,#000000
7.388454090000000,0,2,0x00,0x00,0x00,#000000
7.388481780000000,0,3,0x00,0x00,0x00,#000000
7.388509470000000,0,4,0x00,0x00,0x00,#000000
7.388537170000000,0,5,0x00,0x00,0x00,#000000
7.388564860000000,0,6,0x00,0x00,0x00,#000000
7.388592550000000,0,7,0x00,0x00,0x00,#000000
7.388620240000000,0,8,0x00,0x00,0x00,#000000
7.388647940000000,0,9,0x00,0x00,0x00,#000000
7.388675630000000,0,10,0x00,0x00,0x00,#000000
7.388703330000000,0,11,0x00,0x00,0x00,#000000
7.388731010000000,0,12,0x00,0x00,0x00,#000000
7.388758710000000,0,13,0x00,0x00,0x00,#000000
7.388786400000000,0,14,0x00,0x00,0x00,#000000
7.388814100000000,0,15,0x00,0x00,0x00,#000000
7.399384070000000,0,0,0x01,0x00,0x00,#010000
7.399411770000000,0,1,0x00,0x00,0x00,#000000
7.399439460000000,0,2,0x00,0x00,0x00,#000000
7.399467160000000,0,3,0x00,0x00,0x00,#000000
7.399494850000000,0,4,0x00,0x00,0x00,#000000
7.399522540000000,0,5,0x00,0x00,0x00,#000000
7.399550230000000,0,6,0x00,0x00,0x00,#000000
7.399577930000000,0,7,0x00,0x00,0x00,#000000
7.399605620000000,0,8,0x00,0x00,0x00,#000000
7.399633310000000,0,9,0x00,0x00,0x00,#000000
7.399661000000000,0,10,0x00,0x00,0x00,#000000
7.399688700000000,0,11,0x00,0x00,0x00,#000000
7.399716390000000,0,12,0x00,0x00,0x00,#000000
7.399744080000000,0,13,0x00,0x00,0x00,#000000
7.399771780000000,0,14,0x00,0x00,0x00,#000000
7.399799470000000,0,15,0x00,0x00,0x00,#000000
7.410290510000000,0,0,0x01,0x00,0x00,#010000
7.410318200000000,0,1,0x00,0x00,0x00,#000000
7.410345890000000,0,2,0x00,0x00,0x00,#000000
7.410373580000000,0,3,0x00,0x00,0x00,#000000
7.410401280000000,0,4,0x00,0x00,0x00,#000000
7.410428970000000,0,5,0x00,0x00,0x00,#000000
7.410456670000000,0,6,0x00,0x00,0x00,#000000
7.410484350000000,0,7,0x00,0x00,0x00,#000000
7.410512050000000,0,8,0x00,0x00,0x00,#000000
7.410539740000000,0,9,0x00,0x00,0x00,#000000
7.410567440000000,0,10,0x00,0x00,0x00,#000000
7.410595130000000,0,11,0x00,0x00,0x00,#000000
7.410622820000000,0,12,0x00,0x00,0x00,#000000
7.410650510000000,0,13,0x00,0x00,0x00,#000000
7.410678210000000,0,14,0x00,0x00,0x00,#000000
7.410705900000000,0,15,0x00,0x00,0x00,#000000
7.421445880000000,0,0,0x01,0x00,0x00,#010000
7.421473580000000,0,1,0x00,0x00,0x00,#000000
7.421501270000000,0,2,0x00,0x00,0x00,#000000
7.421528970000000,0,3,0x00,0x00,0x00,#000000
7.421556660000000,0,4,0x00,0x00,0x00,#000000
7.421584350000000,0,5,0x00,0x00,0x00,#000000
7.421612040000000,0,6,0x00,0x00,0x00,#000000
7.421639740000000,0,7,0x00,0x00,0x00,#000000
7.421667430000000,0,8,0x00,0x00,0x00,#000000
7.421695120000000,0,9,0x00,0x00,0x00,#000000
7.421722810000000,0,10,0x00,0x00,0x00,#000000
7.421750510000000,0,11,0x00,0x00,0x00,#000000
7.421778200000000,0,12,0x00,0x00,0x00,#000000
7.421805890000000,0,13,0x00,0x00,0x00,#000000
7.421833590000000,0,14,0x00,0x00,0x00,#000000
7.421861280000000,0,15,0x00,0x00,0x00,#000000
7.432417030000000,0,0,0x01,0x00,0x00,#010000
7.432444730000000,0,1,0x00,0x00,0x00,#000000
7.432472410000000,0,2,0x00,0x00,0x00,#000000
7.432500110000000,0,3,0x00,0x00,0x00,#000000
7.432527800000000,0,4,0x00,0x00,0x00,#000000
7.432555500000000,0,5,0x00,0x00,0x00,#000000
7.432583190000000,0,6,0x00,0x00,0x00,#000000
7.432610880000000,0,7,0x00,0x00,0x00,#000000
7.432638570000000,0,8,0x00,0x00,0x00,#000000
7.432666270000000,0,9,0x00,0x00,0x00,#000000
7.432693960000000,0,10,0x00,0x00,0x00,#000000
7.432721650000000,0,11,0x00,0x00,0x00,#000000
7.432749350000000,0,12,0x00,0x00,0x00,#000000
7.432777040000000,0,13,0x00,0x00,0x00,#000000
7.432804730000000,0,14,0x00,0x00,0x00,#000000
7.432832420000000,0,15,0x00,0x00,0x00,#000000
7.443291350000000,0,0,0x01,0x00,0x00,#010000
7.443319040000000,0,1,0x00,0x00,0x00,#000000
7.443346730000000,0,2,0x00,0x00,0x00,#000000
7.443374420000000,0,3,0x00,0x00,0x00,#000000
7.443402120000000,0,4,0x00,0x00,0x00,#000000
7.443429810000000,0,5,0x00,0x00,0x00,#000000
7.443457510000000,0,6,0x00,0x00,0x00,#000000
7.443485190000000,0,7,0x00,0x00,0x00,#000000
7.443512890000000,0,8,0x00,0x00,0x00,#000000
7.443540580000000,0,9,0x00,0x00,0x00,#000000
7.443568280000000,0,10,0x00,0x00,0x00,#000000
7.443595970000000,0,11,0x00,0x00,0x00,#000000
7.443623660000000,0,12,0x00,0x00,0x00,#000000
7.443651350000000,0,13,0x00,0x00,0x00,#000000
7.443679050000000,0,14,0x00,0x00,0x00,#000000
7.443706740000000,0,15,0x00,0x00,0x00,#000000
7.454394660000000,0,0,0x01,0x00,0x00,#010000
7.454422350000000,0,1,0x00,0x00,0x00,#000000
7.454450040000000,0,2,0x00,0x00,0x00,#000000
7.454477740000000,0,3,0x00,0x00,0x00,#000000
7.454505430000000,0,4,0x00,0x00,0x00,#000000
7.454533120000000,0,5,0x00,0x00,0x00,#000000
7.454560810000000,0,6,0x00,0x00,0x00,#000000
7.454588510000000,0,7,0x00,0x00,0x00,#000000
7.454616200000000,0,8,0x00,0x00,0x00,#000000
7.454643900000000,0,9,0x00,0x00,0x00,#000000
7.454671580000000,0,10,0x00,0x00,0x00,#000000
7.454699280000000,0,11,0x00,0x00,0x00,#000000
7.454726970000000,0,12,0x00,0x00,0x00,#000000
7.454754670000000,0,13,0x00,0x00,0x00,#000000
7.454782360000000,0,14,0x00,0x00,0x00,#000000
7.454810050000000,0,15,0x00,0x00,0x00,#000000
7.465393010000000,0,0,0x01,0x00,0x00,#010000
7.465420710000000,0,1,0x00,0x00,0x00,#000000
7.465448400000000,0,2,0x00,0x00,0x00,#000000
7.465476090000000,0,3,0x00,0x00,0x00,#000000
7.465503780000000,0,4,0x00,0x00,0x00,#000000
7.465531480000000,0,5,0x00,0x00,0x00,#000000
7.465559170000000,0,6,0x00,0x00,0x00,#000000
7.465586860000000,0,7,0x00,0x00,0x00,#000000
7.465614560000000,0,8,0x00,0x00,0x00,#000000
7.465642250000000,0,9,0x00,0x00,0x00,#000000
7.465669940000000,0,10,0x00,0x00,0x00,#000000
7.465697630000000,0,11,0x00,0x00,0x00,#000000
7.465725330000000,0,12,0x00,0x00,0x00,#000000
7.465753020000000,0,13,0x00,0x00,0x00,#000000
7.465780720000000,0,14,0x00,0x00,0x00,#000000
7.465808410000000,0,15,0x00,0x00,0x00,#000000
7.476292180000000,0,0,0x01,0x00,0x00,#010000
7.476319880000000,0,1,0x00,0x00,0x00,#000000
7.476347570000000,0,2,0x00,0x00,0x00,#000000
7.476375260000000,0,3,0x00,0x00,0x00,#000000
7.476402950000000,0,4,0x00,0x00,0x00,#000000
7.476430650000000,0,5,0x00,0x00,0x00,#000000
7.476458340000000,0,6,0x00,0x00,0x00,#000000
7.476486030000000,0,7,0x00,0x00,0x00,#000000
7.476513730000000,0,8,0x00,0x00,0x00,#000000
7.476541420000000,0,9,0x00,0x00,0x00,#000000
7.476569120000000,0,10,0x00,0x00,0x00,#000000
7.476596810000000,0,11,0x00,0x00,0x00,#000000
7.476624500000000,0,12,0x00,0x00,0x00,#000000
7.476652190000000,0,13,0x00,0x00,0x00,#000000
7.476679890000000,0,14,0x00,0x00,0x00,#000000
7.476707580000000,0,15,0x00,0x00,0x00,#000000
7.487395880000000,0,0,0x01,0x00,0x00,#010000
7.487423570000000,0,1,0x00,0x00,0x00,#000000
7.487451270000000,0,2,0x00,0x00,0x00,#000000
7.487478960000000,0,3,0x00,0x00,0x00,#000000
7.487506650000000,0,4,0x00,0x00,0x00,#000000
7.487534340000000,0,5,0x00,0x00,0x00,#000000
7.487562040000000,0,6,0x00,0x00,0x00,#000000
7.487589730000000,0,7,0x00,0x00,0x00,#000000
7.487617420000000,0,8,0x00,0x00,0x00,#000000
7.487645110000000,0,9,0x00,0x00,0x00,#000000
7.487672810000000,0,10,0x00,0x00,0x00,#000000
7.487700500000000,0,11,0x00,0x00,0x00,#000000
7.487728190000000,0,12,0x00,0x00,0x00,#000000
7.487755890000000,0,13,0x00,0x00,0x00,#000000
7.487783580000000,0,14,0x00,0x00,0x00,#000000
7.487811280000000,0,15,0x00,0x00,0x00,#000000
7.498398760000000,0,0,0x01,0x00,0x00,#010000
7.498426450000000,0,1,0x00,0x00,0x00,#000000
7.498454140000000,0,2,0x00,0x00,0x00,#000000
7.498481830000000,0,3,0x00,0x00,0x00,#000000
7.498509530000000,0,4,0x00,0x00,0x00,#000000
7.498537220000000,0,5,0x00,0x00,0x00,#000000
7.498564910000000,0,6,0x00,0x00,0x00,#000000
7.498592610000000,0,7,0x00,0x00,0x00,#000000
7.498620300000000,0,8,0x00,0x00,0x00,#000000
7.498648000000000,0,9,0x00,0x00,0x00,#000000
7.498675680000000,0,10,0x00,0x00,0x00,#000000
7.498703380000000,0,11,0x00,0x00,0x00,#000000
7.498731070000000,0,12,0x00,0x00,0x00,#000000
7.498758770000000,0,13,0x00,0x00,0x00,#000000
7.498786460000000,0,14,0x00,0x00,0x00,#000000
7.498814150000000,0,15,0x00,0x00,0x00,#000000
7.509293170000000,0,0,0x01,0x00,0x00,#010000
7.509320860000000,0,1,0x00,0x00,0x00,#000000
7.509348560000000,0,2,0x00,0x00,0x00,#000000
7.509376240000000,0,3,0x00,0x00,0x00,#000000
7.509403940000000,0,4,0x00,0x00,0x00,#000000
7.509431630000000,0,5,0x00,0x00,0x00,#000000
7.509459330000000,0,6,0x00,0x00,0x00,#000000
7.509487020000000,0,7,0x00,0x00,0x00,#000000
7.509514710000000,0,8,0x00,0x00,0x00,#000000
7.509542400000000,0,9,0x00,0x00,0x00,#000000
7.509570100000000,0,10,0x00,0x00,0x00,#000000
7.509597790000000,0,11,0x00,0x00,0x00,#000000
7.509625480000000,0,12,0x00,0x00,0x00,#000000
7.509653180000000,0,13,0x00,0x00,0x00,#000000
7.509680870000000,0,14,0x00,0x00,0x00,#000000
7.509708560000000,0,15,0x00,0x00,0x00,#000000
7.520384890000000,0,0,0x01,0x00,0x00,#010000
7.520412590000000,0,1,0x00,0x00,0x00,#000000
7.520440270000000,0,2,0x00,0x00,0x00,#000000
7.520467970000000,0,3,0x00,0x00,0x00,#000000
7.520495660000000,0,4,0x00,0x00,0x00,#000000
7.520523360000000,0,5,0x00,0x00,0x00,#000000
7.520551050000000,0,6,0x00,0x00,0x00,#000000
7.520578740000000,0,7,0x00,0x00,0x00,#000000
7.520606430000000,0,8,0x00,0x00,0x00,#000000
7.520634130000000,0,9,0x00,0x00,0x00,#000000
7.520661820000000,0,10,0x00,0x00,0x00,#000000
7.520689510000000,0,11,0x00,0x00,0x00,#000000
7.520717210000000,0,12,0x00,0x00,0x00,#000000
7.520744900000000,0,13,0x00,0x00,0x00,#000000
7.520772600000000,0,14,0x00,0x00,0x00,#000000
7.520800280000000,0,15,0x00,0x00,0x00,#000000
7.531409980000000,0,0,0x01,0x00,0x00,#010000
7.531437670000000,0,1,0x00,0x00,0x00,#000000
7.531465370000000,0,2,0x00,0x00,0x00,#000000
7.531493050000000,0,3,0x00,0x00,0x00,#000000
7.531520750000000,0,4,0x00,0x00,0x00,#000000
7.531548440000000,0,5,0x00,0x00,0x00,#000000
7.531576140000000,0,6,0x00,0x00,0x00,#000000
7.531603830000000,0,7,0x00,0x00,0x00,#000000
7.531631520000000,0,8,0x00,0x00,0x00,#000000
7.531659220000000,0,9,0x00,0x00,0x00,#000000
7.531686910000000,0,10,0x00,0x00,0x00,#000000
7.531714600000000,0,11,0x00,0x00,0x00,#000000
7.531742290000000,0,12,0x00,0x00,0x00,#000000
7.531769990000000,0,13,0x00,0x00,0x00,#000000
7.531797680000000,0,14,0x00,0x00,0x00,#000000
7.531825380000000,0,15,0x00,0x00,0x00,#000000
7.542356410000000,0,0,0x01,0x00,0x00,#010000
7.542384110000000,0,1,0x00,0x00,0x00,#000000
7.542411800000000,0,2,0x00,0x00,0x00,#000000
7.542439490000000,0,3,0x00,0x00,0x00,#000000
7.542467180000000,0,4,0x00,0x00,0x00,#000000
7.542494880000000,0,5,0x00,0x00,0x00,#000000
7.542522570000000,0,6,0x00,0x00,0x00,#000000
7.542550260000000,0,7,0x00,0x00,0x00,#000000
7.542577960000000,0,8,0x00,0x00,0x00,#000000
7.542605650000000,0,9,0x00,0x00,0x00,#000000
7.542633340000000,0,10,0x00,0x00,0x00,#000000
7.542661030000000,0,11,0x00,0x00,0x00,#000000
7.542688730000000,0,12,0x00,0x00,0x00,#000000
7.542716420000000,0,13,0x00,0x00,0x00,#000000
7.542744120000000,0,14,0x00,0x00,0x00,#000000
7.542771800000000,0,15,0x00,0x00,0x00,#000000
7.553399190000000,0,0,0x01,0x00,0x00,#010000
7.553426890000000,0,1,0x00,0x00,0x00,#000000
7.553454580000000,0,2,0x00,0x00,0x00,#000000
7.553482270000000,0,3,0x00,0x00,0x00,#000000
7.553509960000000,0,4,0x00,0x00,0x00,#000000
7.553537660000000,0,5,0x00,0x00,0x00,#000000
7.553565350000000,0,6,0x00,0x00,0x00,#000000
7.553593040000000,0,7,0x00,0x00,0x00,#000000
7.553620740000000,0,8,0x00,0x00,0x00,#000000
7.553648430000000,0,9,0x00,0x00,0x00,#000000
7.553676120000000,0,10,0x00,0x00,0x00,#000000
7.553703810000000,0,11,0x00,0x00,0x00,#000000
7.553731510000000,0,12,0x00,0x00,0x00,#000000
7.553759200000000,0,13,0x00,0x00,0x00,#000000
7.553786900000000,0,14,0x00,0x00,0x00,#000000
7.553814580000000,0,15,0x00,0x00,0x00,#000000
7.564386730000000,0,0,0x01,0x00,0x00,#010000
7.564414420000000,0,1,0x00,0x00,0x00,#000000
7.564442120000000,0,2,0x00,0x00,0x00,#000000
7.564469810000000,0,3,0x00,0x00,0x00,#000000
7.564497500000000,0,4,0x00,0x00,0x00,#000000
7.564525190000000,0,5,0x00,0x00,0x00,#000000
7.564552890000000,0,6,0x00,0x00,0x00,#000000
7.564580580000000,0,7,0x00,0x00,0x00,#000000
7.564608270000000,0,8,0x00,0x00,0x00,#000000
7.564635970000000,0,9,0x00,0x00,0x00,#000000
7.564663660000000,0,10,0x00,0x00,0x00,#000000
7.564691350000000,0,11,0x00,0x00,0x00,#000000
7.564719050000000,0,12,0x00,0x00,0x00,#000000
7.564746740000000,0,13,0x00,0x00,0x00,#000000
7.564774430000000,0,14,0x00,0x00,0x00,#000000
7.564802130000000,0,15,0x00,0x00,0x00,#000000
7.575294700000000,0,0,0x01,0x00,0x00,#010000
7.575322390000000,0,1,0x00,0x00,0x00,#000000
7.575350090000000,0,2,0x00,0x00,0x00,#000000
7.575377780000000,0,3,0x00,0x00,0x00,#000000
7.575405470000000,0,4,0x00,0x00,0x00,#000000
7.575433170000000,0,5,0x00,0x00,0x00,#000000
7.575460860000000,0,6,0x00,0x00,0x00,#000000
7.575488550000000,0,7,0x00,0x00,0x00,#000000
7.575516240000000,0,8,0x00,0x00,0x00,#000000
7.575543940000000,0,9,0x00,0x00,0x00,#000000
7.575571630000000,0,10,0x00,0x00,0x00,#000000
7.575599330000000,0,11,0x00,0x00,0x00,#000000
7.575627010000000,0,12,0x00,0x00,0x00,#000000
7.575654710000000,0,13,0x00,0x00,0x00,#000000
7.575682400000000,0,14,0x00,0x00,0x00,#000000
7.575710100000000,0,15,0x00,0x00,0x00,#000000
7.586404450000000,0,0,0x01,0x00,0x00,#010000
7.586432150000000,0,1,0x00,0x00,0x00,#000000
7.586459840000000,0,2,0x00,0x00,0x00,#000000
7.586487530000000,0,3,0x00,0x00,0x00,#000000
7.586515230000000,0,4,0x00,0x00,0x00,#000000
7.586542920000000,0,5,0x00,0x00,0x00,#000000
7.586570610000000,0,6,0x00,0x00,0x00,#000000
7.586598310000000,0,7,0x00,0x00,0x00,#000000
7.586626000000000,0,8,0x00,0x00,0x00,#000000
7.586653690000000,0,9,0x00,0x00,0x00,#000000
7.586681380000000,0,10,0x00,0x00,0x00,#000000
7.586709080000000,0,11,0x00,0x00,0x00,#000000
7.586736770000000,0,12,0x00,0x00,0x00,#000000
7.586764460000000,0,13,0x00,0x00,0x00,#000000
7.586792150000000,0,14,0x00,0x00,0x00,#000000
7.586819850000000,0,15,0x00,0x00,0x00,#000000
7.597393580000000,0,0,0x01,0x00,0x00,#010000
7.597421270000000,0,1,0x00,0x00,0x00,#000000
7.597448960000000,0,2,0x00,0x00,0x00,#000000
7.597476660000000,0,3,0x00,0x00,0x00,#000000
7.597504350000000,0,4,0x00,0x00,0x00,#000000
7.597532050000000,0,5,0x00,0x00,0x00,#000000
7.597559730000000,0,6,0x00,0x00,0x00,#000000
7.597587430000000,0,7,0x00,0x00,0x00,#000000
7.597615120000000,0,8,0x00,0x00,0x00,#000000
7.597642820000000,0,9,0x00,0x00,0x00,#000000
7.597670510000000,0,10,0x00,0x00,0x00,#000000
7.597698200000000,0,11,0x00,0x00,0x00,#000000
7.597725890000000,0,12,0x00,0x00,0x00,#000000
7.597753590000000,0,13,0x00,0x00,0x00,#000000
7.597781280000000,0,14,0x00,0x00,0x00,#000000
7.597808970000000,0,15,0x00,0x00,0x00,#000000
7.608295540000000,0,0,0x01,0x00,0x00,#010000
7.608323230000000,0,1,0x00,0x00,0x00,#000000
7.608350930000000,0,2,0x00,0x00,0x00,#000000
7.608378620000000,0,3,0x00,0x00,0x00,#000000
7.608406310000000,0,4,0x00,0x00,0x00,#000000
7.608434000000000,0,5,0x00,0x00,0x00,#000000
7.608461700000000,0,6,0x00,0x00,0x00,#000000
7.608489390000000,0,7,0x00,0x00,0x00,#000000
7.608517080000000,0,8,0x00,0x00,0x00,#000000
7.608544780000000,0,9,0x00,0x00,0x00,#000000
7.608572470000000,0,10,0x00,0x00,0x00,#000000
7.608600160000000,0,11,0x00,0x00,0x00,#000000
7.608627850000000,0,12,0x00,0x00,0x00,#000000
7.608655550000000,0,13,0x00,0x00,0x00,#000000
7.608683240000000,0,14,0x00,0x00,0x00,#000000
7.608710940000000,0,15,0x00,0x00,0x00,#000000
7.619412070000000,0,0,0x01,0x00,0x00,#010000
7.619439770000000,0,1,0x00,0x00,0x00,#000000
7.619467460000000,0,2,0x00,0x00,0x00,#000000
7.619495150000000,0,3,0x00,0x00,0x00,#000000
7.619522840000000,0,4,0x00,0x00,0x00,#000000
7.619550540000000,0,5,0x00,0x00,0x00,#000000
7.619578230000000,0,6,0x00,0x00,0x00,#000000
7.619605920000000,0,7,0x00,0x00,0x00,#000000
7.619633610000000,0,8,0x00,0x00,0x00,#000000
7.619661310000000,0,9,0x00,0x00,0x00,#000000
7.619689000000000,0,10,0x00,0x00,0x00,#000000
7.619716700000000,0,11,0x00,0x00,0x00,#000000
7.619744390000000,0,12,0x00,0x00,0x00,#000000
7.619772080000000,0,13,0x00,0x00,0x00,#000000
7.619799770000000,0,14,0x00,0x00,0x00,#000000
7.619827470000000,0,15,0x00,0x00,0x00,#000000
7.630395330000000,0,0,0x01,0x00,0x00,#010000
7.630423030000000,0,1,0x00,0x00,0x00,#000000
7.630450720000000,0,2,0x00,0x00,0x00,#000000
7.630478410000000,0,3,0x00,0x00,0x00,#000000
7.630506100000000,0,4,0x00,0x00,0x00,#000000
7.630533800000000,0,5,0x00,0x00,0x00,#000000
7.630561490000000,0,6,0x00,0x00,0x00,#000000
7.630589180000000,0,7,0x00,0x00,0x00,#000000
7.630616870000000,0,8,0x00,0x00,0x00,#000000
7.630644570000000,0,9,0x00,0x00,0x00,#000000
7.630672260000000,0,10,0x00,0x00,0x00,#000000
7.630699950000000,0,11,0x00,0x00,0x00,#000000
7.630727650000000,0,12,0x00,0x00,0x00,#000000
7.630755340000000,0,13,0x00,0x00,0x00,#000000
7.630783030000000,0,14,0x00,0x00,0x00,#000000
7.630810730000000,0,15,0x00,0x00,0x00,#000000
7.641865290000000,0,0,0x01,0x00,0x00,#010000
7.641892980000000,0,1,0x00,0x00,0x00,#000000
7.641920670000000,0,2,0x00,0x00,0x00,#000000
7.641948360000000,0,3,0x00,0x00,0x00,#000000
7.641976060000000,0,4,0x00,0x00,0x00,#000000
7.642003750000000,0,5,0x00,0x00,0x00,#000000
7.642031450000000,0,6,0x00,0x00,0x00,#000000
7.642059140000000,0,7,0x00,0x00,0x00,#000000
7.642086830000000,0,8,0x00,0x00,0x00,#000000
7.642114520000000,0,9,0x00,0x00,0x00,#000000
7.642142220000000,0,10,0x00,0x00,0x00,#000000
7.642169910000000,0,11,0x00,0x00,0x00,#000000
7.642197600000000,0,12,0x00,0x00,0x00,#000000
7.642225290000000,0,13,0x00,0x00,0x00,#000000
7.642252990000000,0,14,0x00,0x00,0x00,#000000
7.642280680000000,0,15,0x00,0x00,0x00,#000000
7.652402050000000,0,0,0x01,0x00,0x00,#010000
7.652429730000000,0,1,0x00,0x00,0x00,#000000
7.652457430000000,0,2,0x00,0x00,0x00,#000000
7.652485120000000,0,3,0x00,0x00,0x00,#000000
7.652512820000000,0,4,0x00,0x00,0x00,#000000
7.652540510000000,0,5,0x00,0x00,0x00,#000000
7.652568200000000,0,6,0x00,0x00,0x00,#000000
7.652595900000000,0,7,0x00,0x00,0x00,#000000
7.652623590000000,0,8,0x00,0x00,0x00,#000000
7.652651280000000,0,9,0x00,0x00,0x00,#000000
7.652678970000000,0,10,0x00,0x00,0x00,#000000
7.652706670000000,0,11,0x00,0x00,0x00,#000000
7.652734360000000,0,12,0x00,0x00,0x00,#000000
7.652762060000000,0,13,0x00,0x00,0x00,#000000
7.652789740000000,0,14,0x00,0x00,0x00,#000000
7.652817440000000,0,15,0x00,0x00,0x00,#000000
7.663391850000000,0,0,0x01,0x00,0x00,#010000
7.663419530000000,0,1,0x00,0x00,0x00,#000000
7.663447230000000,0,2,0x00,0x00,0x00,#000000
7.663474920000000,0,3,0x00,0x00,0x00,#000000
7.663502620000000,0,4,0x00,0x00,0x00,#000000
7.663530310000000,0,5,0x00,0x00,0x00,#000000
7.663558000000000,0,6,0x00,0x00,0x00,#000000
7.663585690000000,0,7,0x00,0x00,0x00,#000000
7.663613390000000,0,8,0x00,0x00,0x00,#000000
7.663641080000000,0,9,0x00,0x00,0x00,#000000
7.663668770000000,0,10,0x00,0x00,0x00,#000000
7.663696460000000,0,11,0x00,0x00,0x00,#000000
7.663724160000000,0,12,0x00,0x00,0x00,#000000
7.663751850000000,0,13,0x00,0x00,0x00,#000000
7.663779540000000,0,14,0x00,0x00,0x00,#000000
7.663807240000000,0,15,0x00,0x00,0x00,#000000
